SMILES,CID,real_space,SCR,BB,extended_real_space
O=C(CCl)N(c1ccccc1)C1C=CS(=O)(=O)C1,AAR-POS-0daf6b7e-1,False,Z4167712027,EN300-10649,False
CC(NC(=O)CCl)c1cccc(Cl)c1,AAR-POS-0daf6b7e-10,Z56347161,Z56347161,EN300-10100,m_270062____7595652____8147258
O=C(CCl)Nc1cccc(N2CCCC2=O)c1,AAR-POS-0daf6b7e-11,Z199423638,False,EN300-24592,m_270062____7596708____8147258
O=C(CCl)N1CCN(Cc2ccc(Br)s2)CC1,AAR-POS-0daf6b7e-12,Z1562119730,Z147647732,False,m_270062____7595866____8147258
O=C(CCl)N1CCN(Cc2ccsc2)CC1,AAR-POS-0daf6b7e-13,Z1562120350,False,False,m_270062____7596486____8147258
O=C(CCl)N1Cc2ccccc2C(c2ccccc2)C1,AAR-POS-0daf6b7e-14,Z1562121928,Z1562121928,EN300-47567,m_270062____7606322____8147258
O=C(CCl)N1CCN(S(=O)(=O)c2ccc(Cl)s2)CC1,AAR-POS-0daf6b7e-15,Z210803702,Z147647636,EN300-22857,m_270062____7598600____8147258
O=C(CCl)N1CCN(C(=O)c2cccs2)CC1,AAR-POS-0daf6b7e-16,Z85921967,Z85921967,EN300-12754,m_270062____7598704____8147258
O=C(CCl)N1CCN(Cc2cccs2)CC1,AAR-POS-0daf6b7e-17,Z1562120010,False,False,m_270062____7596146____8147258
COc1ccc(N2CCN(C(=O)CCl)CC2)cc1,AAR-POS-0daf6b7e-18,False,Z3868911917,EN300-34209,False
CC(C)N(C)C(=O)C1CCN(C(=O)CCl)CC1,AAR-POS-0daf6b7e-19,False,Z561717446,EN300-47990,False
O=C(CCl)N1CCN(Cc2ccc(Cl)s2)CC1,AAR-POS-0daf6b7e-2,Z1562119728,Z147647730,False,False
O=C(CCl)Nc1cccnc1Cl,AAR-POS-0daf6b7e-20,Z56827284,Z56827284,EN300-01809,m_270062____7627928____8147258
CC(=O)N1CCN(C(=O)CCl)CC1,AAR-POS-0daf6b7e-21,Z56886547,Z56886547,EN300-04558,m_270062____7594792____8147258
Cn1ccc(C(=O)NC[C@@H]2CCCO2)n1,AAR-POS-0daf6b7e-23,False,Z275152614,False,s_22____11950580____2989518
O=S1(=O)CC(O)C1,AAR-POS-0daf6b7e-24,False,False,EN300-76054,False
Oc1ccccc1CNc1nc2ccccc2[nH]1,AAR-POS-0daf6b7e-25,False,Z1587220559,False,s_27____2391918____644822
CC1C(O)CCCN1Cc1ccccc1,AAR-POS-0daf6b7e-26,False,Z2217052426,EN300-223218,False
c1cnc(N2CCC3(CCOC3)C2)cn1,AAR-POS-0daf6b7e-27,Z1401276297,Z1401276297,FCH7553088,s_27____7024750____61008
c1ccc(SCCN2CCOCC2)cc1,AAR-POS-0daf6b7e-28,Z57600778,Z2856434865,False,s_2230____665308____5062376
Clc1cccc(CN2CCOCC2)c1,AAR-POS-0daf6b7e-29,Z54747696,Z2856434856,BBV-40192548,s_2230____665308____666294
Cc1ccc(C)c(S(=O)(=O)N2CCN(C(=O)CCl)CC2)c1,AAR-POS-0daf6b7e-3,Z166605410,Z166605410,EN300-22818,m_270062____7595242____8147258
OCC1CN(Cc2ccccc2)CCO1,AAR-POS-0daf6b7e-30,False,Z1123700045,EN300-69999,False
COC(=O)c1cccc(NS(C)(=O)=O)c1,AAR-POS-0daf6b7e-31,Z24758179,Z24758179,EN300-318985,s_276436____14076652____14086514
NC(=O)C1CCN(C(=O)Nc2ccccc2)CC1,AAR-POS-0daf6b7e-32,False,Z33545544,False,False
CC(=O)Nc1ccc(Oc2ncccn2)cc1,AAR-POS-0daf6b7e-33,Z54571979,Z54571979,False,s_27____61552____12102082
CCNCc1cn(C)nn1,AAR-POS-0daf6b7e-34,False,Z1013717730,EN300-130939,False
COC(=O)Nc1sc(C)nc1-c1ccccc1,AAR-POS-0daf6b7e-35,False,Z979145504,False,False
Fc1cccc(CNCc2ccco2)c1,AAR-POS-0daf6b7e-36,Z137485338,Z137485338,False,s_207____109483____109761
Oc1ccccn1,AAR-POS-0daf6b7e-37,False,Z1245646663,EN300-21469,False
CC1CN(C(=O)Cn2cccn2)CCO1,AAR-POS-0daf6b7e-38,Z217038356,Z217038356,FCH7551166,s_22____211578____152169
CS(=O)(=O)Cc1nc2ccccc2[nH]1,AAR-POS-0daf6b7e-39,False,Z126932614,EN300-15256,False
COc1cccc2sc(NC(=O)CCl)nc12,AAR-POS-0daf6b7e-4,False,Z1562137054,False,False
CC(C)N(C)c1ncnc2c1cnn2C,AAR-POS-0daf6b7e-40,Z328695024,Z328695024,FCH7487083,s_27____517228____216717
NC(=O)c1ccc(NC(=O)[C@@H]2CCCO2)cc1,AAR-POS-0daf6b7e-41,Z1545313172,Z1545313172,False,s_22____57801____7944570
Nc1ccc(S(=O)(=O)Nc2ccccn2)cc1,AAR-POS-0daf6b7e-42,False,Z104492884,EN300-21145,False
O=C(c1ccc2c(c1)OCO2)N1CCCCCC1,AAR-POS-0daf6b7e-43,Z31432226,Z31432226,False,s_22____57673____58981
CN1CCN(C(=O)Nc2ccccc2)CC1,AAR-POS-0daf6b7e-44,False,Z2856434890,False,s_2430____737066____740802
CC(=O)NCc1ccc(S(N)(=O)=O)cc1,AAR-POS-0daf6b7e-45,False,Z30932204,EN300-13273,False
Cc1cc(F)ccc1CS(N)(=O)=O,AAR-POS-0daf6b7e-46,False,Z959357244,EN300-177934,False
O=C(NC1CCN(C(=O)CCl)CC1)c1ccccc1,AAR-POS-0daf6b7e-5,Z291278940,Z291278940,EN300-48799,m_270062____7618486____8147258
O=C(Nc1ccccc1O)C1CCN(C(=O)CCl)CC1,AAR-POS-0daf6b7e-6,Z291278934,Z291278934,EN300-36856,m_270062____16424400____8147258
Cc1ccc(N(C(=O)CCl)C2C=CS(=O)(=O)C2)cc1,AAR-POS-0daf6b7e-7,Z1258919507,Z1258919507,EN300-86119,False
O=C(CCl)N(c1ccc(F)cc1)C1C=CS(=O)(=O)C1,AAR-POS-0daf6b7e-8,False,Z1258919512,EN300-86123,False
O=C(CCl)N1CCC(C(=O)N2CCCCC2)CC1,AAR-POS-0daf6b7e-9,False,Z291278798,EN300-46675,False
CS(=O)(=O)c1ccc(N2CCNCC2)cc1,AAR-POS-5507155c-1,False,False,EN300-1990143,s_270166____8734306____16818454
N=C(S)c1ncccn1,AAR-POS-5507155c-3,False,False,EN300-44187,False
N=C(S)c1ncc[nH]1,AAR-POS-5507155c-4,False,False,EN300-378593,False
CCN(Cc1cccc(-c2ccncc2)c1)C(=O)Cn1nnc2ccccc21,AAR-POS-8a4e0f60-1,Z1260533612,False,False,False
O=C(Cn1nnc2ccccc21)NCc1ccc(Oc2cccnc2)c(F)c1,AAR-POS-8a4e0f60-10,Z826180044,False,False,s_22____1723102____13206668
CCN(Cc1cccc(-c2ccncc2)c1)C(=O)Cc1noc2ccccc12,AAR-POS-8a4e0f60-2,Z1260535907,False,False,False
O=C(NCc1noc2ccccc12)N(Cc1cccs1)c1ccc(F)cc1,AAR-POS-8a4e0f60-3,False,False,False,s_272164____9388766____17338746
CCOCC(=O)NCc1ccc(CNC(=O)Cn2nnc3ccccc32)cc1,AAR-POS-8a4e0f60-4,False,False,False,m_275592____14114838____13186948____15862234
COc1cc(OC)cc(Oc2ccc(CNC(=O)Cn3nnc4ccccc43)cc2)c1,AAR-POS-8a4e0f60-6,Z2044672392,False,False,s_22____9964822____13206668
CN(C(=O)Cn1nnc2ccccc21)c1ccc(Oc2ccc(C(F)(F)F)cn2)cc1,AAR-POS-8a4e0f60-7,Z1207302574,False,False,False
CN(Cc1ccc(OCc2cccs2)cc1)C(=O)Cn1nnc2ccccc21,AAR-POS-8a4e0f60-8,Z929497546,False,False,False
CN(C(=O)Cc1noc2ccccc12)c1ccc(NC(=O)OC(C)(C)C)cc1,AAR-POS-8a4e0f60-9,Z2721856533,False,False,s_22____12335866____132823
CS(=O)(=O)NCCc1ccccc1,AAR-POS-d2a4d1df-1,False,Z45617795,False,False
O=C(NCCc1ccncc1)c1ccccc1F,AAR-POS-d2a4d1df-10,Z1310876699,Z1310876699,False,s_22____1155120____58903
O=C(Nc1ccccc1)Nc1cccnc1,AAR-POS-d2a4d1df-11,Z44592329,Z44592329,FCH1671103,s_2430____881164____4862808
O=C(NCCc1ccncc1)NC1CCCCC1,AAR-POS-d2a4d1df-12,Z111507846,Z111507846,False,s_2554____7119254____788510
O=C(CC1CCCCC1)Nc1cccnc1,AAR-POS-d2a4d1df-13,Z31792168,Z31792168,False,s_22____57778____59992
NS(=O)(=O)c1ccc(Br)cc1,AAR-POS-d2a4d1df-15,False,Z45415551,EN300-15716,False
CCC(=N)N,AAR-POS-d2a4d1df-17,False,Z1741969146,BBV-087778,False
Nc1cncnc1,AAR-POS-d2a4d1df-18,False,False,EN300-139664,False
N#Cc1ccc(N2CCCOCC2)cn1,AAR-POS-d2a4d1df-19,Z1348371854,Z1348371854,False,s_27____6727012____6671606
CC(=O)NCCc1c[nH]c2ccc(F)cc12,AAR-POS-d2a4d1df-2,Z1220452176,Z1220452176,FCH2718881,s_22____9631354____58844
CN1CCN(C(=O)Cc2c[nH]c3ncccc23)CC1,AAR-POS-d2a4d1df-20,Z1400780201,Z1400780201,False,s_22____57674____7024784
N#Cc1ccc(CNC(=O)N2CCOCC2)cc1,AAR-POS-d2a4d1df-21,Z509756472,Z509756472,False,s_2708____5145026____908984
O=C(CCl)N1CCN(S(=O)(=O)c2cccs2)CC1,AAR-POS-d2a4d1df-22,Z212045150,False,EN300-23037,False
O=C(CCl)N1CCN(S(=O)(=O)c2cccc(F)c2)CC1,AAR-POS-d2a4d1df-23,Z147647642,False,EN300-22860,False
Cc1cccc(CN2CCN(C(=O)CCl)CC2)c1,AAR-POS-d2a4d1df-24,Z57052860,Z2327570071,EN300-11568,m_270062____7595856____8147258
Cc1ccc(C(=O)N2CCN(C(=O)CCl)CC2)cc1,AAR-POS-d2a4d1df-25,Z1562125490,Z561892132,EN300-48205,m_270062____7601626____8147258
O=C(CCl)NNC(=O)c1cc2c(s1)CCCC2,AAR-POS-d2a4d1df-26,False,Z57055796,EN300-11652,False
Cc1ccc(S(=O)(=O)N2CCN(C(=O)CCl)CC2)cc1,AAR-POS-d2a4d1df-27,Z55928785,Z55928785,EN300-08171,False
O=C(CCl)N1CCN(c2ccccc2[N+](=O)[O-])CC1,AAR-POS-d2a4d1df-28,False,False,False,m_270062____7595420____8147258
O=C(CCl)N1CCN(C(=O)c2ccco2)CC1,AAR-POS-d2a4d1df-29,Z56896179,Z56896179,EN300-01858,m_270062____7594928____8147258
CC(=O)Nc1cnccc1C,AAR-POS-d2a4d1df-3,False,Z1129283193,EN300-303896,s_22____3391102____58844
O=C(CCl)N1CCCC(c2nc3ccccc3s2)C1,AAR-POS-d2a4d1df-30,Z169511924,Z147647764,EN300-22970,m_270062____7595742____8147258
O=C(CCl)NCc1ccc2c(c1)OCO2,AAR-POS-d2a4d1df-31,Z56889407,Z56889407,EN300-01658,m_270062____7594680____8147258
O=C(CCl)N1CCN(S(=O)(=O)c2c(F)cccc2F)CC1,AAR-POS-d2a4d1df-32,Z212045114,False,EN300-22862,False
O=C(CCl)N1CCOC(c2ccc(F)cc2)C1,AAR-POS-d2a4d1df-33,Z561263734,Z561263734,EN300-47155,m_270062____7598948____8147258
O=C(CCl)N1CCN(S(=O)(=O)c2ccccc2F)CC1,AAR-POS-d2a4d1df-34,Z212045176,Z147647392,EN300-22584,False
O=C(CCl)N1CCN(Cc2cccc(Cl)c2)CC1,AAR-POS-d2a4d1df-35,Z1562119726,Z147647726,False,m_270062____7595862____8147258
Cc1ccc(S(=O)(=O)N2CCN(C(=O)CCl)CC2)c(C)c1,AAR-POS-d2a4d1df-36,Z56949588,Z56949588,EN300-17538,False
N#Cc1ccccc1S(=O)(=O)N1CCN(C(=O)CCl)CC1,AAR-POS-d2a4d1df-37,Z169512080,Z169512080,EN300-22719,False
O=C(CCl)Nc1cccc(C(=O)N2CCSCC2)c1,AAR-POS-d2a4d1df-38,Z959250156,Z959250156,EN300-61073,m_270062____7609902____8147258
CC(NC(=O)CCl)c1cccc2ccccc12,AAR-POS-d2a4d1df-39,Z147651784,Z147651784,EN300-23213,m_270062____7595774____8147258
CN1CCCc2ccc(S(N)(=O)=O)cc21,AAR-POS-d2a4d1df-4,False,Z1333043510,EN300-99880,s_2230____7463156____680298
O=C(CCl)N1CCN(Cc2cccc3ccccc23)CC1,AAR-POS-d2a4d1df-40,False,False,False,m_270062____7596080____8147258
Cc1ccccc1CN1CCCN(C(=O)CCl)CC1,AAR-POS-d2a4d1df-41,Z1562124952,Z2327570068,False,m_270062____7601088____8147258
O=C(CCl)N1CCN(S(=O)(=O)c2ccc(Cl)cc2)CC1,AAR-POS-d2a4d1df-44,Z56949574,Z56949574,EN300-08173,m_270062____7595236____8147258
CCNc1ccc(C#N)cn1,AAR-POS-d2a4d1df-5,False,Z219104216,EN300-36248,False
Cc1ccc(OCC(=O)N2CCN(C)CC2)cc1,AAR-POS-d2a4d1df-6,Z31432917,Z2856434836,EN300-6718559,s_22____57674____60027
OC1CCN(Cc2ccsc2)CC1,AAR-POS-d2a4d1df-7,Z1262433643,Z2856434899,EN300-91632,s_2230____679016____12876094
Cc1nnc(CN2CCC=C(F)C2)s1,AAR-POS-d2a4d1df-8,Z1619978933,Z1619978933,False,s_2230____8251980____8265382
Cc1cc(CN(C)C(=O)NC2CC2)no1,AAR-POS-d2a4d1df-9,Z369936976,Z369936976,FCH7543737,s_2554____902450____788504
CS(=O)(=O)c1ccc(N2CCNCC2)cc1,AAR-POS-f650c5f2-1,False,False,EN300-1990143,s_270166____8734306____16818454
N#Cc1ncc[nH]1,AAR-POS-f650c5f2-2,False,Z1198180312,EN300-102606,False
N#Cc1ncccn1,AAR-POS-f650c5f2-3,False,Z441820390,EN300-43565,False
CC(C)=C1CC[C@@H](C)CC1=O,AAR-POS-fca48359-17,False,False,EN300-6479323,False
CC(C(=O)O)c1ccc2c(c1)[nH]c1ccc(Cl)cc12,AAR-POS-fca48359-19,False,Z1814381791,EN300-120629,False
CC(C(=O)O)c1ccc2c(c1)[nH]c1ccc(Cl)cc12,AAR-POS-fca48359-20,False,Z1814381791,EN300-120629,False
O=C(O)C1=CC(O)C(O)C(O)C1,AAR-POS-fca48359-21,False,False,EN300-208879,False
CC(=O)N1CCC(C(=O)N2CCC(Cc3ccccc3)CC2)CC1,AAR-POS-fca48359-5,Z30161996,False,False,s_22____57765____60828
O=C(CCl)N1CCN(S(=O)(=O)c2ccc(F)c(F)c2)CC1,ABB-MCD-f8003a30-1,Z199040726,Z199040726,EN300-22578,False
COc1ccc2[nH]cc(CCNC(C)=O)c2c1,ALE-ACE-2610ee4d-1,False,Z1191880499,EN300-6486827,s_22____4839448____58844
Cc1ccncc1NC(=O)Nc1ccccc1,ALE-HEI-f28a35b5-1,Z1130395550,False,False,s_2430____7867050____4862808
CN1CCN(C(=O)Nc2cccnc2)CC1,ALE-HEI-f28a35b5-16,Z166701880,False,FCH13488461,s_2430____881164____740802
Cc1ccncc1NC(=O)N1CCN(C)CC1,ALE-HEI-f28a35b5-17,Z1531408828,False,False,s_2430____7867050____740802
Cc1nnc(CC(=O)Nc2cnccc2C)s1,ALE-HEI-f28a35b5-3,Z2627791575,False,False,False
Cc1ccncc1NC(=O)CC1CCCCC1,ALE-HEI-f28a35b5-6,Z1129284100,False,False,s_22____3391102____59992
Cc1ccncc1NC(=O)NC1CCCCC1,ALE-HEI-f28a35b5-7,Z1531420463,False,False,s_2430____7867050____740834
O=C(Nc1cccnc1)NC1CCCCC1,ALE-HEI-f28a35b5-8,Z44592328,Z44592328,False,s_2430____881164____740834
O=C(CC1CCCCC1)Nc1cccnc1,ALE-HEI-f28a35b5-9,Z31792168,Z31792168,False,s_22____57778____59992
CC(=O)N1CCN(S(=O)(=O)c2cc(F)cc(F)c2)CC1,ALE-MCD-a1893bfb-1,Z192950298,False,False,s_40____79524____153317
Cc1cccc(C)c1OCC(=O)N[C@@H](Cc1ccccc1)[C@@H](O)C[C@H](Cc1ccccc1)NC(=O)[C@H](C(C)C)N1CCCNC1=O,ALE-UNK-fca05062-1,False,False,EN300-7402887,False
CC(C)c1nc(CN(C)C(=O)N[C@H](C(=O)N[C@@H](Cc2ccccc2)C[C@H](O)[C@H](Cc2ccccc2)NC(=O)OCc2cncs2)C(C)C)cs1,ALE-UNK-fca05062-2,False,False,EN300-119505,False
Cc1cccc(C)c1OCC(=O)NCCc1ccccc1,ALE-UNK-fca05062-3,Z26348840,False,False,False
O=C(COc1ccccc1)NCCc1ccccc1,ALE-UNK-fca05062-4,Z19735885,False,False,False
CCC(C)NC(=O)COc1c(C)cccc1C,ALE-UNK-fca05062-5,Z26349036,False,False,s_22____57678____60150
CCCC(=O)NC(CC)Cc1ccccc1,ALE-UNK-fca05062-6,Z57156886,False,FCH9216167,s_22____3066664____58866
CCCCCC(C)NC(=O)COc1ccccc1,ALE-UNK-fca05062-7,Z54334314,False,False,s_22____505536____58945
CCCC(C)NC(=O)COc1ccccc1,ALE-UNK-fca05062-8,Z19735469,False,False,s_22____888978____58945
CCCNC(=O)C(C)NC(=O)N(C)Cc1csc(C)n1,ALE-UNK-fca05062-9,False,Z900735246,False,s_512____13589508____2164448
Cc1ccncc1NC(=O)Cc1cccc(F)c1,ALP-POS-95b75b4d-1,False,False,False,s_22____3391102____59991
Cc1ccncc1NC(=O)Cc1cccc(O)c1,ALP-POS-95b75b4d-2,False,False,False,s_22____3391102____8593040
Cc1ccncc1NC(=O)Cc1cccc(C(F)(F)F)c1,ALP-POS-95b75b4d-3,False,False,False,s_22____3391102____59036
Cc1ccncc1NC(=O)Cc1cccc(C2CC2)c1,ALP-POS-95b75b4d-4,False,False,False,s_22____3391102____10965736
O=C(Cc1cccc(Cl)c1)Nc1cnccc1O,ALP-POS-95b75b4d-6,False,False,False,s_22____2991078____3020518
Cc1ccnc(NC(=O)Cc2ccc3ccccc3c2)c1,ALV-UNI-7ff1a6f9-45,Z71390073,Z71390073,False,s_22____803636____60794
O=C(Cc1ccc2ccccc2c1)Nc1cc(C(F)(F)F)ccn1,ALV-UNI-7ff1a6f9-46,Z1631501979,False,False,s_22____10949752____60794
COc1ccnc(NC(=O)Cc2ccc3ccccc3c2)c1,ALV-UNI-7ff1a6f9-47,Z1535580916,False,False,s_22____7914310____60794
N#Cc1ccc(NC(=O)Nc2cccnc2)cc1,ANN-UNI-26382800-3,Z195735586,Z195735586,False,s_487____210243____490616
N#Cc1cccc(NC(=O)Nc2cccnc2)c1,ANN-UNI-26382800-4,Z195739680,Z195739680,False,s_487____210243____768430
N#Cc1cccc(CC(=O)Nc2cccnc2)c1,ANN-UNI-26382800-5,Z1343543528,False,False,s_22____57778____6586228
COc1cccc(NC(=O)Nc2cccc(C#N)c2)c1,ANN-UNI-26382800-6,Z641273092,False,False,s_2430____737350____4862812
N#Cc1ccccc1NC(=O)Cc1cccnc1,ANT-DIA-3c79be55-2,Z1172500933,False,False,s_11____51736____7459854
CS(=O)(=O)Cc1ccc(C(=O)Nc2cccnc2)o1,ANT-DIA-3c79be55-4,Z995832158,False,False,False
CS(=O)(=O)NCCc1cccnc1,ANT-DIA-b7f58f21-1,False,Z300622420,False,False
CC(=O)NCCc1ccccc1,ANT-DIA-b7f58f21-4,False,False,BBV-39132223,False
CS(=O)(=O)NCCc1cscn1,ANT-DIA-b7f58f21-5,False,False,BBV-39159100,False
COc1cc(NC(=O)C(=O)Nc2cc(OC)c(OC)c(OC)c2)cc(OC)c1OC,ANT-LOU-17aa1493-2,Z62468012,False,False,s_2718____9145054____867058
CNS(=O)(=O)Cc1ccc2[nH]cc(CCN(C)C)c2c1,ANT-OPE-47f3bb65-1,False,False,EN300-123008,False
CC(=O)N1CCN(S(=O)(=O)c2cccc(-c3ccccc3)c2)CC1,ANT-OPE-7824651a-2,Z2068569582,False,False,s_40____79524____10159052
CCC(=O)NCC[C@@H]1CCc2ccccc21,ANT-OPE-7c194559-1,Z2282823915,False,False,False
CN(C)C/C=C/C(=O)Nc1c[nH]c2ccccc12,ANT-OPE-ab37bd51-1,False,False,False,s_22____13422042____17039346
C=CC(=O)N1CCCN(Cc2ccccc2)CC1,ANT-OPE-c0c3e7cc-1,Z1937798708,False,BBV-75802684,m_273270____13660214____10884640
CO[C@@H]1C[C@@H](COc2cccnc2)N(c2ncccn2)C1,AUS-ARG-7cfdce8f-1,False,Z2052657402,False,False
Fc1ccc(Oc2nc(-c3cccnc3)nc3ccccc23)c(Cl)c1,AUS-ARG-7cfdce8f-10,False,Z31232563,False,s_27____61306____61058
O=C(CC(c1ccccc1)c1ccccc1)Nc1cccnc1,AUS-ARG-7cfdce8f-11,Z31791938,Z31791938,False,s_22____57778____59120
Cc1nn(-c2ccc(C(F)(F)F)cn2)c(C)c1CC(=O)NC(C)c1cccc(F)c1,AUS-ARG-7cfdce8f-12,False,Z450352438,False,False
O=C(NCCC(c1ccccc1)c1ccccc1)c1cnccn1,AUS-ARG-7cfdce8f-13,Z26816560,Z26816560,False,s_22____58044____58975
Cc1nn(-c2ccc(C(F)(F)F)cn2)c(C)c1CC(=O)NCc1ccc(Cl)cc1,AUS-ARG-7cfdce8f-14,False,Z444805898,False,False
O=S1(=O)CCC(N2CCN(c3nc(-c4cccnc4)nc4ccccc34)CC2)C1,AUS-ARG-7cfdce8f-15,Z90167687,Z90167687,False,s_27____115719____61058
c1cncc(-c2nc(Oc3ccc4ccccc4c3)c3ccccc3n2)c1,AUS-ARG-7cfdce8f-16,False,Z31222567,False,s_27____61255____61058
CO[C@@H]1C[C@@H](c2nc(C)c(C)[nH]2)N(S(=O)(=O)c2cccnc2)C1,AUS-ARG-7cfdce8f-17,Z2383198541,Z2383198541,False,False
c1cnc2nc(SCCC34CC5CC(CC(C5)C3)C4)nn2c1,AUS-ARG-7cfdce8f-18,False,Z215364618,False,False
COc1ccc(C2CC(C)N(S(=O)(=O)c3cccnc3)C2)cc1,AUS-ARG-7cfdce8f-2,False,Z1241530720,False,False
COc1ccc2c(c1)CCCC2CNc1cn[nH]c(=O)c1Cl,AUS-ARG-7cfdce8f-3,Z1696269753,Z1696269753,False,s_27____8846658____116524
COc1ccc2[nH]cc(C3CCN(C(C)c4cnccn4)CC3)c2c1,AUS-ARG-7cfdce8f-4,Z1699712075,Z1699712075,False,False
Cc1cc2ncn(-c3nc(-c4cccnc4)nc4ccccc34)c2cc1C,AUS-ARG-7cfdce8f-5,False,Z31160277,False,False
Cc1ccc(-c2n[nH]cc2CNCc2cccnc2)cc1,AUS-ARG-7cfdce8f-6,False,Z211321020,False,s_207____109455____205098
Cc1ccc(Oc2nc(-c3cccnc3)nc3ccccc23)cc1C,AUS-ARG-7cfdce8f-7,False,Z31237501,False,s_27____61330____61058
Cc1nc(C2Nc3ccccc3C(=O)N2Cc2cccnc2)cs1,AUS-ARG-7cfdce8f-8,Z951208878,Z951208878,False,s_66____2307440____131942
Fc1ccc(Oc2nc(-c3cccnc3)nc3ccccc23)c(Br)c1,AUS-ARG-7cfdce8f-9,False,Z31117525,False,s_27____61696____61058
CCN(CC)c1ccc(CNC(=O)Nn2cnc3ccccc32)cc1,BAR-COM-0f94fc3d-10,Z753334946,False,False,s_512____211527____1201112
O=C(Cc1cc(Cl)cc(Cl)c1)Nn1cnc2ccccc21,BAR-COM-0f94fc3d-12,s_22____294368____12305212,False,False,s_22____294368____12305212
Cc1ccc(O)cc1NC(=O)C(C)(C)c1cccc(F)c1,BAR-COM-0f94fc3d-13,s_22____12302034____5136638,False,False,s_22____12302034____5136638
Cc1cn(CC(=O)Nc2cncc(Cl)c2Cl)c2ccccc12,BAR-COM-0f94fc3d-14,Z1615460427,False,False,False
Cc1ccnn1CC(=O)NC(C#N)c1ccc(Cl)c(Cl)c1,BAR-COM-0f94fc3d-16,False,False,False,s_22____4549626____12233940
COc1ccc2c(c1)C(C(=O)Nc1c(F)ccnc1F)CCC2,BAR-COM-0f94fc3d-17,Z2872037056,False,False,s_11____10330274____11763586
Cc1ccncc1NC(=O)Cn1ccc2ccc(F)cc21,BAR-COM-0f94fc3d-18,s_22____3391102____11568990,False,False,s_22____3391102____11568990
COc1cccc(C(O)C(=O)Nc2cnccc2C)c1,BAR-COM-0f94fc3d-19,Z1549741431,False,False,s_22____3391102____7941114
Cn1cncc1C1NC(=O)N(c2cc(F)cc(N3CCOCC3)c2)C1=O,BAR-COM-0f94fc3d-2,Z2928955304,False,False,s_272212____9427304____13258964
Cc1cnn(-c2ccncc2NC(=O)Cn2cc(C)c3ccccc32)c1,BAR-COM-0f94fc3d-20,Z1500834591,False,False,s_11____7692946____2367022
O=C(Cc1c[nH]c2cccc(Cl)c12)Nc1c(F)ccnc1F,BAR-COM-0f94fc3d-22,False,False,False,s_11____10330274____10466762
COc1ccncc1NC(=O)C(O)c1cccc(Br)c1,BAR-COM-0f94fc3d-23,s_22____2392360____13026400,False,False,s_22____2392360____13026400
O=C(Nn1cnc2ccccc21)C(F)(F)c1cccc(Cl)c1,BAR-COM-0f94fc3d-24,Z872397000,False,False,False
Cc1ccncc1NC(=O)C1(c2cccc(Cl)c2)CC(=O)C1,BAR-COM-0f94fc3d-25,Z2196194184,False,False,False
Cc1ccc(N2CCOC2=O)cc1NC(=O)Cc1cnccc1Cl,BAR-COM-0f94fc3d-26,s_22____6361706____10207862,False,False,s_22____6361706____10207862
O=C(Cn1ccc2ccc(Cl)cc21)Nc1cccnc1F,BAR-COM-0f94fc3d-27,False,False,False,s_11____11572004____1282310
Cc1ccncc1NC(=O)Cc1cc(Cl)c2c(c1)OCCO2,BAR-COM-0f94fc3d-28,Z1129286048,False,False,s_22____3391102____159477
O=C(NC1CCOc2ccc(Br)cc21)Nn1cnc2ccccc21,BAR-COM-0f94fc3d-29,Z807911692,False,False,s_512____211527____2088564
COCC(NC(=O)CC1C(=O)Nc2ccc(F)cc21)c1cccc(Br)c1,BAR-COM-0f94fc3d-3,False,False,False,s_22____12635594____12807964
O=C(Nc1cccnc1Cl)NC1CCOc2ccc(F)cc21,BAR-COM-0f94fc3d-31,Z1168475133,False,False,False
N#CCOc1cccc(CC(=O)Nn2cnc3ccccc32)c1,BAR-COM-0f94fc3d-32,Z1533000368,False,False,s_22____294368____7914396
Cc1ccnc(C)c1NC(=O)NCc1cccc(N2CCOCC2)c1,BAR-COM-0f94fc3d-33,Z2294336937,False,False,s_2430____10115370____10476758
COc1ccncc1NC(=O)Cc1cc(F)c(F)cc1F,BAR-COM-0f94fc3d-34,Z1450263658,False,False,s_22____2392360____7344154
Cc1ncncc1NC(=O)C1(c2cc(F)cc(C(F)(F)F)c2)CC1,BAR-COM-0f94fc3d-35,Z3089567705,False,False,s_22____14958492____9109984
CC(=O)NC(C(=O)Nc1cncnc1N(C)C)c1cccc(Br)c1,BAR-COM-0f94fc3d-36,Z2774676815,False,False,s_11____6951336____12624296
O=C1CC(C(=O)Nn2cnc3ccccc32)c2cc(Br)ccc2N1,BAR-COM-0f94fc3d-37,Z1890058431,False,False,s_22____294368____9421266
CCC(O)(C(=O)Nc1cnccc1C)c1cccc(Cl)c1,BAR-COM-0f94fc3d-38,Z2002942936,False,False,s_22____3391102____9823702
COc1ccc2cccc(CC(=O)Nc3c(F)ccnc3F)c2c1,BAR-COM-0f94fc3d-39,Z2194312931,False,False,s_11____10330274____7787344
Cc1ccn(CC(=O)NCc2nccn2CCc2ccccc2)c(=O)c1,BAR-COM-0f94fc3d-4,Z1892495767,False,False,s_22____6742742____9421594
O=C(Cc1cc(Cl)c2c(c1)OCCO2)Nc1cnccc1-c1ccccc1,BAR-COM-0f94fc3d-40,Z1864147155,False,False,False
Cc1ccncc1NC(=O)Cn1ccc2ccc(Cl)cc21,BAR-COM-0f94fc3d-41,Z1129288567,False,False,s_22____3391102____1282312
O=C(NCc1cccc(COc2ccccc2)c1)Nn1cnc2ccccc21,BAR-COM-0f94fc3d-42,False,False,False,s_512____211527____1201676
COc1ccc2c(c1)C(C(=O)Nc1cnccc1-n1cccn1)CCC2,BAR-COM-0f94fc3d-43,Z2493443321,False,False,s_11____3735180____11763586
COc1ccncc1NC(=O)Cc1csc2ccc(Cl)cc12,BAR-COM-0f94fc3d-44,Z1498001981,False,False,s_22____2392360____7689802
COc1ccncc1NC(=O)C(C)(C)c1cc(F)cc(C#N)c1,BAR-COM-0f94fc3d-45,Z2069076058,False,False,s_22____2392360____10155066
Cc1ccnc(C)c1NC(=O)C(C)c1ccc(F)c(F)c1,BAR-COM-0f94fc3d-46,Z2414553231,False,False,s_11____10117600____5826144
Cc1ccncc1NC(=O)CN1C(=O)COc2ccc(Cl)cc21,BAR-COM-0f94fc3d-48,Z1129286283,False,False,s_22____3391102____242262
CSc1ccncc1NC(=O)Cc1ccc2c(c1)CCCC2,BAR-COM-0f94fc3d-49,Z1348840233,False,False,s_22____6673198____93356
CCC(C)CC(=O)N1CCCC(NC(=O)Cn2c(C)cc(C)nc2=O)CC1,BAR-COM-0f94fc3d-5,False,False,False,m_275592____17554720____13187432____14131194
COc1ccc2c(c1)C(C(=O)Nc1cncnc1C)CCC2,BAR-COM-0f94fc3d-50,Z3089566497,False,False,s_22____14958492____11763588
CCn1c(=O)n(CC(=O)Nc2c(C)ccnc2C)c2ccccc21,BAR-COM-0f94fc3d-51,Z2414557205,False,False,False
CC(NC(=O)Nc1cccc(N2CCCCC2=O)c1)c1ccn[nH]1,BAR-COM-0f94fc3d-53,Z1243866128,False,False,False
Cc1c(C(=O)NC(CC(=O)O)c2cccc(Cl)c2)cnc2ccccc12,BAR-COM-0f94fc3d-55,Z1870012350,False,False,s_188690____13439702____9350162
Cc1ccnc(CNC(=O)NC(c2cccc(F)c2)c2cccc(Cl)c2)c1,BAR-COM-0f94fc3d-56,False,False,False,s_2708____10547030____7049928
CCn1cc(CC(=O)Nc2cccnc2F)c2ccccc21,BAR-COM-0f94fc3d-57,False,False,False,s_11____11572004____2392342
COc1ccc(Br)cc1C(N)C(=O)Nc1cnccc1C,BAR-COM-0f94fc3d-58,Z3018666658,False,False,s_240690____7400680____13219056
CC(=O)Nc1ccncc1NC(=O)C1Cc2ccc(F)cc21,BAR-COM-0f94fc3d-59,Z1952750170,False,False,s_11____8633494____9580474
Cc1ccnn1CC(=O)NCC(NC(=O)C(C)C#N)c1ccccc1,BAR-COM-0f94fc3d-7,m_275592____14114784____14140892____13186536,False,False,m_275592____14114784____14140892____13186536
O=C(NC1CCOc2ccc(F)cc21)Nn1cnc2ccccc21,BAR-COM-0f94fc3d-8,Z1168488213,False,False,False
O=C(NCCNc1cccnn1)c1ccccc1NS(=O)(=O)c1cc(F)ccc1F,BAR-COM-4e090d3a-10,Z1232257154,False,False,False
O=C(Cc1cncnc1)Nc1cccc(CCCc2ccccc2)c1,BAR-COM-4e090d3a-11,Z2172190193,False,False,s_22____2786802____13540170
Cc1ccccc1C(C(=O)NCC(O)Cn1ccnn1)c1ccccc1,BAR-COM-4e090d3a-12,Z3052559442,False,False,False
O=C(Cn1c(-c2cccc(Cl)c2Cl)nc2ccccc21)Nc1ccnnc1,BAR-COM-4e090d3a-13,False,False,False,s_11____10903168____1327346
N#Cc1cnn(-c2ccccc2NC(=O)Cc2ccn[nH]2)c1N,BAR-COM-4e090d3a-14,Z2143174968,False,False,s_22____10068208____5534702
O=C(Cc1cccnc1Cl)Nc1cccc(OCCc2ccccc2)c1,BAR-COM-4e090d3a-15,False,False,False,s_22____9823632____11757948
CCc1nnnn1-c1ccccc1NC(=O)C1(c2cncc(Br)c2)CC1,BAR-COM-4e090d3a-16,Z1984028314,False,False,s_11____5128638____9744040
CC1CC(C)CN(C(=O)c2ccccc2NC(=O)NCc2ccncn2)C1,BAR-COM-4e090d3a-17,Z2311005603,False,False,s_2430____740248____10902382
CC1(C(=O)NCC(NC(=O)CCc2cnn[nH]2)c2ccccc2)CC1,BAR-COM-4e090d3a-18,False,False,False,m_275592____14114784____14141186____14134054
O=C(NC(Cc1ccccc1)C(=O)NCc1ccno1)OCc1ccccc1,BAR-COM-4e090d3a-19,Z1613960994,False,False,s_527____8331890____308602
Nc1nnnn1-c1cccc(C(=O)Nc2c(-c3cccnc3)nc3ccccn23)c1,BAR-COM-4e090d3a-2,False,False,False,s_22____11757990____12103072
CC(C(=O)Nc1cccc(NC2CCCC2)c1)c1cnccn1,BAR-COM-4e090d3a-20,Z2915108704,False,False,s_22____12167906____12335920
NC(=O)C1Cc2ccccc2N(CC(=O)Nc2cnccn2)C1,BAR-COM-4e090d3a-21,Z2599591955,False,False,s_2230____7462436____11618524
COc1cc(CNC(=O)Cc2ncc[nH]2)c2ccccc2n1,BAR-COM-4e090d3a-22,Z2229098908,False,False,s_22____6009194____10428090
O=C(NCc1cccnn1)Nc1cccc(-c2ncc3n2CCCC3)c1,BAR-COM-4e090d3a-23,Z2190256476,False,False,False
CN1CCN(C(=O)c2ccccc2NC(=O)C(O)c2cccnc2)CC1,BAR-COM-4e090d3a-24,Z1549127951,False,False,s_22____585004____10157642
O=C(CCc1cnn[nH]1)NC(CNC(=O)C1CCC1)c1ccccc1,BAR-COM-4e090d3a-25,False,False,False,m_275592____14114784____13186884____14134054
CC(NC(=O)c1ccccc1OC1CCCCC1)c1cnccn1,BAR-COM-4e090d3a-26,Z3370973906,False,False,False
CCC(NC(=O)NCc1cnccn1)c1ccccc1OCC(=O)N1CCCC1,BAR-COM-4e090d3a-27,Z3140017128,False,False,s_2708____1002596____13947300
CC(NC(=O)NC(Cc1nccn1C)c1ccccc1)c1ncco1,BAR-COM-4e090d3a-28,Z2860362360,False,False,False
O=C(NCc1cccnn1)NC(Cc1ccccc1)c1cccs1,BAR-COM-4e090d3a-29,Z1884524160,False,False,False
Cc1ccccc1CNc1ccccc1NC(=O)C(O)c1cccnc1,BAR-COM-4e090d3a-3,Z1644866655,False,False,s_22____8363398____10157642
O=C(CCc1cnn[nH]1)NC(Cn1cccn1)c1ccccc1,BAR-COM-4e090d3a-30,False,False,False,s_22____5535204____10803970
CCC(NC(=O)C(C)n1cncn1)c1ccccc1OCC(=O)N1CCCC1,BAR-COM-4e090d3a-31,Z1190447759,False,False,s_22____1002572____7966718
O=C(NCC(O)Cn1ccnn1)c1ccccc1OC1CCC1,BAR-COM-4e090d3a-34,Z2305221270,False,False,False
O=C(Cc1cccnc1Br)Nc1cccc(OCCn2cncn2)c1,BAR-COM-4e090d3a-35,Z1937966465,False,False,s_22____894856____9447090
COC(=O)C(Cc1ccccc1)C(C)NC(=O)C(C)n1ccnc1,BAR-COM-4e090d3a-36,Z2079085604,False,False,False
COc1ccccc1C(NC(=O)Cc1cnnn1C)c1noc(C)n1,BAR-COM-4e090d3a-37,Z2629852456,False,False,False
Cc1noc(CC(NC(=O)C(C)Cn2ccnc2)c2ccccc2)n1,BAR-COM-4e090d3a-38,Z3353393504,False,False,s_22____9322710____13755894
O=C(Cc1cncnc1)Nc1cccc(OC2CC(=O)N2)c1,BAR-COM-4e090d3a-39,False,False,False,s_22____10971742____13540170
CC1CN(Cc2ccccc2NC(=O)NCc2cnsc2)CC(C)O1,BAR-COM-4e090d3a-4,Z3405514183,False,False,s_2430____886028____14482284
O=C(NCc1ccno1)c1ccccc1Oc1ccc(Cl)cc1Cl,BAR-COM-4e090d3a-42,Z1673773262,False,False,s_527____8331890____2009458
O=C(NCc1noc2ccccc12)c1ccccc1OCC1CC1,BAR-COM-4e090d3a-43,Z1935637461,False,False,s_22____13040748____2561500
CC1CC(C)CN(C(=O)c2ccccc2NC(=O)NCc2ccoc2)C1,BAR-COM-4e090d3a-44,Z433322264,False,False,s_2430____740248____1683286
O=C(CCn1ccnn1)NC(CN1CCOCC1)c1ccccc1,BAR-COM-4e090d3a-45,Z296475158,False,False,s_22____136045____9193924
Cn1cc(CNC(=O)N(CCc2ccccc2)Cc2cccnc2)nn1,BAR-COM-4e090d3a-47,Z1647177193,False,False,False
Cc1ccc(Oc2cccc(NC(=O)NCc3cnnn3C)c2)c(C)c1,BAR-COM-4e090d3a-48,s_2430____12549944____13759224,False,False,s_2430____12549944____13759224
N#CCOc1ccccc1C(=O)NCc1cnsc1,BAR-COM-4e090d3a-49,s_22____14243878____1317850,False,False,s_22____14243878____1317850
Nc1ncncc1CNC(=O)Nc1ccccc1OCCn1ccnc1,BAR-COM-4e090d3a-5,Z1518784792,False,False,s_2430____4275496____7831934
O=C(Cc1ccccc1OC1CCOC1)OCc1cnn[nH]1,BAR-COM-4e090d3a-50,False,False,False,s_276436____14081838____14104156
CCn1c(=O)n(CC(=O)NCc2cnccn2)c2ccccc21,BAR-COM-4e090d3a-51,Z3092563476,False,False,False
Cn1cncc1CNC(=O)Nc1cccc(OCC(F)F)n1,BAR-COM-4e090d3a-52,Z2167681427,False,False,s_2430____8802996____12649796
CC(C(=O)Nc1cccc(OC2CC(=O)N2)c1)c1cnccn1,BAR-COM-4e090d3a-53,Z2911721571,False,False,s_22____10971742____12335920
O=C(NCc1cccnn1)Nc1cccc(OCCN2CCOCC2)c1,BAR-COM-4e090d3a-54,Z3603964263,False,False,False
CC(OCC1CCCCO1)C(=O)N(CCc1ccccc1)Cc1cccnc1,BAR-COM-4e090d3a-55,Z890182422,False,False,s_22____2823908____2068520
O=C(Nc1ccnnc1)NC(Cc1ccccc1)C(=O)N1CCCC1,BAR-COM-4e090d3a-56,Z2313212158,False,False,s_2430____10902332____3479618
O=C(Nc1ccccc1NS(=O)(=O)c1ccc(F)cc1)C(O)c1cccnc1,BAR-COM-4e090d3a-57,Z1549140381,False,False,s_22____624640____10157642
Cn1nncc1CC(=O)NC(c1ccccc1)c1nc2ccccc2n1C,BAR-COM-4e090d3a-6,False,False,False,s_22____1723640____15069162
O=C(NCc1cccnn1)Nc1cccc(N2CCC2=O)c1,BAR-COM-4e090d3a-60,Z1931403851,False,False,False
O=C(NCc1ccns1)Nc1cccc(CN2CCCC2=O)c1,BAR-COM-4e090d3a-61,Z2708549355,False,False,s_2430____740302____12211178
CC(NC(=O)c1ccccc1OCC(N)=O)c1cnn(C)c1,BAR-COM-4e090d3a-62,Z1260022281,False,False,s_22____5581348____147208
CC1CCCC(OCc2cccc(NC(=O)NC(C)c3ccn[nH]3)c2)C1,BAR-COM-4e090d3a-63,Z1243953601,False,False,False
O=C(NCc1cnccn1)c1sc2cccc(F)c2c1COc1ccccc1,BAR-COM-4e090d3a-64,False,False,False,s_22____13947266____238640
CC(c1cccc(NC(=O)Cc2cnccc2Cl)c1)N1CCOCC1,BAR-COM-4e090d3a-66,Z2330806997,False,False,s_22____3391614____10207862
O=C(CCc1cncnc1)NC(CNC(=O)C1CC1)c1ccccc1,BAR-COM-4e090d3a-67,m_275592____14114784____13186882____14132880,False,False,m_275592____14114784____13186882____14132880
O=C(Nc1cccc(-c2cc[nH]n2)c1)C(O)c1cccnc1,BAR-COM-4e090d3a-68,False,False,False,s_22____575398____10157642
O=C(NCc1cccnc1)Nc1cccc(OCC(F)F)n1,BAR-COM-4e090d3a-69,Z1693576546,False,False,s_2430____8802996____740874
CC(NC(=O)C(Cc1ccccc1)NC(=O)c1ccco1)c1ncco1,BAR-COM-4e090d3a-7,s_22____13027898____59340,False,False,s_22____13027898____59340
Cc1cccc(-c2nnnn2C2CC2C)c1NC(=O)CCc1cccnc1,BAR-COM-4e090d3a-8,Z3089609880,False,False,False
Cc1noc(C)c1COc1ccccc1C(=O)NC(C)c1nnc2ncccn12,BAR-COM-4e090d3a-9,Z1374382617,False,False,s_22____6824750____505542
CS(=O)(=O)NCC[C@H]1CCCCN1CC(=O)Nc1cccnc1,BEN-DND-362d364a-10,Z1116676416,False,False,False
O=C(Cn1nnc2ccccc21)Nc1cccc(Cl)c1,BEN-DND-61647d40-12,False,False,False,s_22____57731____13206668
O=C(Cn1cnc2ccccc21)Nc1cccc(Cl)c1,BEN-DND-61647d40-13,False,False,False,s_22____57731____8583794
O=C(Cc1cccnc1)Nc1cc(Cl)ccc1O,BEN-DND-61647d40-18,False,False,False,s_22____7639312____7459856
N#Cc1ccc(O)c(NC(=O)Cc2cccnc2)c1,BEN-DND-61647d40-8,False,False,False,s_22____7866852____7459856
O=C(CCl)N1CCN(Cc2cccc(F)c2)C(=O)C1,BEN-DND-76ad4ac9-3,False,False,False,m_270062____7620106____8147258
O=C(CCl)N1CCN(Cc2cccc(F)c2)C(=O)C1,BEN-DND-76ad4ac9-5,False,False,False,m_270062____7620106____8147258
COc1ccccc1OCCNC(=O)c1cc[nH]c(=O)c1,BEN-DND-7e92b6ca-1,False,False,False,s_22____58494____7101316
O=C(c1cc(=O)[nH]c2ccccc12)N1CCN(Cc2ccccc2)CC1,BEN-DND-7e92b6ca-10,False,Z27764092,False,False
COc1ccc(N2CCN(C(=O)c3cc(=O)[nH]c4ccccc34)CC2)cc1,BEN-DND-7e92b6ca-11,False,Z27906764,False,False
COc1cccc(N2CCN(C(=O)c3cc(=O)[nH]c4ccccc34)CC2)c1,BEN-DND-7e92b6ca-12,False,Z2241127565,False,False
COc1ccccc1N1CCN(C(=O)c2cc(=O)[nH]c3ccccc23)CC1,BEN-DND-7e92b6ca-13,False,Z2241126839,False,s_22____57689____59160
O=C(c1cc(=O)[nH]c2ccccc12)N1CCN(c2ccc(F)cc2)CC1,BEN-DND-7e92b6ca-14,False,Z30620763,False,False
O=C(c1cc(=O)[nH]c2ccccc12)N1CCN(c2ccccc2F)CC1,BEN-DND-7e92b6ca-16,False,Z237520538,False,s_22____57763____59160
COc1ccccc1OCCN(C)C(=O)c1cc(=O)[nH]c2ccccc12,BEN-DND-7e92b6ca-2,False,False,False,s_22____1055218____59160
CN(CCNC(=O)c1cc(=O)[nH]c2ccccc12)c1ccccc1,BEN-DND-7e92b6ca-3,False,False,False,s_22____147827____59160
O=C(NCCNc1ccccc1)c1cc(=O)[nH]c2ccccc12,BEN-DND-7e92b6ca-4,False,False,False,s_22____5128420____59160
O=C(NCCOc1ccccc1)c1cc(=O)[nH]c2ccccc12,BEN-DND-7e92b6ca-5,False,False,False,s_22____58662____59160
O=C(c1cc(=O)[nH]c2ccccc12)N1CCN(S(=O)(=O)c2ccccc2)CC1,BEN-DND-7e92b6ca-7,False,False,False,s_22____411360____59160
Cc1cc(C)c(C)c(S(=O)(=O)N2CCN(C(=O)c3cc[nH]c(=O)c3)CC2)c1C,BEN-DND-7e92b6ca-8,False,False,False,s_22____413354____7101316
Cc1ccncc1NC(=O)CN1CCOCC1,BEN-DND-93268d01-10,False,False,False,s_22____3391102____7941832
Cc1ccncc1NC(=O)CC(C)(C)c1ccccc1,BEN-DND-93268d01-13,False,False,False,s_22____3391102____2163838
Cc1ccncc1NC(=O)C(C)Cc1ccccc1,BEN-DND-93268d01-14,False,False,False,s_22____3391102____4781200
CC(C(=O)Nc1cnccc1O)c1ccccc1,BEN-DND-93268d01-15,False,False,False,s_22____2991078____8989686
Cc1ccncc1NC(=O)C(CO)c1ccccc1,BEN-DND-93268d01-3,False,False,False,s_22____3391102____11968216
Cc1ccncc1NC(=O)CCc1ccccn1,BEN-DND-93268d01-4,False,False,False,s_22____3391102____2229312
Cc1ccncc1NC(=O)CCc1ccc(F)cc1,BEN-DND-93268d01-5,False,False,False,s_22____3391102____106960
Cc1ccncc1NC(=O)CCc1ccccc1F,BEN-DND-93268d01-7,False,False,False,s_22____3391102____94787
Cc1cc(=O)oc2cc(Oc3nc(-c4cccnc4)nc4ccccc34)ccc12,BRU-UNI-248b30bc-31,False,Z31238429,False,False
Cc1ccc(NC(=O)Nc2cn[nH]c2)cc1C,CAS-DEP-751a2458-5,Z813122724,False,False,s_2430____737090____12398644
O=C(CC12CCC(CC1)C2)Nc1cnccc1CO,CHA-KIN-ceadbd93-1,Z3542454033,False,False,False
O=C(CC1CCCCC1)Nc1cnccc1CO,CHA-KIN-ceadbd93-2,Z1551628986,False,False,False
O=C(Nc1cnccc1CO)C(O)C1CCCCC1,CHA-KIN-ceadbd93-3,Z1784165492,False,False,False
O=C(CC1(Cn2cnnn2)CCCCC1)Nc1cnccc1CO,CHA-KIN-ceadbd93-4,Z2480367211,False,False,False
N#CC1(CC(=O)Nc2cnccc2CO)CCCCC1,CHA-KIN-ceadbd93-5,Z2635303491,False,False,False
O=C(Nc1cccnc1)c1cc(Cl)ccc1O,CHR-SOS-7098f804-11,Z280470232,Z280470232,False,s_22____57778____467356
O=C(Nc1cccnc1)c1cccc(Cl)c1,CHR-SOS-7098f804-12,Z31791487,Z31791487,FCH3040258,s_22____57778____58884
O=C(Nc1ccc([N+](=O)[O-])cc1)c1cc(Cl)ccc1O,CHR-SOS-7098f804-3,False,False,False,s_22____1154820____467356
O=C(Nc1ccccc1Cl)c1cc(Cl)ccc1O,CHR-SOS-7098f804-4,Z241957544,Z2335631771,EN300-199753,s_22____57724____467356
O=C(Nc1ccc([N+](=O)[O-])cc1)c1ccccc1O,CHR-SOS-7098f804-5,False,False,False,s_22____1154820____467330
O=C(Nc1ccc([N+](=O)[O-])cc1)c1ccccc1,CHR-SOS-7098f804-6,False,False,False,s_22____1154820____58911
O=C(Nc1ccccc1)c1cc(Cl)ccc1O,CHR-SOS-7098f804-7,Z56871780,Z56871780,False,s_22____57709____467356
O=C(Nc1ccccc1)c1cccc(Cl)c1,CHR-SOS-7098f804-8,Z27782644,False,False,s_22____57709____58884
O=C(Nc1ccccc1)c1ccccc1,CHR-SOS-7098f804-9,Z27782673,Z27782673,EN300-15536,s_22____57709____58911
O=C(c1ccccc1O)N1CCCCC1,CLI-UNI-032f7715-1,Z68103216,Z2239049194,EN300-05931,False
O=C(Nc1ccccc1)c1ccccc1O,CLI-UNI-032f7715-2,False,Z68084595,EN300-18540,s_22____57709____467330
NC(=O)C1CCN(C(=O)c2ccccc2O)CC1,CLI-UNI-032f7715-3,Z68284435,False,False,s_22____57926____467330
O=C(O)c1ccc(S(=O)(=O)N2CCCCC2)cc1,CLI-UNI-032f7715-4,Z53035336,Z53033942,EN300-00394,False
O=C(Cc1c[nH]c2ccccc12)Nc1ccccc1,CUN-WAB-25b584ee-2,Z27782686,Z27782686,False,s_22____57709____58926
CC(=O)Nc1cncc(N)c1,DAN-PUR-19f24f0c-1,False,False,BBV-55255876,False
N#Cc1cccc(NC(=O)Cc2c[nH]c3ncccc23)c1,DAR-DIA-23aa0b97-1,Z1400784309,False,False,s_22____58016____7024784
O=C(Cc1c[nH]c2ncccc12)Nc1cccc(Cl)c1,DAR-DIA-23aa0b97-12,Z1400781098,False,False,s_22____57731____7024784
O=C(Nc1cccnc1)Nc1cccc(Cl)c1,DAR-DIA-23aa0b97-14,Z44592325,False,False,s_487____210243____150220
N#Cc1cccc(NC(=O)Cc2cncc3ccccc23)c1,DAR-DIA-23aa0b97-19,s_22____58016____11968302,False,False,s_22____58016____11968302
O=C(Cc1cncc2ccccc12)Nc1ccccc1,DAR-DIA-23aa0b97-20,s_22____57709____11968302,False,False,s_22____57709____11968302
N#Cc1cccc(NC(=O)Cc2cccnc2)c1,DAR-DIA-23aa0b97-4,Z1171321476,False,False,s_22____58016____7459856
N#Cc1cccc(NC(=O)Nc2cccnc2)c1,DAR-DIA-23aa0b97-5,Z195739680,Z195739680,False,s_487____210243____768430
O=C(Nc1cccnc1)Nc1ccsc1,DAR-DIA-842b4336-1,Z1430585289,Z1430585289,False,s_487____7119282____150243
O=C(Cc1ccsc1)Nc1cccnc1,DAR-DIA-842b4336-10,Z31791777,False,False,s_22____57778____59030
Cn1cc(CC(=O)Nc2cccnc2)cn1,DAR-DIA-842b4336-11,Z993021208,False,False,s_22____57778____2663596
Cc1ccc(CC(=O)Nc2cccnc2)s1,DAR-DIA-842b4336-12,Z815312198,False,False,s_22____57778____1327246
O=C(Cc1ccc(Cl)s1)Nc1cccnc1,DAR-DIA-842b4336-13,Z2010253653,False,False,s_22____57778____9869024
Cn1cc(NC(=O)Nc2cccnc2)cn1,DAR-DIA-842b4336-2,Z603563998,False,FCH9186936,s_2430____881164____1035170
Cc1ccc(NC(=O)Nc2cccnc2)s1,DAR-DIA-842b4336-3,Z1286870272,False,False,False
COc1ccc2[nH]cc(CN(C)C)c2c1,DAR-DIA-eace69ff-35,False,Z2469657313,EN300-197563,False
O=C(CCl)NC(CO)c1cccc(Cl)c1,DAV-CRI-3edb475e-4,Z2596884371,False,False,m_270062____12126282____8147258
C=CC(=O)Nc1ccc(Cl)c(C#N)c1,DAV-IMP-59dd6621-1,Z440634408,Z440634408,EN300-95590,m_273270____16361988____10884640
C=CC(=O)N1CCN(C)c2ncccc21,DAV-IMP-59dd6621-14,Z3488812364,Z3488812364,EN300-7522090,m_273270____12943732____10884640
C=CC(=O)NC1c2ccccc2CCC1n1ccnc1,DAV-IMP-59dd6621-15,Z2517212090,False,EN300-6689015,m_273270____12943032____10884640
C=CC(=O)NCCc1cn2c(n1)SCC2,DAV-IMP-59dd6621-16,Z3488539336,False,EN300-7522050,m_273270____12944684____10884640
C=CC(=O)Nc1cc(C2CC2)nn1-c1ncccn1,DAV-IMP-59dd6621-17,False,Z2738286582,False,False
C=CC(=O)N[C@H]1CCc2ncsc2C1,DAV-IMP-59dd6621-19,Z3488537319,False,EN300-7522355,m_273270____12946636____10884640
C=CC(=O)N1CCCc2cc(C(=O)OC)ccc21,DAV-IMP-59dd6621-22,Z2517218509,False,False,False
C=CC(=O)N1CCN(c2ccccc2[N+](=O)[O-])CC1,DAV-IMP-59dd6621-23,False,False,False,m_273270____13659326____10884640
C=CC(=O)N1CCCc2cc(C(=O)NCc3ccccc3)ccc21,DAV-IMP-59dd6621-27,Z3756576960,False,False,False
C#CCNC(=O)c1ccc2c(c1)CCCN2C(=O)C=C,DAV-IMP-59dd6621-29,Z3756456025,False,False,False
C=CC(=O)N1CCCc2cc(C(N)=O)ccc21,DAV-IMP-59dd6621-30,False,False,EN300-7525393,False
C=CC(=O)Nc1cccc(-c2ccc3c(c2)OCCO3)n1,DAV-IMP-59dd6621-4,Z3488636759,False,EN300-26607888,m_273270____12943338____10884640
C=CC(=O)NC[C@@H]1C[C@H](F)CN1c1nnc(C)o1,DAV-IMP-59dd6621-5,False,Z2867522866,EN300-6697401,False
C=CC(=O)Nc1cc(F)cc(N2CCCC2)c1,DAV-IMP-59dd6621-6,Z2517211717,False,EN300-7522289,m_273270____12942954____10884640
C=CC(=O)NC1CC(OCc2ccccc2)C1(C)C,DAV-IMP-59dd6621-7,Z2753757307,False,EN300-6670034,m_273270____10884000____10884640
C=CC(=O)N1CCCc2cc(C(=O)O)ccc21,DAV-IMP-59dd6621-9,False,Z381405528,EN300-218173,False
CCC(=O)OC(OP(=O)(CCCCc1ccccc1)CC(=O)N1C[C@H](C2CCCCC2)C[C@H]1C(=O)O)C(C)C,DAV-UNI-bdcebb58-2,False,False,EN300-1710061,False
Brc1ccc(-c2nnc(NCc3ccccc3)s2)s1,DRA-CSI-3ab97369-17,False,False,BBV-148911072,False
O=C(c1cc[nH]c1)N1CCC(Cc2ccccc2)CC1,DRA-CSI-47e38074-10,Z1167399469,False,False,s_22____57765____4555302
O=C(c1cnccn1)N1CCC(Cc2ccccc2)CC1,DRA-CSI-47e38074-11,Z30162439,Z30162439,False,s_22____57765____58975
CC(C)(C)C(=O)N1CCC(Cc2ccccc2)CC1,DRA-CSI-47e38074-12,Z30162328,False,False,s_22____57765____293920
COc1ccc(C(=O)N2CCC(Cc3ccccc3)CC2)cc1,DRA-CSI-47e38074-13,Z30162377,False,False,s_22____57765____58897
O=C(c1ccc(C(F)(F)F)cc1)N1CCC(Cc2ccccc2)CC1,DRA-CSI-47e38074-14,Z30162365,False,False,s_22____57765____58883
COc1ccccc1NC(=O)N1CCC(Cc2ccccc2)CC1,DRA-CSI-47e38074-15,Z44591776,Z44591776,False,s_2430____737084____740864
CC(=O)N1CCC(Cc2ccccc2)CC1,DRA-CSI-47e38074-2,False,False,False,s_22____57765____58844
COC(=O)N1CCC(Cc2ccccc2)CC1,DRA-CSI-47e38074-3,Z192950752,False,False,s_40____79531____153556
O=C(OCc1ccccc1)N1CCC(Cc2ccccc2)CC1,DRA-CSI-47e38074-4,s_40____79531____153283,False,BBV-70637371,s_40____79531____153283
N=C(N)N1CCC(Cc2ccccc2)CC1,DRA-CSI-47e38074-5,False,Z118257378,EN300-304877,False
COc1ccc(NC(=O)N2CCC(Cc3ccccc3)CC2)cc1,DRA-CSI-47e38074-6,Z104715892,False,False,s_2430____737114____740864
O=C(Nc1ccccc1C(F)(F)F)N1CCC(Cc2ccccc2)CC1,DRA-CSI-47e38074-7,False,False,False,s_2430____737136____740864
O=C(Nc1ccc(F)c(Cl)c1)N1CCC(Cc2ccccc2)CC1,DRA-CSI-47e38074-9,s_2430____737266____740864,False,False,s_2430____737266____740864
Brc1ccc(-c2nnc(NCc3ccccc3)s2)s1,DRA-CSI-57d71107-1,False,False,BBV-148911072,False
CN(c1nccnc1C#N)S(C)(=O)=O,DRV-UNK-7620afc8-1,False,False,BBV-82785512,False
NC(=O)[C@@H]1CN(Cc2cccnc2)C[C@H]1c1ccccc1,DUN-NEW-d8381160-1,Z2330669633,False,False,False
CS(=O)(=O)NCCN1CCCc2ccc(S(N)(=O)=O)cc21,DUN-NEW-f8ce3686-14,Z1317949519,False,False,s_2230____7463156____4117666
Cc1ccncc1N(C)C(=O)Cc1cccc(Cl)c1,EDG-MED-0da5ad92-1,False,False,False,s_11____8852370____3020516
Cc1ccncc1NC(=O)C(C)(C)c1cccc(Cl)c1,EDG-MED-0da5ad92-10,False,False,False,s_22____3391102____5183200
Cc1ccncc1NC(=O)C1(c2cccc(Cl)c2)CC1,EDG-MED-0da5ad92-11,False,False,False,s_22____3391102____488342
Cc1cncc(NC(=O)Cc2cccc(Cl)c2)c1,EDG-MED-0da5ad92-12,False,False,False,s_22____6725666____3020518
Cc1ccc(NC(=O)Cc2cccc(Cl)c2)cn1,EDG-MED-0da5ad92-13,False,False,False,s_22____7425960____3020518
Cc1ncccc1NC(=O)Cc1cccc(Cl)c1,EDG-MED-0da5ad92-14,False,False,False,s_22____6391392____3020518
O=C(Cc1cccc(Cl)c1)Nc1cccnc1,EDG-MED-0da5ad92-2,False,False,False,s_22____57778____3020518
Cc1ccncc1NC(=O)CC1CCCCC1,EDG-MED-0da5ad92-4,Z1129284100,False,False,s_22____3391102____59992
Cc1ccncc1NC(=O)CC1CCCNC1,EDG-MED-0da5ad92-9,False,False,False,s_240690____7400680____11768802
Cc1ccncc1CC(=O)Nc1cccc(Cl)c1,EDJ-MED-49816e9b-1,False,False,False,s_22____57731____11949416
Cc1ccnc(C)c1NC(=O)Cc1cccc(Cl)c1,EDJ-MED-49816e9b-2,False,False,False,s_11____10117600____3020516
Cc1cnn(C)c1NC(=O)Cc1cccc(Cl)c1,EDJ-MED-49816e9b-3,False,False,False,s_22____11949488____3020518
Cc1cc(CC(=O)Nc2cnccc2C)[nH]n1,EDJ-MED-c9f55a56-1,False,False,False,s_22____3391102____6956692
COc1cccc(CC(=O)Nc2cnccc2C)c1,EDJ-MED-e58735b6-1,False,Z1129283486,False,s_22____3391102____59186
CO[C@H](C)C(=O)Nc1cnccc1C,ERI-UCB-5b47150d-1,False,False,False,s_22____3391102____15417894
CO[C@H](C)C(=O)N(C)c1cnccc1C,ERI-UCB-5b47150d-2,False,False,False,s_11____8852370____15417892
CC(C(=O)N(C)c1cnccc1C)=C1CC1,ERI-UCB-5b47150d-3,False,False,False,s_11____8852370____13912058
CC(C(=O)Nc1cnccc1C)=C1CC1,ERI-UCB-5b47150d-4,False,False,False,s_22____3391102____13912060
COC(=O)[C@H](CO)NC(=O)[C@H](Cc1ccccc1)NC(=O)OCc1ccccc1,FAR-UNI-a04c1544-1,False,False,False,s_22____8270914____59815
Cc1ccc(S(=O)(=O)Nc2c(-c3cccnc3)nc3ccccn23)c(C)c1,FRA-BIO-8bf1eac9-1,Z1393190461,False,False,s_232682____6950814____3005078
O=S(=O)(Cc1nc(-c2ccncc2)no1)Nc1ccc(N2CCCCC2)cc1,FRA-BIO-8bf1eac9-12,Z1197799213,False,False,s_265764____4837050____4564564
Cc1ccc(NCc2cc(NC(=O)OC(C)(C)C)ccc2Br)cn1,FRA-BIO-8bf1eac9-6,False,False,False,s_207____7425962____14783056
Cc1cc(C(C)(C)C)ccc1OC[C@H](O)Cn1cnccc1=O,FRA-BIO-8bf1eac9-7,Z1347557460,False,False,False
O=C(CC1CCCCC1)Nc1cccnc1,FRA-FAC-9ed5a63a-1,Z31792168,Z31792168,False,s_22____57778____59992
O=C(Nc1cccnc1)NC1CCC(F)CC1,FRA-FAC-9ed5a63a-3,Z1874822047,False,False,False
O=C(NCCc1c[nH]c2ccc(F)cc12)NCC1CCCCC1,FRA-LAB-04e32718-1,Z1221750007,False,False,s_2708____905622____9631384
Cc1ccncc1NC(=O)Cc1ccc(S(N)(=O)=O)cc1,GAB-REV-70cc3ca5-20,Z1135790839,False,False,s_22____3391102____3173318
Cc1ccc(-c2cc(C(F)(F)F)nn2-c2ccc(S(N)(=O)=O)cc2)cc1,GER-UNI-05c7e912-1,False,Z2210694606,EN300-119504,False
CC(C(=O)O)c1ccc2c(c1)[nH]c1ccc(Cl)cc12,GER-UNI-ec786817-1,False,Z1814381791,EN300-120629,False
O=C(C1CCN(c2ccncc2)CC1)N1CCOCC1,GIA-UNK-30c7cb75-2,s_22____57743____14868232,False,False,s_22____57743____14868232
O=C(C1CCN(c2ccncc2)CC1)N1CCS(=O)(=O)CC1,GIA-UNK-30c7cb75-3,s_22____3014600____14868232,False,False,s_22____3014600____14868232
O=C(CC(=O)N1CCOCC1)NCc1ccccc1,GIA-UNK-3f36037a-6,False,False,BBV-113362185,False
O=C(NC1CCCCC1NC(=O)c1ccncc1)c1ccccc1,GIA-UNK-d2defdc3-2,Z2648338340,False,False,False
CN1CCC(C(=O)NC2CCCCC2NC(=O)c2ccccc2)CC1,GIA-UNK-d2defdc3-4,Z2648339571,False,False,False
O=C(C1CCCN1C(=O)c1ccccc1)N1CCOCC1,GIA-UNK-d2defdc3-6,Z2252052015,False,False,False
O=C(c1ccccc1)N1CCN(C(=O)C2CCOCC2)CC1,GIA-UNK-eaadd1d4-1,Z73335350,False,False,False
O=C(C1CCN(S(=O)(=O)c2ccccc2)CC1)N1CCOCC1,GIA-UNK-eaadd1d4-3,Z28250828,Z28250828,False,False
NC(C(=O)O)C(O)c1cccc(O)c1,HUN-WAB-7263dfed-1,False,False,EN300-1855080,False
NCC(N)C(=O)O,HUN-WAB-acb6a578-1,False,Z1033300658,EN300-322285,False
CC(=O)Nc1cc(C#N)ccc1C,IND-SYN-2c708b29-4,False,False,False,s_22____6444730____58844
Cc1ccc(C#N)cc1NS(C)(=O)=O,IND-SYN-2c708b29-5,False,Z928568656,EN300-1654854,False
O=C(Cc1c[nH]c2ncccc12)N1CCS(=O)(=O)CC1,IND-SYN-3aa4e743-1,Z1400953190,False,False,s_22____3014600____7024784
Cn1ccnc1-c1ccc(S(N)(=O)=O)cc1,IND-SYN-5e5c1c3e-1,s_271570____11771154____15479958,False,False,s_271570____11771154____15479958
NS(=O)(=O)c1ccc(-c2ncco2)cc1,IND-SYN-5e5c1c3e-2,s_271570____11771154____15258482,False,False,s_271570____11771154____15258482
O=C(CCl)N1CCCC(c2nc3ccccc3o2)C1,IND-SYN-6c8299e8-1,Z1562124948,False,False,m_270062____7601084____8147258
O=C(Cn1cccn1)N1CCOC(c2ccc(F)cc2)C1,IND-SYN-6c8299e8-12,Z333380074,False,False,s_22____488592____152169
O=C(CCl)N1CCN(S(=O)(=O)c2cccc(C(F)(F)F)c2)CC1,IND-SYN-6c8299e8-2,Z1562119140,False,False,False
O=C(Cc1c[nH]c2ncccc12)N1CCS(=O)(=O)CC1,IND-SYN-6c8299e8-5,Z1400953190,False,False,s_22____3014600____7024784
O=C(CCl)NC1CCOc2ccc(Cl)cc21,IND-SYN-6c8299e8-6,False,False,FCH13466778,False
O=C(Cn1cccn1)N1CCN(S(=O)(=O)c2cccc(F)c2)CC1,IND-SYN-6c8299e8-7,Z169615266,False,False,False
O=C(CCl)Nc1cccc(N2CCCS2(=O)=O)c1,IND-SYN-6c8299e8-8,Z1562125346,False,False,m_270062____7601482____8147258
Cn1ccnc1-c1ccc(S(N)(=O)=O)cc1,IND-SYN-830dcead-1,s_271570____11771154____15479958,False,False,s_271570____11771154____15479958
O=S(=O)(NCCc1ccncc1)c1ccccc1F,IND-SYN-8bc6954a-2,Z1429481692,False,False,s_40____7119450____79355
CN1CCOc2ccc(S(N)(=O)=O)cc21,IND-SYN-8f867502-2,False,False,EN300-1989705,False
NS(=O)(=O)c1ccc(-c2ncco2)cc1,IND-SYN-a2b2ab0e-1,s_271570____11771154____15258482,False,False,s_271570____11771154____15258482
Cn1ccnc1-c1ccc(S(N)(=O)=O)cc1,IND-SYN-a2b2ab0e-2,s_271570____11771154____15479958,False,False,s_271570____11771154____15479958
Cc1ccc(C#N)cc1NS(C)(=O)=O,IND-SYN-aa221fbf-1,False,Z928568656,EN300-1654854,False
C=CC(=O)N1CCN(S(=O)(=O)c2c(F)cccc2F)CC1,JAG-SYN-9c2cd0bd-1,Z2517205789,False,False,False
O=S(=O)(c1c(F)cccc1F)N1CCc2sccc2C1,JAG-SYN-9c2cd0bd-10,Z227947560,False,False,s_40____236876____79397
C=CC(=O)N1CCC(C(=O)Nc2ccccc2)CC1,JAG-SYN-9c2cd0bd-3,Z1492363147,False,False,m_22____57709____16317522
O=C(Nc1ccccc1)N1CCc2sccc2C1,JAG-SYN-9c2cd0bd-6,False,False,False,s_2430____737066____742976
Cc1noc(C)c1CS(=O)(=O)Cc1cccc(Cl)c1,JAG-UCB-a3ef7265-1,False,Z316922768,False,s_1500____494976____494272
Cc1nnc(NC(=O)Cc2cccc(Cl)c2F)s1,JAG-UCB-a3ef7265-10,False,False,False,s_22____1155706____10338060
Cn1nnnc1NC(=O)Cc1csc(C(C)(C)C)n1,JAG-UCB-a3ef7265-11,False,Z1625004722,False,s_11____8331846____2786312
Cc1cc(C)cc(NC(=O)Cc2cnn(C)c2C)c1,JAG-UCB-a3ef7265-13,False,False,False,s_22____57925____10428876
Cc1nnc(NC(=O)Cc2cccc(Cl)c2)n1C,JAG-UCB-a3ef7265-15,False,False,False,s_22____8694396____3020518
Cc1ccc(C)c(N(C)C(=O)Cc2cnn(C)c2C)c1,JAG-UCB-a3ef7265-16,False,False,False,s_11____1126034____10428874
Cn1cnnc1NC(=O)Cc1cccc(Cl)c1,JAG-UCB-a3ef7265-17,False,Z1694793265,False,s_22____8803190____3020518
Cc1cc(C)cc(CC(=O)Nc2nncn2C)c1,JAG-UCB-a3ef7265-18,False,False,False,s_22____8803190____12131936
Cc1nn(C(C)C)c(C)c1CC(=O)Nc1nncn1C1CC1,JAG-UCB-a3ef7265-19,False,Z2226597833,False,s_22____9965356____10428916
Cn1cnnc1NC(=O)Cc1cccc(Cl)c1F,JAG-UCB-a3ef7265-2,False,False,False,s_22____8803190____10338060
CCc1ccncc1NC(=O)Cc1cccc(C(F)(F)F)n1,JAG-UCB-a3ef7265-23,False,Z2960655360,False,s_22____11688110____13226304
Cc1nnc(NC(=O)Cc2cccc(Cl)c2F)n1C,JAG-UCB-a3ef7265-4,False,False,False,s_22____8694396____10338060
Cc1c(NC(=O)Cc2cccc(Cl)c2F)cnn1C,JAG-UCB-a3ef7265-5,False,False,False,s_22____7026148____10338060
COc1c(NC(=O)Cc2cccc(Cl)c2Cl)c(C)nn1C,JAG-UCB-a3ef7265-8,False,Z1927119513,False,s_22____4970106____9451852
Cc1noc(C)c1NC(=O)Cc1cccc(Cl)c1Cl,JAG-UCB-a3ef7265-9,False,False,False,s_22____2165032____9451852
O=C(Cc1cc(Cl)cc(Cl)c1)Nc1nncs1,JAG-UCB-cedd89ab-3,False,False,False,s_22____998706____12305212
CC(=O)N1CCN(CC(=O)Nc2cccc(S(N)(=O)=O)c2)CC1,JAN-GHE-1d98ec1c-7,Z46181242,Z102844650,False,s_2230____678732____679740
C=CC(=O)N1CCN(S(=O)(=O)c2ccc(C)cc2C)CC1,JAN-GHE-4287bd1a-1,Z2517205702,False,False,False
Cc1ccc(S(=O)(=O)NC(=O)Cn2ccccc2=O)cc1,JAN-GHE-4287bd1a-2,Z442185328,False,False,s_2740____883968____882714
O=C1CCCCN(CC(=O)N2CCSc3ccccc32)C1=O,JAN-GHE-4287bd1a-5,Z2806541131,False,False,s_11____52704____12624630
N#CCCN(C(=O)CN1CCCCC(=O)C1=O)c1ccc(F)cc1,JAN-GHE-4287bd1a-6,Z2769975095,False,False,s_22____4351046____12624632
Cc1nccn1CC(=O)N(c1ccccc1)C1C=CS(=O)(=O)C1,JAN-GHE-4287bd1a-7,Z1607440029,False,False,s_7____7838062____6645
O=C(CCn1ccnc1)N(c1ccccc1)C1C=CS(=O)(=O)C1,JAN-GHE-4287bd1a-8,Z2599432013,False,False,False
O=C(Nc1cccnc1)C1=CS(=O)(=O)CCC1,JAN-GHE-4287bd1a-9,Z3292352914,False,False,s_22____57778____13259644
Cc1nnn(NC(=O)Cc2cccc(Cl)c2)c1C,JAN-GHE-5a013bed-1,False,False,False,s_22____12890528____3020518
O=C(Cc1cccc(Cl)c1)Nc1nnn[nH]1,JAN-GHE-5a013bed-11,False,Z1097410173,False,s_22____5062794____3020518
O=C(Cc1cccc(Cl)c1)Nn1cnc2ccccc21,JAN-GHE-5a013bed-2,False,False,False,s_22____294368____3020518
O=C(Cc1cccc(Cl)c1)Nn1cnc2ccccc2c1=O,JAN-GHE-5a013bed-3,False,False,False,s_11____53393____3020516
O=C(Cc1cccc(Cl)c1)Nn1cn[nH]c1=O,JAN-GHE-5a013bed-4,False,False,False,s_527____8201242____3020520
O=C(Cc1cccc(Cl)c1)Nn1cnnc1,JAN-GHE-5a013bed-5,False,False,FCH13527132,s_22____8252126____3020518
O=C(Cc1cccc(Cl)c1)Nc1cnns1,JAN-GHE-5a013bed-6,False,Z1791179504,FCH7481068,s_22____9099838____3020518
O=C(Cc1cccc(Cl)c1)Nc1nncs1,JAN-GHE-5a013bed-7,False,False,False,s_22____998706____3020518
O=C(Cc1cccc(Cl)c1)Nc1cnccn1,JAN-GHE-5a013bed-8,False,False,False,s_11____158040____3020516
Cc1ccncc1NC(=O)C(c1cccc(Cl)c1)N(C)C,JAN-GHE-83b26c96-10,False,False,False,s_22____3391102____4113138
Cc1ccc(CC(=O)Nc2cnccc2C)cc1,JAN-GHE-83b26c96-11,False,False,False,s_22____3391102____123958
Cc1ccncc1NC(=O)Cc1cccc(Br)c1,JAN-GHE-83b26c96-12,False,False,False,s_22____3391102____2562908
Cc1ccncc1NC(=O)Cc1cccc(I)c1,JAN-GHE-83b26c96-13,False,False,False,s_22____3391102____7107428
Cc1ccncc1NC(=O)Cc1cccc(C(F)(F)F)c1,JAN-GHE-83b26c96-14,False,False,False,s_22____3391102____59036
Cc1ccncc1N(C)C(=O)Cc1cccc(Cl)c1,JAN-GHE-83b26c96-15,False,False,False,s_11____8852370____3020516
CCCN(C(=O)Cc1cccc(Cl)c1)c1cccnc1,JAN-GHE-83b26c96-16,False,False,False,s_11____6673486____3020516
Cc1ccncc1NS(=O)(=O)Cc1cccc(Cl)c1,JAN-GHE-83b26c96-17,False,False,False,s_232682____6893132____10264064
O=C1NC(c2cccnc2)C(=O)N1c1cccc(Cl)c1,JAN-GHE-83b26c96-18,False,False,False,s_272126____9348554____13258892
O=C(Nc1cccnc1)Nc1cccc(Cl)c1,JAN-GHE-83b26c96-19,Z44592325,False,False,s_487____210243____150220
CC(=O)Nc1ccncc1NC(=O)C(C)c1cccc(Cl)c1,JAN-GHE-83b26c96-2,False,False,False,s_11____8633494____5826326
Cc1ccncc1NC(=O)C1(c2cccc(Cl)c2)CC1,JAN-GHE-83b26c96-20,False,False,False,s_22____3391102____488342
Cc1ccncc1NS(=O)(=O)c1cccc(Cl)c1,JAN-GHE-83b26c96-21,False,False,False,s_232682____6893132____3005064
Cc1ccncc1NC(=O)C(C)(C)c1cccc(Cl)c1,JAN-GHE-83b26c96-22,False,False,False,s_22____3391102____5183200
Cc1ccncc1-c1nc(-c2cccc(Cl)c2)no1,JAN-GHE-83b26c96-25,False,False,False,s_265764____4557820____6008026
CC(C(=O)Nc1cnccc1-n1cccn1)c1cccc(Cl)c1,JAN-GHE-83b26c96-3,False,False,False,s_11____3735180____5826326
Cc1ncncc1NC(=O)C(c1cccc(Cl)c1)C(C)C,JAN-GHE-83b26c96-7,False,False,False,s_22____14958492____6586312
CCCC(C(=O)Nc1cnccc1C)c1cccc(Cl)c1,JAN-GHE-83b26c96-8,False,False,False,s_22____3391102____12211640
Cc1ccncc1NC(=O)C(c1cccc(Cl)c1)C(C)C,JAN-GHE-83b26c96-9,False,False,False,s_22____3391102____6586312
Cc1ccncc1Cn1ccccc1=O,JAN-GHE-d851b096-6,False,False,False,s_34____34750____10978702
NS(=O)(=O)c1ccc(C(=O)N2Cc3ccccc3C(c3ccccc3)C2)cc1,JAR-IMP-ed466bb3-13,Z1982706704,False,False,s_22____2019588____60740
O=C(c1cccc2ccccc12)N1Cc2ccccc2C(c2ccccc2)C1,JAR-IMP-ed466bb3-3,False,False,False,s_22____2019588____59111
O=C(c1cc2sccc2s1)N1CCOC(CN2CCOCC2)C1,JAR-KUA-672ec752-1,Z2782173902,False,False,s_22____12386308____1180822
Cc1ccnc(CN2CCCC3(CCOC3)C2)c1,JAR-KUA-672ec752-10,Z2279157964,False,False,False
Cc1ccc2cc(CNCC(=O)N3CCN(C)CC3)[nH]c2c1,JAR-KUA-672ec752-11,Z2589661643,False,False,False
CS(=O)(=O)c1ccc(CNc2nc3ccccc3[nH]2)s1,JAR-KUA-672ec752-12,Z1815897797,False,False,s_27____9277916____644822
CCc1ccc(CN2CCN(CCc3ccns3)CC2)cc1,JAR-KUA-672ec752-13,s_2230____12896890____13152732,False,False,s_2230____12896890____13152732
CCNCc1cn(CC(=O)N2CCN(C)CC2)nn1,JAR-KUA-672ec752-14,Z2845184219,False,False,s_274090____12936042____12385694
c1ccc(OC2CN(Cc3c[nH]cn3)C2)cc1,JAR-KUA-672ec752-2,Z2015677308,False,False,s_270004____13980418____11756616
CN1CCN(C(=O)CNc2c(S(N)(=O)=O)ccc3ccccc23)CC1,JAR-KUA-672ec752-3,Z3075792052,False,False,s_27____2196926____12621818
O=S1(=O)c2ccccc2CN1CCN1CCCCC1,JAR-KUA-672ec752-5,Z2721976252,False,False,s_34____12332118____9172488
O=S(=O)(Nc1nsc2ccccc12)c1ccc2ccccc2c1,JAR-KUA-672ec752-6,Z55018459,False,False,False
c1ccc(N(Cc2ccsc2)Cc2cccc(CN3CCOCC3)c2)cc1,JAR-KUA-672ec752-7,False,False,False,s_2230____7462282____11352962
c1coc(CC2CN(Cc3cc4ccccc4[nH]3)C2)c1,JAR-KUA-672ec752-8,Z2717387516,False,False,s_270004____12222228____9451988
c1ccc2ncc(CN3CC(Cc4ccoc4)C3)cc2c1,JAR-KUA-672ec752-9,Z2978535542,False,False,False
NC(=O)c1nc(Cl)cnc1O,JAS-UND-c13ee042-1,False,False,BBV-77538590,False
O=CCc1c[nH]c2ccc(O)cc12,JOH-MEM-5e386bbd-7,False,False,BBV-39783392,False
COc1ccc2[nH]cc(CCNC(C)=O)c2c1,JOH-MSK-35a8745a-1,False,Z1191880499,EN300-6486827,s_22____4839448____58844
CC(=O)NCCc1c[nH]c2ccc(O)cc12,JOH-MSK-a63bdd1d-4,Z3206996697,False,FCH1679293,s_22____13909752____58844
COc1ccc2[nH]cc(CCN)c2c1,JOH-MSK-a63bdd1d-7,False,Z1698584701,EN300-75859,False
COc1ccc2[nH]c3c(c2c1)CCNC3,JOH-MSK-a63bdd1d-8,False,Z2574931994,EN300-374268,False
CCC(=O)NCC[C@@H]1CCc2ccc3c(c21)CCO3,JOH-MSK-ec639444-2,False,False,EN300-219936,False
CC(=O)N1CCN(C(=O)N2CCCOCC2)CC1,JOH-UNI-27ac80fd-19,Z3371917508,False,False,s_272164____14971766____9378394
O=C(CCl)N1CCN(Cc2ccc(Br)s2)CC1,JOH-UNI-27ac80fd-23,Z1562119730,Z147647732,False,m_270062____7595866____8147258
CCP(CC)(CC)=[Au]S[C@@H]1O[C@H](COC(C)=O)[C@@H](OC(C)=O)[C@H](OC(C)=O)[C@H]1OC(C)=O,JOH-UNI-44664832-2,False,False,EN300-220094,False
CC1COCCN1c1ccc(C#N)nc1,JOH-UNI-522b0723-1,Z1348340774,False,False,s_27____586756____6671606
CC1OCCN(c2ccc(C#N)nc2)C1C,JOH-UNI-522b0723-2,Z1439420781,False,False,s_27____7282634____6671606
CC1CNCCN1c1ccc(C#N)nc1,JOH-UNI-522b0723-3,Z2368273090,False,False,s_270166____16815416____16817652
CC1CN(C)CCN1c1ccc(C#N)nc1,JOH-UNI-522b0723-4,Z1798321811,False,False,s_27____4545082____6671606
COC(=O)C(c1ccccc1Cl)N1CCc2sccc2C1,JOH-UNI-a5c0a47e-1,Z286869270,Z2691943582,EN300-1666523,s_2230____678558____7467064
CCCSCC(=O)C(C#N)C(=O)Nc1ccc(F)cc1F,JOH-UNI-c7afdb96-10,False,Z762213590,False,False
Cc1ccc(NC(=O)C(C#N)C(=O)CC(C)C)cc1,JOH-UNI-c7afdb96-11,False,Z638737654,False,False
CC(C)(C)CC(=O)C(C#N)C(=O)Nc1ccccc1,JOH-UNI-c7afdb96-12,Z638912916,Z638912916,False,s_276436____14076146____14085994
Cc1cccc(NC(=O)C(C#N)C(=O)CC(C)C)c1,JOH-UNI-c7afdb96-13,Z638862034,Z638862034,False,s_276436____14076144____14085888
CCC(CC)C(=O)C(C#N)C(=O)Nc1ccc(F)cc1,JOH-UNI-c7afdb96-14,False,Z637364502,False,False
N#C/C(C(=O)NCc1ccccc1)=C(/O)CCl,JOH-UNI-c7afdb96-15,False,False,BBV-86036819,False
Cc1oncc1C(=O)Nc1ccc(C(F)(F)F)cc1,JOH-UNI-c7afdb96-18,False,False,EN300-119495,False
N#CC(C(=O)Nc1ccccc1)C(=O)c1cccs1,JOH-UNI-c7afdb96-3,Z638912910,False,False,s_276436____14076146____14085992
N#CC(C(=O)Nc1ccccc1)C(=O)c1cccc(Cl)c1,JOH-UNI-c7afdb96-4,Z638912400,Z638912400,False,s_276436____14076146____14085848
N#CC(C(=O)Nc1cccc(Cl)c1)C(=O)c1cccs1,JOH-UNI-c7afdb96-5,Z639690082,Z639690082,False,False
Cc1cccc(NC(=O)C(C#N)C(=O)C2CCCC2)c1,JOH-UNI-c7afdb96-6,Z638862226,Z638862226,False,s_276436____14076144____14085958
Cc1cccc(NC(=O)C(C#N)C(=O)C2CCC2)c1,JOH-UNI-c7afdb96-7,Z638862224,Z638862224,False,s_276436____14076144____14085956
Cc1cccc(NC(=O)C(C#N)C(=O)C2CC2)c1,JOH-UNI-c7afdb96-8,Z638861820,Z638861820,False,s_276436____14076144____14085874
CCCSCC(=O)C(C#N)C(=O)Nc1ccccc1F,JOH-UNI-c7afdb96-9,False,Z762204984,False,False
N#Cc1ccc(NC(=O)Nc2cccnc2)cc1,JOH-UNK-14e6adc5-2,Z195735586,Z195735586,False,s_487____210243____490616
COc1ccc(-n2cc(CN3CCN(C(C)=O)CC3)nn2)cc1,JOH-UNK-14e6adc5-7,False,False,False,s_273910____11993380____12888810
COc1cccc(-n2cc(CN3CCN(C(C)=O)CC3)nn2)c1,JOH-UNK-14e6adc5-8,False,False,False,s_273910____11992382____12888810
C[C@H](NC(=O)C(F)F)c1cccc(F)c1,JON-UIO-066ce08b-14,Z32586657,False,False,s_22____14933938____58886
C[C@H](NC(=O)[C@@H](C)c1ccc(F)c(F)c1)c1cccc(F)c1,JON-UIO-066ce08b-7,Z1264100733,False,False,False
Cc1ccccc1CN1CCN(C(=O)C(F)C(C)C)CC1,JON-UIO-066ce08b-9,Z1786577487,False,False,s_22____92691____9156240
C=CC(=O)Nc1cccc(C(=O)N2CCSCC2)c1,JOO-IND-6372a4f3-1,Z2517211306,False,False,m_22____848246____12546682
CC#CC(=O)Nc1cccc(C(=O)N2CCSCC2)c1,JOO-IND-6372a4f3-3,Z2013366253,False,False,s_22____2335534____9296322
C=CC(=O)N1CCN(Cc2cccc3ccccc23)CC1,JOO-IND-6372a4f3-4,False,False,False,m_273270____13659754____10884640
CC#CC(=O)N1CCN(Cc2cccc3ccccc23)CC1,JOO-IND-6372a4f3-5,Z1873143728,False,False,s_22____116680____9296322
C=CC(=O)N1CCCC(c2nc3ccccc3s2)C1,JOO-IND-b13e14cc-1,Z2517205905,Z2517205905,EN300-7519499,m_273270____12942216____10884640
CC#CC(=O)N1CCCC(c2nc3ccccc3s2)C1,JOO-IND-b13e14cc-3,Z2012938561,False,False,s_22____58771____9296322
Cc1cccc(CN2CCC(C#N)CC2)c1,JOO-PER-74f994a9-1,Z951437880,False,False,s_2230____2308274____680328
O=C(Nc1cccnc1)Nc1cccc(Cl)c1,JOR-UNI-2fc98d0b-7,Z44592325,False,False,s_487____210243____150220
N#Cc1cccc(NC(=O)Nc2cccnc2)c1,JOR-UNI-61e7b1d5-2,Z195739680,Z195739680,False,s_487____210243____768430
C=CC(=O)NCc1ccccc1S(=O)(=O)NC(C)(C)C,JUA-UNI-a9dfaed1-2,Z2517209813,False,False,m_273270____16368984____10884640
C=CC(=O)NCCC(=O)N(Cc1ccccc1)Cc1nc2ccccc2c(=O)[nH]1,JUA-UNI-a9dfaed1-5,Z1478980151,False,False,False
CCC(=O)NCc1ccccc1S(=O)(=O)NC(C)(C)C,JUA-UNI-b93289a4-2,Z854851374,False,False,s_22____2007824____58887
C=CC(=O)NCc1ccc(C(=O)NCc2cc(C)cc3c(C)c(C)[nH]c23)cc1,JUA-UNI-bc099708-2,Z970632906,False,False,False
C=CC(=O)NCc1ccc(C(=O)N[C@H](CO)c2ccc(Br)c(F)c2)cc1,JUA-UNI-bc099708-4,Z2230105989,False,False,False
O=C(Cc1c[nH]c2ncccc12)Nc1cccnc1,KAL-WAB-eb347ebe-1,Z1400781811,False,False,s_22____57778____7024784
O=C(CCl)N1CCN(S(=O)(=O)c2ccc(F)cc2)CC1,KAY-MCD-d0fe5261-1,Z147647366,Z147647366,EN300-22573,m_270062____7595260____8147258
NCCc1ccc(O)c(O)c1,KEI-TRE-bda2794f-1,False,Z262221794,EN300-19500,False
CCOC(=O)C1=CC(OC(CC)CC)C(NC(C)=O)C(N)C1,KEI-TRE-fa9ada3e-12,False,False,EN300-122356,False
Nc1nc(=O)c2ncn(CCC(CO)CO)c2[nH]1,KEI-TRE-fa9ada3e-13,False,False,EN300-1081992,False
COc1cc(C2c3cc4c(cc3C(O)C3COC(=O)C23)OCO4)cc(OC)c1OC,KEI-TRE-fa9ada3e-15,False,False,EN300-52746,False
Cc1nnc(C(=O)NC(C)(C)c2nc(C(=O)NCc3ccc(F)cc3)c(O)c(=O)n2C)o1,KEI-TRE-fa9ada3e-16,False,False,EN300-120882,False
NC(=O)c1ncn(C2OC(CO)C(O)C2O)n1,KEI-TRE-fa9ada3e-17,False,False,EN300-59237,False
CC(C)(C)NCC(O)c1ccc(O)c(CO)c1,KEI-TRE-fa9ada3e-2,False,False,EN300-365894,False
COc1ccccc1OCC(O)CO,KEI-TRE-fa9ada3e-3,False,False,BBV-38280302,False
Cn1c(=O)c2c(ncn2CC(O)CO)n(C)c1=O,KEI-TRE-fa9ada3e-4,Z57664072,False,False,s_63____245330____8671902
Cn1c(=O)c2c(ncn2CC(O)CO)n(C)c1=O,KEI-TRE-fa9ada3e-5,Z57664072,False,False,s_63____245330____8671902
N=C(N=C(N)N)N1CCOCC1,KEI-TRE-fa9ada3e-9,False,Z2160887313,EN300-216965,False
CC(=O)N1CCN(Cc2cc(O)cc(Cl)c2)CC1,KIM-UNI-2ee5d8f9-1,Z2967471722,False,False,s_270004____8127956____13429486
c1ccc2[nH]ccc2c1,KTA-UNK-dac325de-2,False,Z3371365238,False,False
c1ccncc1,KTA-UNK-dac325de-3,False,Z1741957307,EN300-17264,False
O=c1c(-c2ccccc2)coc2ccccc12,KTA-UNK-ec872bc6-2,False,False,False,s_271570____9007430____17541486
O=c1c(-c2cccnc2)coc2ccccc12,KTA-UNK-ec872bc6-5,s_271570____9487602____17541486,False,False,s_271570____9487602____17541486
O=c1c(-c2ccc(O)cc2)coc2cc(O)cc(O)c12,KTA-UNK-ec872bc6-6,False,False,EN300-210743,False
CCSc1cc(Cn2c(C3CCC(=O)N3)nnc2N2CCC(C(N)=O)CC2)ccn1,KUS-THE-322b9b63-12,False,False,False,m_273170____10758752____10759928____13935884
CC(C)N1CCC(O)(Cn2c(-c3ccc[nH]3)nnc2N(C)Cc2cnn(C)c2)CC1,KUS-THE-322b9b63-13,False,False,False,m_273170____10758748____10760352____10766698
CC(C)(Cn1c(C2CCC(=O)N2)nnc1N1CCCC(C(N)=O)C1)c1ccccc1F,KUS-THE-322b9b63-14,False,False,False,m_273170____10757464____10760184____13935884
CC(=O)N1CCN(c2nnc(C3CCC(=O)N3)n2CC(=O)Nc2c(C)cccc2C)CC1,KUS-THE-322b9b63-15,False,False,False,m_273170____10756708____10759894____13935884
NC(=O)C1CCN(c2nnc(C3CCC(=O)N3)n2CCc2cc(F)cc(F)c2)CC1,KUS-THE-322b9b63-16,False,False,False,m_273170____10757354____10759928____13935884
O=S(=O)(NC1CCCCCC1)c1ccsc1-c1nc(C2CCCN2)no1,KUS-THE-322b9b63-20,Z2442610555,False,False,False
Cc1nc(Cn2c(C3CCC(=O)N3)nnc2N2CCNC(=O)C2)sc1C,KUS-THE-322b9b63-21,False,False,False,m_273170____10758326____10765702____13935884
Cc1nnc(Cn2c(C3CCC(=O)N3)nnc2N2CCNC(=O)C2)s1,KUS-THE-322b9b63-22,False,False,False,m_273170____10758090____10765702____13935884
Cc1nc(CCn2c(C3CCC(=O)N3)nnc2N2CCOC(C)(C)C2)n[nH]1,KUS-THE-322b9b63-5,False,False,False,m_273170____10757718____10761594____13935884
OC1(Cn2c(-c3cc(Br)c[nH]3)nnc2N2CCCC2)CCCCCC1,KUS-THE-322b9b63-6,False,False,False,m_273170____10757536____10759864____10766702
O=C1CN(c2nnc(C3CCC(=O)N3)n2CCn2cc(Cl)cn2)CCN1,KUS-THE-322b9b63-7,False,False,False,m_273170____14035674____10765702____13935884
CCN(CC)c1ccc(S(N)(=O)=O)cc1,LIZ-THE-57c545eb-1,False,False,EN300-1991150,False
COc1ccc(S(N)(=O)=O)cc1,LIZ-THE-6efed59f-3,False,Z45415561,EN300-26990,s_7____626668____1157790
COC(=O)c1ccc(S(N)(=O)=O)cc1C,LIZ-THE-d3ff4653-1,False,False,EN300-1617051,False
O=C(Nc1cccnc1)C1CCN(C(=O)CCl)CC1,LON-WEI-120e5cf5-11,Z3766261117,False,False,m_270062____16423224____8147258
Cc1ccnc(NC(=O)C2CCN(C(=O)CCl)CC2)c1,LON-WEI-120e5cf5-13,Z1562127316,False,False,False
O=C(Nc1ccccc1)C1CCN(C(=O)CCl)CC1,LON-WEI-120e5cf5-15,Z199424114,Z199424114,EN300-24638,m_270062____7598736____8147258
O=C(Nc1ccccc1Br)C1CCN(C(=O)CCl)CC1,LON-WEI-120e5cf5-16,Z1562135488,False,False,False
Cc1cccnc1NC(=O)C1CCN(C(=O)CCl)CC1,LON-WEI-120e5cf5-21,Z1562127314,False,False,False
CN(C(=O)C1CCN(C(=O)CCl)CC1)c1ccccc1,LON-WEI-120e5cf5-5,Z1562134354,False,False,False
O=C(CCl)Nc1cccc(N2CCCC2=O)c1,LON-WEI-8f408cad-1,Z199423638,False,EN300-24592,m_270062____7596708____8147258
O=C(CCl)N1CCN(S(=O)(=O)c2c(F)cccc2F)CC1,LON-WEI-8f408cad-2,Z212045114,False,EN300-22862,False
O=C(CCl)N1CCN(S(=O)(=O)c2cccs2)CC1,LON-WEI-8f408cad-3,Z212045150,False,EN300-23037,False
O=C(CCl)N1CCN(S(=O)(=O)c2cccc(F)c2)CC1,LON-WEI-8f408cad-4,Z147647642,False,EN300-22860,False
O=C(CCl)N1CCN(Cc2cccs2)CC1,LON-WEI-8f408cad-5,Z1562120010,False,False,m_270062____7596146____8147258
O=C(CCc1c[nH]nn1)NC(Cn1cccn1)c1ccccc1,LON-WEI-8f408cad-6,Z2771389038,False,False,s_22____5535204____10803970
O=C(CCl)N1CCN(Cc2ccsc2)CC1,LON-WEI-8f408cad-7,Z1562120350,False,False,m_270062____7596486____8147258
C=CC(=O)N(c1ccc(N(C)C)c(C)c1)C(C(=O)Nc1ccc(Cl)cc1)c1cccnc1,LON-WEI-b8d98729-11,False,Z4438424285,False,False
C=CC(=O)N(c1ccc(N(C)C)c(C)c1)C(C(=O)Nc1ccccc1Br)c1cccnc1,LON-WEI-b8d98729-13,False,Z4438424214,False,False
C=CC(=O)N(c1ccc(N(C)C)c(C)c1)C(C(=O)Nc1ccc(Br)cc1)c1cccnc1,LON-WEI-b8d98729-14,False,Z4439011560,False,False
C=CC(=O)N(c1cc(C(C)(C)C)on1)C(C(=O)Nc1cccc(CC)c1)c1cccnc1,LON-WEI-b8d98729-15,False,Z4439011525,False,False
C=CC(=O)N(c1ccc(N(C)C)c(C)c1)C(C(=O)Nc1cccc(CC)c1)c1cccnc1,LON-WEI-b8d98729-16,False,Z4438424264,False,False
C=CC(=O)N(c1ccc(C(C)OC)cc1)C(C(=O)Nc1ccccc1Br)c1cccnc1,LON-WEI-b8d98729-19,False,Z4438424215,False,False
C=CC(=O)N(c1ccc(SC)cc1)C(C(=O)Nc1c(C)cccc1CC)c1cccnc1,LON-WEI-b8d98729-2,False,Z4439011579,False,False
C=CC(=O)N(c1cc(C(C)(C)C)n[nH]1)C(C(=O)Nc1c(C)cccc1CC)c1cccnc1,LON-WEI-b8d98729-20,False,Z4439011584,False,False
C=CC(=O)N(c1cc(C(C)(C)C)n[nH]1)C(C(=O)Nc1ccc(Cl)cc1)c1cccnc1,LON-WEI-b8d98729-21,False,Z4439011532,False,False
C=CC(=O)N(c1cc(C(C)(C)C)on1)C(C(=O)NC(C)(C)C)c1cccnc1,LON-WEI-b8d98729-23,False,Z4439011607,False,False
C=CC(=O)N(c1ccc2ncsc2c1)C(C(=O)Nc1ccc(OC)cc1)c1cccnc1,LON-WEI-b8d98729-25,False,Z4439011543,False,False
C=CC(=O)N(c1ccc(C(C)C)nc1)C(C(=O)Nc1ccc(OC)cc1C)c1cccnc1,LON-WEI-b8d98729-26,False,Z4439011523,False,False
C=CC(=O)N(c1ccc(S(F)(F)(F)(F)F)cc1)C(C(=O)Nc1c(C)cccc1CC)c1cccnc1,LON-WEI-b8d98729-29,False,Z4439011585,False,False
C=CC(=O)N(c1ccc(C(C)C)nc1)C(C(=O)NC(C)(C)C)c1cccnc1,LON-WEI-b8d98729-32,False,Z4439011614,False,False
CNS(=O)(=O)Cc1ccc2[nH]cc(CCN(C)C)c2c1,LON-WEI-b8d98729-34,False,False,EN300-123008,False
C=CC(=O)N(c1ccc(C(C)(C)CC)cc1)C(C(=O)Nc1ccc(Br)cc1)c1cccnc1,LON-WEI-b8d98729-35,False,Z4439011564,False,False
C=CC(=O)N(c1ccc(C(C)(C)CC)cc1)C(C(=O)Nc1cccc(F)c1C)c1cccnc1,LON-WEI-b8d98729-36,False,Z4439011603,False,False
CC(=O)N1CCN(CC(=O)Nc2cccc(S(N)(=O)=O)c2)CC1,LON-WEI-b8d98729-4,Z46181242,Z102844650,False,s_2230____678732____679740
C=CC(=O)N(c1ccc(C(F)(F)F)cc1)C(C(=O)Nc1ccccc1Br)c1cccnc1,LON-WEI-b8d98729-41,False,Z4438424211,False,False
C=CC(=O)N(c1ccc(N(C)C)c(C)c1)C(C(=O)Nc1c(C)cccc1CC)c1cccnc1,LON-WEI-b8d98729-42,False,Z4439011586,False,False
C=CC(=O)N(c1cc(C(C)(C)C)on1)C(C(=O)Nc1ccc(OC)cc1C)c1cccnc1,LON-WEI-b8d98729-43,False,Z4439011520,False,False
C=CC(=O)N(c1cc(C(C)(C)C)on1)C(C(=O)Nc1c(C)cccc1CC)c1cccnc1,LON-WEI-b8d98729-46,False,Z4439011581,False,False
CCC(=O)O[C@@H](OP(=O)(CCCCc1ccccc1)CC(=O)N1C[C@H](C2CCCCC2)C[C@H]1C(=O)O)C(C)C,LON-WEI-b8d98729-5,False,False,EN300-1710061,False
C=CC(=O)N(c1ccc(S(F)(F)(F)(F)F)cc1)C(C(=O)NC(C)(C)C)c1cccnc1,LON-WEI-b8d98729-7,False,Z4439011611,False,False
C=CC(=O)N(c1ccc2ncsc2c1)C(C(=O)Nc1ccc(Br)cc1)c1cccnc1,LON-WEI-b8d98729-9,False,Z4439011556,False,False
C=CC(=O)N(c1ccc(C2(C)CC2)cc1)C(C(=O)NC(C)(C)C)c1cccnc1,LON-WEI-d1c9908a-1,False,Z4444602562,False,False
C=CC(=O)N(c1ccc(C(C)(C)C)cc1)C(C(=O)Nc1c(C)cccc1CC)c1cccnc1,LON-WEI-d1c9908a-10,False,Z4444602585,False,False
C=CC(=O)N(c1ccc(C2(C)CC2)cc1)C(C(=O)Nc1ccc(Br)cc1)c1cccnc1,LON-WEI-d1c9908a-11,False,Z4444602583,False,False
C=CC(=O)N(c1ccc(C(C)(C)CC)cc1)C(C(=O)Nc1ccccc1Br)c1cccnc1,LON-WEI-d1c9908a-12,False,Z4438424217,False,False
C=CC(=O)N(c1ccc(C2(C)CC2)cc1)C(C(=O)Nc1cccc(F)c1C)c1cccnc1,LON-WEI-d1c9908a-13,False,Z4444602592,False,False
C=CC(=O)N(c1ccc(C2(C)CC2)cc1)C(C(=O)Nc1ccc(Cl)cc1)c1cccnc1,LON-WEI-d1c9908a-2,False,Z4444602570,False,False
C=CC(=O)N(c1ccc(C(C)(C)C)cc1)C(C(=O)Nc1ccc(OC)cc1C)c1cccnc1,LON-WEI-d1c9908a-3,False,Z4438424249,False,False
C=CC(=O)N(c1ccc(C2(C)CC2)cc1)C(C(=O)Nc1ccc(OC)cc1C)c1cccnc1,LON-WEI-d1c9908a-4,False,Z4444602596,False,False
C=CC(=O)N(c1ccc(C2(C)CC2)cc1)C(C(=O)Nc1ccc(OC)cc1)c1cccnc1,LON-WEI-d1c9908a-5,False,Z4444602578,False,False
C=CC(=O)N(c1ccc(C2(C)CC2)cc1)C(C(=O)Nc1cccc(CC)c1)c1cccnc1,LON-WEI-d1c9908a-6,False,Z4444602566,False,False
C=CC(=O)N(c1ccc(C(C)(C)C)cc1)C(C(=O)Nc1ccc(OC)cc1)c1cccnc1,LON-WEI-d1c9908a-7,False,Z4444602576,False,False
C=CC(=O)N(c1ccc(C2(C)CC2)cc1)C(C(=O)Nc1c(C)cccc1CC)c1cccnc1,LON-WEI-d1c9908a-8,False,Z4444602587,False,False
C=CC(=O)N(c1ccc(C(C)(C)C)cc1)C(C(=O)Nc1cccc(F)c1C)c1cccnc1,LON-WEI-d1c9908a-9,False,Z4444602590,False,False
COc1cccc(CNC(=O)N2CCN(C(=O)N3CCCCC3)CC2)c1,LUI-IND-2c46affe-3,Z402424598,False,False,s_2708____905766____912764
O=c1cc(C(F)(F)F)oc2cc(F)ccc12,LYN-UNI-7bb260d6-13,False,False,FCH3111004,False
Cc1cc(O)cc(C)c1Cl,MAK-UNK-0cb6a3ad-1,False,Z3953116415,EN300-39884,False
CC1CCC(C(C)C)C(O)C1,MAK-UNK-0cb6a3ad-5,False,Z1255438640,EN300-92163,False
CC1CCC(C(C)C)C(=O)C1,MAK-UNK-0cb6a3ad-7,False,Z56347247,EN300-383879,False
Cc1coc2c1CCC(C)C2,MAK-UNK-0cb6a3ad-8,False,False,BBV-109263053,False
CC(C)=C1CCC(C)CC1=O,MAK-UNK-0cb6a3ad-9,False,False,EN300-220670,False
CC(C(=O)O)c1ccc2c(c1)[nH]c1ccc(Cl)cc12,MAK-UNK-0d6072ac-4,False,Z1814381791,EN300-120629,False
CS(=O)(=O)Nc1cccc(C(=O)Nc2cccc(N3CCCC3=O)c2)c1,MAK-UNK-1e8f9e3c-1,Z102622686,Z102622686,False,s_22____127815____59988
CC(=O)C1CCN(Cc2ccsc2)CC1,MAK-UNK-212f693e-15,False,False,False,s_2230____10738202____12876094
CCC(=O)N1CCN(Cc2ccsc2)CC1,MAK-UNK-212f693e-7,False,Z110132302,False,s_22____137027____58887
O=C(CCl)N1CCN(Cc2ccsc2)CC1,MAK-UNK-212f693e-8,Z1562120350,False,False,m_270062____7596486____8147258
CCn1cc(CNC(=O)c2cccnc2)cn1,MAK-UNK-2c1752f0-1,Z275181224,Z275181224,False,s_22____10155108____58868
CC(=O)C(C)c1cccnc1,MAK-UNK-2c1752f0-2,False,False,BBV-41757183,False
Brc1cccnc1,MAK-UNK-2c1752f0-3,False,Z1250132521,EN300-19110,False
CC(C)Nc1cccnc1,MAK-UNK-2c1752f0-4,False,Z2574930241,EN300-56005,False
CCS(=O)(=O)Nc1ccccc1F,MAK-UNK-2c1752f0-5,False,Z53825177,EN300-116204,False
CC(=O)N1CCN(S(=O)(=O)c2ccsc2)CC1,MAK-UNK-4c6b313a-1,Z2068569549,False,False,s_40____79524____10118994
CCCNC(=O)CCOc1ccc(C)cc1,MAK-UNK-5e88aa6a-1,Z33029230,False,False,s_22____58027____59338
CC(C)=CCN1CCC(O)CC1,MAK-UNK-5e88aa6a-12,False,False,False,s_2230____679016____681184
Cc1ccc(-c2ccsc2)cn1,MAK-UNK-5e88aa6a-14,s_271570____9007614____11652296,False,False,s_271570____9007614____11652296
Cc1ccc(-c2ccsc2)nc1,MAK-UNK-5e88aa6a-15,False,False,False,s_271570____9007614____13455692
CC(=O)N1CCN(S(=O)(=O)c2cccs2)CC1,MAK-UNK-6435e6c2-1,Z29501928,Z29501928,False,s_40____79524____79334
CC(=O)N1CCN(S(=O)(=O)c2ccsc2)CC1,MAK-UNK-6435e6c2-10,Z2068569549,False,False,s_40____79524____10118994
CC(=O)N1CCN(S(=O)(=O)c2ccsc2)CC1,MAK-UNK-6435e6c2-11,Z2068569549,False,False,s_40____79524____10118994
CC(=O)N1CCN(Cc2cccs2)CC1,MAK-UNK-6435e6c2-2,Z73427756,False,False,s_22____103199____58844
CC(=O)N1CCN(Cc2ccsc2)CC1,MAK-UNK-6435e6c2-3,Z110132172,Z110132172,False,s_22____137027____58844
CC(=O)Nc1cccc(N2CCCC2=O)c1,MAK-UNK-6435e6c2-4,Z55670923,False,False,s_22____127815____58844
CC(=O)N1CCN(S(=O)(=O)c2cccc(F)c2)CC1,MAK-UNK-6435e6c2-5,Z30722976,Z30722976,False,s_40____79524____79342
CC(=O)N1CCN(S(=O)(=O)c2c(F)cccc2F)CC1,MAK-UNK-6435e6c2-6,Z30727410,False,False,False
COC(=O)c1cccc(NS(C)(=O)=O)c1,MAK-UNK-6435e6c2-7,Z24758179,Z24758179,EN300-318985,s_276436____14076652____14086514
CC(=O)Nc1cnccc1C,MAK-UNK-6435e6c2-8,False,Z1129283193,EN300-303896,s_22____3391102____58844
CC1C(O)CCCN1Cc1ccccc1,MAK-UNK-6435e6c2-9,False,Z2217052426,EN300-223218,False
N#Cc1nccc(NC(=O)CCl)n1,MAK-UNK-72659d64-1,False,False,False,m_270062____16414050____8147258
Cc1cnc(C#N)[nH]1,MAK-UNK-7732b35b-1,False,Z1203734733,EN300-313639,False
N#Cc1ncc(-c2cccs2)[nH]1,MAK-UNK-7732b35b-14,False,False,BBV-106075793,False
N#Cc1nccn1-c1cccs1,MAK-UNK-7732b35b-15,False,False,BBV-94974082,False
Cc1c[nH]c(C#N)n1,MAK-UNK-7732b35b-2,False,Z1203734733,EN300-313639,False
O=C(CCl)Nc1cccc(N2CCCC2=O)c1,MAK-UNK-7a704a63-10,Z199423638,False,EN300-24592,m_270062____7596708____8147258
CC(=O)Nc1cccc(N2CCNC2=O)c1,MAK-UNK-7a704a63-2,False,False,False,s_22____774648____58844
CCC(=O)Nc1cccc(N2CCCC2=O)c1,MAK-UNK-7a704a63-9,False,Z95981147,False,s_22____127815____58887
CS(=O)(=O)Nc1cccc(C(=O)OCC(=O)Nc2cccc(N3CCCC3=O)c2)c1,MAK-UNK-9159f8ed-4,Z201863772,False,False,False
CS(=O)(=O)Nc1cccc(C(=O)Nc2cccc(N3CCCC3=O)c2)c1,MAK-UNK-9159f8ed-6,Z102622686,Z102622686,False,s_22____127815____59988
c1ccc(OC2CCN(Cc3ccsc3)CC2)nc1,MAK-UNK-a7992eb3-16,Z1563440331,False,False,s_2230____15731046____12876094
CC1CCN(c2ccsc2)CC1,MAK-UNK-acefcb18-12,False,False,BBV-148961859,False
CN1CCN(c2ccc(CN3CCC(O)CC3)cc2)CC1,MAK-UNK-acefcb18-27,False,False,False,s_270004____8128554____8300602
Cc1ccc(CC(=O)NCCCc2ccsc2)cc1,MAK-UNK-acefcb18-8,Z3091787313,False,False,s_22____13903744____123958
O=C(Nc1ccc(Oc2ncccn2)cc1)C(=O)N1CCN(Cc2cccs2)CC1,MAK-UNK-b1d4dcd7-3,Z755740660,False,False,False
CC(=O)Oc1cccc(N2CCCC2=O)c1,MAK-UNK-c8c8f7e2-1,False,False,False,s_276436____14076004____14088324
CC(=O)Nc1cccc(N2CCNC2=O)c1,MAK-UNK-c8c8f7e2-14,False,False,False,s_22____774648____58844
Cc1cccc(CCCN2CCC(O)CC2)c1,MAK-UNK-e4a48a85-9,False,False,False,s_2230____679016____8367448
Cc1ccnc(C#N)n1,MAK-UNK-ed378e62-1,False,Z1913661196,EN300-188660,False
N#Cc1nccc(-c2cccs2)n1,MAK-UNK-ed378e62-17,False,False,BBV-106071945,False
Cc1cnc(C#N)nc1,MAK-UNK-ed378e62-2,False,Z1255367306,EN300-116958,False
N#Cc1ncc(-c2cccs2)cn1,MAK-UNK-ed378e62-26,False,False,False,s_271570____9007432____13837796
N#Cc1ncc(-c2ccsc2)cn1,MAK-UNK-ed378e62-27,False,False,False,s_271570____9007614____13837796
N#Cc1nccc(O)n1,MAK-UNK-ed378e62-3,False,Z1742148364,EN300-157033,False
N#Cc1ncc(-c2cncnc2)cn1,MAK-UNK-ed378e62-38,False,False,False,s_271570____10128390____13837796
N#Cc1ncc(O)cn1,MAK-UNK-ed378e62-4,False,Z1255431911,EN300-152697,False
COc1ccnc(C#N)n1,MAK-UNK-ed378e62-5,False,False,EN300-138071,False
COc1cnc(C#N)nc1,MAK-UNK-ed378e62-6,False,False,BBV-38276631,s_7____9043022____1157790
CNc1ccnc(C#N)n1,MAK-UNK-ed378e62-9,False,False,BBV-38310815,False
COc1ccc2[nH]cc(CCNS(C)(=O)=O)c2c1,MAR-UNI-9ca61fdc-1,False,Z1316790959,False,False
O=C(CCl)N1CCN(Cc2cc(O)cc(Cl)c2)CC1,MAT-POS-2db6411e-2,False,Z4450620215,False,False
N#CCN1CCN(Cc2cc(Cl)cc3ccccc23)CC1,MAT-POS-4e253971-1,False,Z4450659665,False,False
C=CC(=O)N1CCN(Cc2cc(Cl)cc3ccccc23)CC1,MAT-POS-4e253971-2,False,Z4450659664,False,False
COc1ccc2nc(C)cc(C(=O)NN)c2c1,MAT-POS-4e253971-3,False,Z1526698797,False,False
CO[C@H](C)C(=O)Nc1cnccc1C,MAT-POS-590ac91e-1,False,False,False,s_22____3391102____15417894
Cc1ccncc1NC(=O)CCOC1CC1,MAT-POS-590ac91e-10,False,False,False,s_22____3391102____14416032
Cc1ccncc1NC(=O)CC(C)C(C)C,MAT-POS-590ac91e-11,False,False,False,s_22____3391102____3020648
Cc1ccncc1NC(=O)[C@@H]1CNC(=O)O1,MAT-POS-590ac91e-12,False,False,False,s_22____3391102____10738618
CC(=O)N[C@@H](C)C(=O)Nc1cnccc1C,MAT-POS-590ac91e-13,False,False,False,s_22____3391102____17512206
Cc1ccncc1NC(=O)CCc1ccn[nH]1,MAT-POS-590ac91e-17,False,False,False,s_22____3391102____13968894
Cc1ccncc1NC(=O)[C@@H]1[C@H]2CCCC[C@H]21,MAT-POS-590ac91e-19,False,False,False,s_22____3391102____16520594
CO[C@@H](C)C(=O)Nc1cnccc1C,MAT-POS-590ac91e-2,False,False,False,s_22____3391102____16232090
Cc1ccnc(C)c1NC(=O)C1CC2CC2C1,MAT-POS-590ac91e-20,False,False,False,s_11____10117600____11971764
Cc1ccncc1NC(=O)C1CCC2(CC2)C1,MAT-POS-590ac91e-21,False,False,False,s_22____3391102____16472528
Cc1ccncc1NC(=O)C1CCC12CCC2,MAT-POS-590ac91e-22,False,False,False,s_22____3391102____16915728
Cc1ccncc1NC(=O)CC1CC2CC2C1,MAT-POS-590ac91e-23,False,False,False,s_22____3391102____15159066
Cc1ccncc1NC(=O)CC1CC2(CC2)C1,MAT-POS-590ac91e-24,False,False,False,s_22____3391102____15352730
Cc1ccncc1NC(=O)CC12CCCC1C2,MAT-POS-590ac91e-25,False,False,False,s_22____3391102____16795270
Cc1ccncc1NC(=O)[C@H]1C[C@](O)(C#N)C1,MAT-POS-590ac91e-26,False,False,False,s_22____3391102____14580216
Cc1ccncc1NC(=O)C1(C#N)CCOC1,MAT-POS-590ac91e-27,False,False,False,s_22____3391102____12497834
O=C(NCC1COc2ccccc2O1)c1cc(=O)[nH]c2ccc(F)cc12,MAT-POS-590ac91e-30,False,False,False,s_22____419560____5350556
O=C(NCC1COc2ccccc2O1)c1cc(=O)[nH]c2cc(F)ccc12,MAT-POS-590ac91e-31,False,False,False,s_22____419560____5448680
COc1ccccc1OCCNC(=O)c1cc(=O)[nH]c2cc(F)ccc12,MAT-POS-590ac91e-32,False,False,False,s_22____58494____5448680
CN(CC1COc2ccccc2O1)C(=O)c1cc(=O)[nH]c2ccc(F)cc12,MAT-POS-590ac91e-33,False,False,False,s_22____58594____5350556
CN(CC1COc2ccccc2O1)C(=O)c1cc(=O)[nH]c2cc(F)ccc12,MAT-POS-590ac91e-34,False,False,False,s_22____58594____5448680
COc1ccccc1OCCN(C)C(=O)c1cc(=O)[nH]c2cc(F)ccc12,MAT-POS-590ac91e-37,False,False,False,s_22____1055218____5448680
COc1ccccc1OC(C)CNC(=O)c1cc(=O)[nH]c2cc(F)ccc12,MAT-POS-590ac91e-38,False,False,False,s_22____6108748____5448680
COc1ccccc1OC(C)CNC(=O)c1cc(=O)[nH]c2ccc(F)cc12,MAT-POS-590ac91e-39,False,False,False,s_22____6108748____5350556
Cc1ccncc1NC(=O)C12CC(CO1)C2,MAT-POS-590ac91e-4,False,False,False,m_22____3391102____14722464
COc1ccccc1OCCNC(=O)c1cc(=O)[nH]c2ccc(Cl)cc12,MAT-POS-590ac91e-42,False,False,False,s_22____58494____4145150
COc1ccccc1OCCN(C)C(=O)c1cc(=O)[nH]c2ccc(Cl)cc12,MAT-POS-590ac91e-43,False,False,False,s_22____1055218____4145150
CCOc1ccccc1OC1CCN(C(=O)c2c(C)c(=O)[nH]c3ccccc23)C1,MAT-POS-590ac91e-45,False,False,False,s_22____14587402____13422052
CC1(C)Cc2cccc(OCCNC(=O)c3cc(=O)[nH]c4cc(F)ccc34)c2O1,MAT-POS-590ac91e-46,False,False,False,s_22____602718____5448680
CC1(C)Cc2cccc(OCCNC(=O)c3cc(=O)[nH]c4ccc(F)cc34)c2O1,MAT-POS-590ac91e-47,False,False,False,s_22____602718____5350556
CCOc1ccccc1OC1CCN(C(=O)c2cc(=O)[nH]c3ccc(F)cc23)C1,MAT-POS-590ac91e-48,False,False,False,s_22____14587402____5350556
CCOc1ccccc1OC1CCN(C(=O)c2cc(=O)[nH]c3cc(F)ccc23)C1,MAT-POS-590ac91e-49,False,False,False,s_22____14587402____5448680
Cc1ccncc1NC(=O)C(C)CC1CC1,MAT-POS-590ac91e-5,False,False,False,s_22____3391102____15349774
CCCN(CC1COc2ccccc2O1)C(=O)c1cc(=O)[nH]c2cc(F)ccc12,MAT-POS-590ac91e-50,False,False,False,s_22____729790____5448680
CCN(CC1COc2ccccc2O1)C(=O)c1cc(=O)[nH]c2ccc(Cl)cc12,MAT-POS-590ac91e-51,False,False,False,s_22____4247028____4145150
CCN(CC1COc2ccccc2O1)C(=O)c1cc(=O)[nH]c2ccc([N+](=O)[O-])cc12,MAT-POS-590ac91e-52,False,False,False,s_22____4247028____4639480
CC1(C)Cc2cccc(OCCNC(=O)c3cc(=O)[nH]c4ccc(Cl)cc34)c2O1,MAT-POS-590ac91e-53,False,False,False,s_22____602718____4145150
CCCN(CC1COc2ccccc2O1)C(=O)c1cc(=O)[nH]c2ccc(Cl)cc12,MAT-POS-590ac91e-55,False,False,False,s_22____729790____4145150
O=C(c1cc(=O)[nH]c2ccc(F)cc12)N1CCN(S(=O)(=O)c2ccccc2)CC1,MAT-POS-590ac91e-56,False,False,False,s_22____411360____5350556
O=C(c1cc(=O)[nH]c2cc(F)ccc12)N1CCN(S(=O)(=O)c2ccccc2)CC1,MAT-POS-590ac91e-57,False,False,False,s_22____411360____5448680
O=C(c1cc(=O)[nH]c2ccc(Cl)cc12)N1CCN(S(=O)(=O)c2ccccc2)CC1,MAT-POS-590ac91e-58,False,False,False,s_22____411360____4145150
N#Cc1ccc(S(=O)(=O)N2CCN(C(=O)c3cc(=O)[nH]c4ccc(F)cc34)CC2)cc1,MAT-POS-590ac91e-59,False,False,False,s_22____469476____5350556
Cc1ccncc1NC(=O)CC1(CO)CC1,MAT-POS-590ac91e-6,False,False,False,s_22____3391102____7101322
N#Cc1ccc(S(=O)(=O)N2CCN(C(=O)c3cc(=O)[nH]c4cc(F)ccc34)CC2)cc1,MAT-POS-590ac91e-60,False,False,False,s_22____469476____5448680
COc1ccc(S(=O)(=O)N2CCN(C(=O)c3cc(=O)[nH]c4cc(F)ccc34)CC2)cc1,MAT-POS-590ac91e-65,False,False,False,s_22____58337____5448680
O=C(c1cc(=O)[nH]c2ccc(F)cc12)N1CCN(S(=O)(=O)c2ccc(Cl)cc2)CC1,MAT-POS-590ac91e-67,False,False,False,s_22____58320____5350556
O=C(c1cc(=O)[nH]c2ccc(F)cc12)N1CCN(S(=O)(=O)c2ccccc2Cl)CC1,MAT-POS-590ac91e-68,False,False,False,s_22____443626____5350556
O=C(c1cc(=O)[nH]c2ccc(F)cc12)N1CCN(S(=O)(=O)c2cccc(Cl)c2)CC1,MAT-POS-590ac91e-69,False,False,False,s_22____414298____5350556
Cc1ccncc1NC(=O)CC(O)C1CC1,MAT-POS-590ac91e-7,False,False,False,s_22____3391102____13940496
COC1(CC(=O)Nc2cnccc2C)CC1,MAT-POS-590ac91e-9,False,False,False,s_22____3391102____13654548
COC(=O)c1ccc(S(N)(=O)=O)cc1,MAT-POS-7dfc56d9-1,False,Z18197050,EN300-270494,False
COc1ccc(C2CC(c3cccs3)=NN2C(=O)CCl)cc1OC,MAT-POS-916a2c5a-1,False,False,EN300-07549,False
COc1ccccc1OCCNC(=O)c1cc(=O)[nH]c2ccccc12,MAT-POS-916a2c5a-2,False,False,False,s_22____58494____59160
Cc1cc(C)c(C)c(S(=O)(=O)N2CCN(C(=O)c3cc(=O)[nH]c4ccccc34)CC2)c1C,MAT-POS-916a2c5a-3,False,False,False,s_22____413354____59160
C=CC(=O)N1CCN(C(=O)c2cccc(Cl)c2)CC1,MED-COV-4280ac29-14,False,Z3488528853,EN300-6688957,m_273270____12942964____10884640
O=C(CCl)N1CCN(Cc2cccc(Cl)c2)CC1,MED-COV-4280ac29-15,Z1562119726,Z147647726,False,m_270062____7595862____8147258
O=C(CCl)N1CCN(Cc2cccc(Cl)c2)CC1,MED-COV-4280ac29-16,Z1562119726,Z147647726,False,m_270062____7595862____8147258
O=C(CCl)N1CCN(Cc2cccc3ccccc23)CC1,MED-COV-4280ac29-31,False,False,False,m_270062____7596080____8147258
CC1(CC(=O)Nc2cccnc2)CCCCC1,MED-UNK-e6e8ef8a-6,Z1505719738,False,False,False
CC(=O)N1CCCc2cc(NCc3ccc(F)cc3Cl)ccc21,MIC-IOC-304754b1-2,Z1462694936,False,False,s_207____7458294____7344042
Cc1ccncc1NC(=O)Cc1ccsc1,MIH-UNI-6b9ca91a-1,Z1129283352,False,False,s_22____3391102____59030
O=C(O)C1=C[C@@H](O)[C@@H](O)[C@H](O)C1,NAA-THE-6df3c070-1,False,False,EN300-208879,False
Cc1nnc(CN2CCCc3ccc(S(N)(=O)=O)cc32)s1,NAU-LAT-42d4957e-4,Z1583996239,False,False,s_2230____7463156____8265382
O=S(=O)(CCc1ccccc1)Nc1cccnc1,NAU-LAT-445f63e5-1,Z1335823948,False,False,s_232682____3192162____6007086
O=S(=O)(Cc1ccc(F)cc1)Nc1cccnc1,NAU-LAT-445f63e5-2,Z274592070,False,False,s_232682____3192162____3005350
O=S(=O)(Cc1noc(C2CC2)n1)Nc1cccnc1,NAU-LAT-445f63e5-3,Z3547550267,False,False,s_232682____3192162____15393774
N#Cc1cccnc1NS(=O)(=O)Cc1ccccc1,NAU-LAT-445f63e5-4,Z1797132035,False,False,False
O=S(=O)(Cc1ccccc1)Nc1cnccc1N1CCCC1,NAU-LAT-445f63e5-5,Z2443818794,False,False,s_232682____10336516____7676760
O=C(Nc1cccnc1)NC1(Cc2ccccc2)CCOCC1,NAU-LAT-445f63e5-6,Z2290913741,False,False,s_2430____881164____10857390
O=S(=O)(NC1(Cc2ccccc2)CCOCC1)c1cccnc1,NAU-LAT-445f63e5-7,Z2279774120,False,False,s_40____10857380____8900098
NC(=O)C1CCCN1CC(=O)Nc1cccnc1,NAU-LAT-64f4b287-10,False,False,False,s_2230____678826____4933042
O=C(CCl)N1CCN(Cc2nc(-c3cccs3)no2)CC1,NAU-LAT-64f4b287-3,False,False,False,m_270062____7597420____8147258
COc1ccc2c(c1)CN(C(=O)CCl)C(c1ccccc1)C2,NAU-LAT-64f4b287-4,False,False,False,m_270062____7624614____8147258
Cc1nnc(C2Cc3ccccc3CN2C(=O)CCl)o1,NAU-LAT-64f4b287-5,False,False,False,m_270062____7619036____8147258
O=C(Nc1ccccc1)c1ccc2[nH]ccc2c1,NAU-LAT-64f4b287-8,False,False,False,s_22____57709____4146132
O=C(Cc1cccnc1)NCc1ccccc1,NAU-LAT-64f4b287-9,False,False,False,s_22____57696____7459856
CC(C)[C@H](O)C(=O)NCCc1c[nH]c2ccc(F)cc12,NAU-LAT-81109c57-1,Z2196667700,False,False,s_22____9631354____10210488
O=C(NCCc1c[nH]c2ccc(F)cc12)[C@@H]1CCCN1,NAU-LAT-81109c57-2,Z2448984176,False,False,s_240690____17029356____3025726
CN1CCC[C@H]1C(=O)NCCc1c[nH]c2ccc(F)cc12,NAU-LAT-81109c57-4,Z2878943092,False,False,s_22____9631354____12206072
NCCC(=O)NCCc1c[nH]c2ccc(F)cc12,NAU-LAT-81109c57-8,Z2437756106,False,False,s_240690____17029356____3025680
O=C(Cc1c[nH]c2ncccc12)NC1CCNCC1,NIC-BIO-25446079-1,Z2439807088,False,False,s_270006____11615268____8415918
NC1CCN(C(=O)Cc2c[nH]c3ncccc23)CC1,NIC-BIO-25446079-2,Z2439773192,False,False,s_270006____11615262____8415918
CN1CCC(NC(=O)Cc2c[nH]c3ncccc23)CC1,NIC-BIO-25446079-3,Z1400804273,False,False,s_22____130461____7024784
CNC1CCN(C(=O)Cc2c[nH]c3ncccc23)CC1,NIC-BIO-25446079-4,Z2440272213,False,False,s_240690____16439366____7416416
CC1CN(C)CCN1C(=O)Cc1c[nH]c2ncccc12,NIC-BIO-29f4a211-1,False,False,False,s_22____4545080____7024784
CCC1CN(C)CCN1C(=O)Cc1c[nH]c2ncccc12,NIC-BIO-29f4a211-2,False,False,False,s_22____10549676____7024784
CC(=O)N[C@@H](Cc1c[nH]c2ccccc12)C(=O)NCc1ccccc1,NIC-BIO-3276ca7f-7,Z56946799,Z56946799,False,s_22____57696____17512138
CC(=O)N[C@@H](Cc1ccc(O)cc1)C(=O)NCC1CCN(C)CC1,NIC-BIO-a68395b7-1,s_22____2563306____17513450,False,False,s_22____2563306____17513450
CC(=O)N[C@@H](Cc1ccc(O)cc1)C(=O)NCc1ccc(C#N)cc1,NIC-BIO-a68395b7-2,s_22____5145036____17513450,False,False,s_22____5145036____17513450
CC(=O)N[C@@H](Cc1ccc(O)cc1)C(=O)NCc1ccc(Cl)cc1,NIC-BIO-a68395b7-3,s_22____57683____17513450,False,False,s_22____57683____17513450
CC(=O)N[C@@H](Cc1ccc(O)cc1)C(=O)NCc1cccc(Cl)c1,NIC-BIO-a68395b7-4,s_22____57907____17513450,False,False,s_22____57907____17513450
CC(=O)N[C@@H](Cc1ccc(O)cc1)C(=O)NCc1ccc(Br)cc1,NIC-BIO-a68395b7-5,False,False,False,s_22____1155096____17513450
CN1CCN(C(=O)Cc2c[nH]c3ncccc23)C(CO)C1,NIC-BIO-ec630548-1,False,False,False,s_22____12129594____7024784
CN1CCN(C(=O)Cc2c[nH]c3ncccc23)C(Cc2ccccc2)C1,NIC-BIO-f814dd3d-1,Z2476683952,False,False,s_22____11687886____7024784
CC(=O)N1CCN(Cc2cn(-c3cccc(S(N)(=O)=O)c3)nn2)CC1,NIM-UNI-02269248-3,False,False,False,s_273910____13825524____12888810
O=C(CCl)N1CCN(S(=O)(=O)c2ccc(Br)s2)CC1,NIM-UNI-05f93fcc-1,False,False,False,m_270062____7595784____8147258
O=C(CCl)N1N=C(c2cccs2)CC1c1ccco1,NIM-UNI-13494739-10,False,Z57036335,EN300-11175,False
COc1ccc(C2=NN(C(=O)CCl)C(c3ccco3)C2)cc1,NIM-UNI-13494739-11,False,Z56948342,EN300-08754,False
O=C(CCl)N1N=C(c2ccc(Cl)cc2)CC1c1ccco1,NIM-UNI-13494739-12,False,Z56813254,EN300-01553,False
Cc1ccc(C2=NN(C(=O)CCl)C(c3ccco3)C2)cc1,NIM-UNI-13494739-2,False,Z56948345,EN300-08753,False
COc1cc(C2CC(c3cccs3)=NN2C(=O)CCl)ccc1OC(F)F,NIM-UNI-13494739-4,False,Z56955923,EN300-07548,False
O=C(CCl)N1N=C(c2ccco2)CC1c1cccc(Cl)c1,NIM-UNI-13494739-5,False,Z2176371173,EN300-6657471,False
O=C(CCl)N1N=C(c2ccco2)CC1c1cccs1,NIM-UNI-13494739-6,False,Z57055805,EN300-11643,False
COc1ccc(C2CC(c3ccc4ccccc4c3)=NN2C(=O)CCl)cc1,NIM-UNI-13494739-7,False,Z56813251,EN300-01551,False
COc1ccc(C2CC(c3ccccc3)=NN2C(=O)CCl)cc1,NIM-UNI-13494739-8,False,Z56813252,EN300-01707,False
O=C(CCl)N1N=C(c2cccs2)CC1c1cccs1,NIM-UNI-13494739-9,False,Z56347597,EN300-10776,False
Cc1cccc(NC2CCN(C(=O)CCl)CC2)c1,NIR-THE-0d6461ce-1,Z1562143860,False,False,m_270062____7619766____8147258
O=C(Oc1cncc(Cl)c1)c1ccco1,OLE-CAR-5b17bec5-1,False,False,FCH1687323,False
CCN(CCO)CCCC(C)Nc1ccnc2cc(Cl)ccc12,PAF-PIO-d312ccf6-1,False,False,EN300-122642,False
C#Cc1ccc(CNC(=O)N2CCOCC2)cc1,PAT-GYR-359dbb24-1,False,False,False,s_2708____16509042____908984
CC(=O)N1CCN(Cc2cccc(C#N)c2)CC1,PAT-UNK-b2d83456-1,Z46180946,Z46180946,False,s_2230____678732____666704
CS(=O)(=O)NCCCN1CCCc2ccc(S(N)(=O)=O)cc21,PET-SGC-abcbce68-1,Z1317949071,False,False,s_2230____7463156____2745106
Cc1ccc(OCC(=O)Nc2ccc(C#N)cn2)cc1,PET-SGC-cb62ec31-1,Z1126792367,False,False,s_11____3203584____54611
N#Cc1ccc(CNC(=O)N2CCOCC2)nc1,PET-SGC-cb83a00c-1,Z1765537188,False,False,s_2708____10212618____908984
C[C@H]1c2ccccc2CCN1c1nnnn1C,RAF-POL-653f0897-1,Z2409509707,False,False,False
CCn1nccc1NC(=O)N1CCCCCO1,RAF-POL-8f876833-1,Z2475022023,False,False,s_2430____8281670____10336336
Cc1c[nH]cc(C(=O)N2CCN[C@@H](C)C2)c1=O,RAF-POL-950dada1-2,False,False,False,s_270006____9143228____11617338
CCn1nccc1NC(=O)N1CCCCCO1,RAF-POL-950dada1-4,Z2475022023,False,False,s_2430____8281670____10336336
CCn1nccc1NC(=O)N1CCCCCO1,RAF-POL-950dada1-6,Z2475022023,False,False,s_2430____8281670____10336336
NCCNC(=O)N1CC(=O)Nc2ccccc2C1,RAF-POL-9fce0577-2,Z2505122991,False,False,s_273464____11233896____11769180
O=C(N1CCOCC1)N1C[C@@H]2C[C@]2(C(=O)O)C1,RAF-POL-b61b4b25-1,Z3339751947,False,False,False
Cc1nc(CN2C(=O)NC3(CCCC3)C2=O)co1,RAF-POL-b61b4b25-5,Z2504475359,False,False,s_272104____13603456____9347452
Cc1cnc2cc(C(=O)N[C@@H](C)C(N)=O)ccn12,RAF-POL-b61b4b25-6,Z2497938054,False,False,s_22____8601954____11758000
Cc1nnccc1C(=O)N1CC[C@@H]2OCC[C@@H]2C1,RAF-POL-b61b4b25-8,Z2457457669,False,False,False
Cc1cccc(CC(=O)NCc2nnn(C)n2)c1,RAF-POL-b61b4b25-9,Z1902193658,False,False,s_22____9440666____2786002
CO[C@@H]1COC[C@H]1NC(=O)N1CCC[C@@H]1CN,RAF-POL-f691468c-2,Z2873446582,False,False,False
CN(C)C(=O)C[C@@H]1CN(C(=O)c2cnn3c2CCC3)c2ccc(Cl)cc21,RAI-NOV-2f6a9876-1,Z2269442666,False,False,False
NCc1cncc(C(=O)N2C[C@@H](c3ccccc3)[C@@H]3CCC[C@@H]32)c1,RAI-NOV-2f6a9876-3,Z3105132851,False,False,False
Cn1cc(C(=O)N2C[C@@H](c3ccccc3)[C@@H]3CCCC[C@H]32)cn1,RAI-NOV-2f6a9876-4,Z1740628048,False,False,False
NCCn1cc(C(=O)N2CC3(CCC3)c3cc(Br)ccc32)cn1,RAI-NOV-2f6a9876-5,Z3517605071,False,False,s_240690____12297612____15499792
OC[C@@]1(F)CCN(c2nc(-c3cccnc3)nc3sc4c(c23)CCC4)C1,RAI-NOV-2f6a9876-7,Z2017204796,False,False,False
O=C(Cc1cccnc1)Nc1cccc(OC2CC(=O)N2)c1,RAL-MED-2de63afb-1,False,False,False,s_22____10971742____7459856
CCC(=O)Nc1cccc(OC2CC(=O)N2)c1,RAL-MED-2de63afb-11,False,False,False,s_22____10971742____58887
CC(=O)NCc1cccc(NC(=O)Cc2cncnc2)c1,RAL-MED-2de63afb-12,False,False,False,s_22____16530556____13540170
O=C1CC(c2cccc(NC(=O)Cc3cncnc3)c2)CN1,RAL-MED-2de63afb-3,False,False,False,s_22____7558068____13540170
C=CC(=O)Nc1cccc(OC2CC(=O)N2)c1,RAL-MED-2de63afb-9,False,False,False,m_273270____13684514____10884640
CN(C)C/C=C/C(=O)N1Cc2ccccc2C(c2ccccc2)C1,REN-UFA-aaaed2d6-1,False,False,False,s_22____2019588____17039346
C=C(CCN(C)C)C(=O)N1Cc2ccccc2C(c2ccccc2)C1,REN-UFA-aaaed2d6-2,False,False,False,s_22____2019588____12103080
C=C(CN(C)C)C(=O)N1Cc2ccccc2C(c2ccccc2)C1,REN-UFA-aaaed2d6-3,Z1982193847,False,False,s_22____2019588____9291516
CNCCN(C)C(=O)C(=O)N1Cc2ccccc2C(c2ccccc2)C1,REN-UFA-aaaed2d6-5,Z2377567082,False,False,s_273498____11311876____11340346
CN(CCC(N)=O)C(=O)C(=O)N1Cc2ccccc2C(c2ccccc2)C1,REN-UFA-aaaed2d6-6,Z2314958464,False,False,s_271949____10832808____10844724
c1cncc(-c2cncc(CN3CCCCCc4ccccc4C3)c2)c1,RIC-ARG-a8e88843-6,False,False,False,m_270004____15267514____13909942
c1ccc(N2CCC3(CCOC3)C2)nc1,SAN-PRI-c9355cc8-1,False,Z1401276498,False,s_27____7024750____60866
CC(=O)NCCc1c[nH]c2ccc(Cl)cc12,SAN-PRS-3c4a6997-1,Z57915503,False,FCH2707682,s_22____6079110____58844
CC(=O)NCCc1c[nH]c2ccccc12,SAN-PRS-3c4a6997-2,False,Z26395416,EN300-189721,s_22____57946____58844
O=C(NCC1CCCCC1)c1cccnc1,SAN-PRS-52b81272-1,Z32004319,Z32004319,False,s_22____57805____58868
O=C(Nc1cccnc1)Oc1ccccc1,SAN-PRS-52b81272-3,False,Z31792088,False,False
COC(=O)c1ccc(C(N)=O)cc1,SAN-PRS-c955de36-1,False,Z33546865,EN300-134385,False
Cc1ccncc1NC(=O)N1CCN(C)CC1,SCO-VAN-260d9628-1,Z1531408828,False,False,s_2430____7867050____740802
Cc1ccc(NC(=O)c2ccc(CN3CCN(C)CC3)cc2)cc1Nc1nccc(-c2cccnc2)n1,SER-UNI-400afb01-2,False,Z1546624232,EN300-123057,False
OB(O)c1cc(OCc2ccccc2)ccc1F,SER-UNI-400afb01-5,False,False,EN300-7375076,False
Cc1ccc(S(=O)(=O)Nc2cccc(Cl)c2)cc1NC(=O)CCn1c(=O)n(C)c2ccccc21,SER-UNI-985a0e14-3,False,Z238537796,False,False
CCc1ccccc1Nc1nc(N)nc(CSc2nnc3ccccn23)n1,SER-UNI-985a0e14-4,Z20242202,Z20242202,False,s_7____27911____6245
CN(C)c1cncc(NC(=O)CC2CCCCC2)c1,SID-ELM-2583a2cd-15,s_22____12367818____59992,False,False,s_22____12367818____59992
CN(C)c1cncc(NC(=O)Nc2ccccc2)c1,SID-ELM-2583a2cd-7,s_2430____12367830____4862808,False,False,s_2430____12367830____4862808
O=C(CC1CCCCC1)Nc1cccnc1F,SID-ELM-8b394441-2,Z2454425513,False,False,s_11____11572004____54555
O=C(Nc1ccccc1)Nc1cccnc1Cl,SID-ELM-8b394441-3,Z44602625,Z44602625,False,s_2430____1281234____4862808
O=C(CC1CCCCC1)Nc1cccnc1Cl,SID-ELM-8b394441-4,Z240656874,False,False,s_11____238472____54555
Cc1ccc(S(=O)(=O)N2CCC(NC(=O)N(C)Cc3cc(C)on3)CC2)cc1,SIM-SYN-3099a863-1,Z493705490,False,False,s_2708____906688____916090
Cc1ccc(S(=O)(=O)N2CCN(C(=O)N(C)Cc3cccnc3)CC2)cc1,SIM-SYN-3099a863-3,Z3373702327,False,False,False
O=C(CCl)N1CCN(C(c2ccccc2)c2ccccc2)CC1,SIM-SYN-f15aaa3a-1,Z57821431,Z199040704,EN300-18364,m_270062____7594714____8147258
N#Cc1c[nH]nc1Cc1cccnc1,STE-UNK-dfade101-1,False,False,BBV-95033539,False
CC1=CCC(C(C)(C)O)CC1,SUN-DEP-1496052a-1,False,False,EN300-125883,False
CC1=CCC(O)(C(C)C)CC1,SUN-DEP-1496052a-2,False,False,BBV-39696169,False
O=c1[nH]cccc1CNc1nc2ccccc2[nH]1,SWA-SYN-40d44a84-4,s_207____10150246____14323502,False,False,s_207____10150246____14323502
FC(F)c1ccccc1CNc1nc2ccccc2[nH]1,SWA-SYN-40d44a84-5,s_207____10150246____14937972,False,False,s_207____10150246____14937972
O=C(Cc1c[nH]c2ncccc12)N1CCC(N2CCCS2(=O)=O)CC1,SWA-SYN-6423ea73-10,False,False,False,s_22____10963856____7024784
O=C(Cc1c[nH]c2ncccc12)N1CCN(S(=O)(=O)c2c(F)cccc2F)CC1,SWA-SYN-6423ea73-4,Z1400791812,False,False,False
O=C(Cn1cccn1)Nc1cccc(N2CCCS2(=O)=O)c1,SWA-SYN-6423ea73-8,Z408836004,False,False,s_22____731116____152169
O=C(CCl)Nc1cccc(N2CCCS2(=O)=O)c1,SWA-SYN-6423ea73-9,Z1562125346,False,False,m_270062____7601482____8147258
O=C(CCl)Nc1cccc(N2CCCS2(=O)=O)c1,SWA-SYN-d2e6fa14-10,Z1562125346,False,False,m_270062____7601482____8147258
O=C(Cc1c[nH]c2ncccc12)N1CCN(S(=O)(=O)c2c(F)cccc2F)CC1,SWA-SYN-d2e6fa14-4,Z1400791812,False,False,False
O=C(Cn1cccn1)Nc1cccc(N2CCCS2(=O)=O)c1,SWA-SYN-d2e6fa14-8,Z408836004,False,False,s_22____731116____152169
O=C(Cc1c[nH]c2ncccc12)N1CCC(N2CCCS2(=O)=O)CC1,SWA-SYN-d2e6fa14-9,False,False,False,s_22____10963856____7024784
NS(=O)(=O)c1ccc2c(c1)N(CC(=O)Nc1cccnc1)CCC2,TAM-UNI-c140e31a-6,Z1317948551,False,False,s_2230____7463156____4933042
C#CCN1CCN(C(=O)CCl)CC1,TOB-UNK-c2aba166-1,Z1562141114,Z2417560794,False,m_270062____16411428____8147258
C#CCN1CCN(C(=O)C=C)CC1,TOB-UNK-c2aba166-2,False,False,False,m_273270____13688346____10884640
C#CCN1CCN(S(=O)(=O)/C=C/c2ccccc2)CC1,TOB-UNK-c2aba166-4,Z52669503,False,False,False
CNS(=O)(=O)Cc1ccc2[nH]cc(CCN(C)C)c2c1,TOM-OIS-cbf37265-2,False,False,EN300-123008,False
O=C(NCCN1CCN(c2ccccc2)CC1)NCc1ccccn1,TRI-UNI-97428359-1,Z432464280,False,False,s_2708____905600____914814
O=C(Cc1c[nH]c2ncccc12)NCc1ccc(Cl)cn1,TRY-UNI-1fd04853-11,Z1593808911,False,False,False
N#Cc1ccc(CNC(=O)Cc2c[nH]c3ncccc23)nc1,TRY-UNI-1fd04853-12,Z1767447079,False,False,s_22____10212582____7024784
O=C(Cc1c[nH]c2ncccc12)NCc1cccc(Cl)c1,TRY-UNI-1fd04853-5,Z1400783129,False,False,s_22____57907____7024784
N#Cc1cccc(CNC(=O)Cc2c[nH]c3ncccc23)c1,TRY-UNI-1fd04853-6,Z1400838108,False,False,s_22____543024____7024784
O=C(Cc1c[nH]c2ncccc12)NCc1ccc(Cl)cc1,TRY-UNI-1fd04853-7,Z1400780364,False,False,s_22____57683____7024784
N#Cc1ccc(CNC(=O)Cc2c[nH]c3ncccc23)cc1,TRY-UNI-1fd04853-8,Z1400838206,False,False,s_22____5145036____7024784
O=C(Cc1c[nH]c2ncccc12)NCc1cc(Cl)ccn1,TRY-UNI-1fd04853-9,Z1575152133,False,False,s_527____8124854____7024786
Cc1ccncc1NC(=O)CC1CCCCC1,TRY-UNI-714a760b-10,Z1129284100,False,False,s_22____3391102____59992
Cc1ccncc1NC(=O)NC1CCCCC1,TRY-UNI-714a760b-11,Z1531420463,False,False,s_2430____7867050____740834
Cc1ccncc1NC(=O)C(C)c1ccccc1,TRY-UNI-714a760b-17,Z1724389531,False,False,s_22____3391102____8989686
Cc1ccncc1NC(=O)C(C)c1cccc(Cl)c1,TRY-UNI-714a760b-18,Z1264525706,False,False,s_22____3391102____5826328
Cc1ccncc1NC(=O)Cc1cccc(C#N)c1,TRY-UNI-714a760b-20,Z1344037997,False,False,s_22____3391102____6586228
Cc1ccncc1NC(=O)C(C)c1cccc(C#N)c1,TRY-UNI-714a760b-22,Z2186659954,False,False,s_22____3391102____10389944
Cc1ccncc1NC(=O)Nc1ccccc1,TRY-UNI-714a760b-4,Z1130395550,False,False,s_2430____7867050____4862808
Cc1ccncc1NC(=O)Cc1cccc(Cl)c1,TRY-UNI-714a760b-6,Z1129289650,False,False,s_22____3391102____3020518
CNS(=O)(=O)c1ccc(C(C)NC(=O)NC(C)(C)C)cc1,VIJ-CYC-1a381570-11,Z1408037619,False,False,s_2554____1274424____7088224
CC(C)[C@@H](C#N)NS(=O)(=O)c1ccc(CF)cc1,VIJ-CYC-1a381570-12,Z3294574183,False,False,False
COC(=O)c1sc(NS(=O)(=O)c2ccc(CF)cc2)nc1C(C)(C)C,VIJ-CYC-1a381570-13,False,False,False,s_232682____6465724____13971592
COCc1ncc(NS(=O)(=O)c2ccc(C3(C#N)CC3)cc2)c(C)n1,VIJ-CYC-1a381570-2,s_232682____15750762____13577228,False,False,s_232682____15750762____13577228
CNC(=O)c1ccc(CS(=O)(=O)NCC(F)(F)c2ccc(F)cc2F)cc1,VIJ-CYC-1a381570-3,False,False,False,s_40____12853920____9982642
C=C1CC1C(=O)NC(C)c1ccc(S(=O)(=O)NC)cc1,VIJ-CYC-1a381570-5,Z2798213615,False,False,s_22____2991084____12102878
N#CC1(c2ccc(S(=O)(=O)NCCOc3c[nH]nc3C(F)(F)F)cc2)CC1,VIJ-CYC-1a381570-9,False,False,False,s_40____15110826____13577224
CC(C)NC(=O)N1CCN(C(=O)CCl)CC1,VIK-SYN-9a3d118a-1,Z1562137780,False,False,m_270062____7613770____8147258
O=C(CCl)N1CCN(c2ncccn2)CC1,VIK-SYN-9a3d118a-4,Z1562118896,False,EN300-31273,m_270062____7595030____8147258
CCNC(=O)N1CCN(C(=O)CCl)CC1,VIK-SYN-bf9c9ac8-2,Z1562120634,False,BBV-32711773,m_270062____7596770____8147258
O=C(CCl)N1CCN(c2ncccn2)CC1,VIK-SYN-bf9c9ac8-7,Z1562118896,False,EN300-31273,m_270062____7595030____8147258
O=C(CCl)N1CCC(C(=O)N2CCCCC2)CC1,VIR-GIT-7b3d3065-2,False,Z291278798,EN300-46675,False
CC(C)N(C)C(=O)C1CCN(C(=O)CCl)CC1,VIR-GIT-7b3d3065-3,False,Z561717446,EN300-47990,False
Cc1ccc(C)c(S(=O)(=O)N2CCN(C(=O)CCl)CC2)c1,WAR-XCH-79d12f6e-6,Z166605410,Z166605410,EN300-22818,m_270062____7595242____8147258
CC(C)NC1CCN(c2ccc(S(N)(=O)=O)cc2)CC1,WAR-XCH-b6889685-23,Z3075936836,False,False,False
Cc1ccc(NC2CCN(c3ccc(S(N)(=O)=O)cc3)CC2)cc1,WAR-XCH-b6889685-25,Z3075907363,False,False,False
NS(=O)(=O)c1ccc(N2CCC(Nc3ccc(F)cc3)CC2)cc1,WAR-XCH-b6889685-26,Z3075685411,False,False,False
Cc1cccc(NC2CCN(c3ccc(S(N)(=O)=O)cc3)CC2)c1,WAR-XCH-b6889685-27,Z3076198092,False,False,False
NS(=O)(=O)c1ccc(N2CCC(Nc3ccccc3)CC2)cc1,WAR-XCH-b6889685-29,Z3075781669,False,False,False
CC(NC1CCN(c2ccc(S(N)(=O)=O)cc2)CC1)c1ccc(F)cc1,WAR-XCH-b6889685-48,Z1586740055,False,False,False
NS(=O)(=O)c1ccc(N2CCSCC2)cc1,WAR-XCH-b72a1bbc-1,Z3075619297,False,False,False
NS(=O)(=O)c1ccc(N2CCC(N3CCCCC3)CC2)cc1,WAR-XCH-b72a1bbc-10,Z3075633657,False,False,False
NS(=O)(=O)c1ccc(N2CCC(N3CCCCCC3)CC2)cc1,WAR-XCH-b72a1bbc-11,Z3075633657,False,False,False
NS(=O)(=O)c1ccc(N2CCC(CO)CC2)cc1,WAR-XCH-b72a1bbc-14,Z3075599001,False,False,False
NS(=O)(=O)c1ccc(N2CCC(c3ccncc3)CC2)cc1,WAR-XCH-b72a1bbc-15,Z3076880033,False,False,False
NS(=O)(=O)c1ccc(N2CCC(c3ccsc3)CC2)cc1,WAR-XCH-b72a1bbc-16,Z3076733213,False,False,False
NS(=O)(=O)c1ccc(N2CCC([C@@H]3CCCO3)CC2)cc1,WAR-XCH-b72a1bbc-18,Z3076817374,False,False,False
NS(=O)(=O)c1ccc(N2CCC(CN3CCCCC3)CC2)cc1,WAR-XCH-b72a1bbc-19,Z3075583038,False,False,False
NS(=O)(=O)c1ccc(-c2ccncc2)cc1,WAR-XCH-b72a1bbc-2,Z3245010652,False,False,s_271570____9007434____11652064
NS(=O)(=O)c1ccc(N2CCC(CN3CCCCCC3)CC2)cc1,WAR-XCH-b72a1bbc-20,Z3075583038,False,False,False
COCC1CCN(c2ccc(S(N)(=O)=O)cc2)CC1,WAR-XCH-b72a1bbc-23,Z3076106732,False,False,False
NS(=O)(=O)c1ccc(-c2ccsc2)cc1,WAR-XCH-b72a1bbc-3,s_271570____9007614____11652064,False,False,s_271570____9007614____11652064
CCSCC1CCN(c2ccc(S(N)(=O)=O)cc2)CC1,WAR-XCH-b72a1bbc-39,Z4027228808,False,False,False
Cc1ccncc1-c1ccc(S(N)(=O)=O)cc1,WAR-XCH-b72a1bbc-4,s_271570____11771154____11652286,False,False,s_271570____11771154____11652286
CC(C)N(C)CC1CCN(c2ccc(S(N)(=O)=O)cc2)CC1,WAR-XCH-b72a1bbc-48,Z3075655616,False,False,False
CCN(C)CC1CCN(c2ccc(S(N)(=O)=O)cc2)CC1,WAR-XCH-b72a1bbc-49,Z3394588817,False,False,False
NS(=O)(=O)c1ccc(N2CCC(c3ccco3)CC2)cc1,WAR-XCH-b72a1bbc-7,Z3077528599,False,False,False
NS(=O)(=O)c1ccc(N2CCC(c3nc4ccccc4s3)CC2)cc1,WAR-XCH-b72a1bbc-8,Z3075339619,False,False,False
COC1CCN(c2ccc(S(N)(=O)=O)cc2)CC1,WAR-XCH-b72a1bbc-9,Z3075430846,False,False,False
N#Cc1cccc(NC(=O)Nc2cccnc2)c1,WAR-XCH-eb7b662f-1,Z195739680,Z195739680,False,s_487____210243____768430
O=C(Nc1cccnc1)Nc1cc(Cl)cc(Cl)c1,WAR-XCH-eb7b662f-3,Z166731548,False,False,False
Cc1cccc(NC(=O)Nc2cccnc2)c1,WAR-XCH-eb7b662f-6,False,Z44592351,False,s_487____150611____150243
O=C(Nc1cccnc1)Nc1cccc(Cl)c1,WAR-XCH-eb7b662f-7,Z44592325,False,False,s_487____210243____150220
CC(=O)N1CCN(S(=O)(=O)Cc2ccccc2)CC1,WIL-LEE-23e8b574-1,Z28904865,Z28904865,False,s_22____58803____58844
O=C(CN1CCNCC1)Nc1ccccc1,WIL-LEE-23e8b574-6,Z57821467,Z111870096,EN300-27102,s_269982____7368754____7393588
CC(=O)N1CCN(c2cccc(NC(=O)N3CCOCC3)c2)CC1,WIL-LEE-23e8b574-8,Z1773379917,False,False,s_2430____9105856____740852
O=C(c1ccccc1)N1CCC(Nc2ccccc2)C1,ZAC-WAB-0847d168-1,False,False,False,s_22____3114612____58911
