SMILES,CID,orders,comments
CCN(Cc1cccc(-c2ccncc2)c1)C(=O)Cn1nnc2ccccc21,AAR-POS-8a4e0f60-1,20200503_moonshot_to_enamine.csv,
CCN(Cc1cccc(-c2ccncc2)c1)C(=O)Cc1noc2ccccc12,AAR-POS-8a4e0f60-2,20200503_moonshot_to_enamine.csv,
O=C(NCc1noc2ccccc12)N(Cc1cccs1)c1ccc(F)cc1,AAR-POS-8a4e0f60-3,20200503_moonshot_to_enamine.csv,
CCOCC(=O)NCc1ccc(CNC(=O)Cn2nnc3ccccc32)cc1,AAR-POS-8a4e0f60-4,20200503_moonshot_to_enamine.csv,
COc1ccccc1C(CNC(=O)Cn1nnc2ccccc21)NC(=O)CNc1nccs1,AAR-POS-8a4e0f60-5,20200503_moonshot_to_enamine.csv,
COc1cc(OC)cc(Oc2ccc(CNC(=O)Cn3nnc4ccccc43)cc2)c1,AAR-POS-8a4e0f60-6,20200503_moonshot_to_enamine.csv,
CN(C(=O)Cn1nnc2ccccc21)c1ccc(Oc2ccc(C(F)(F)F)cn2)cc1,AAR-POS-8a4e0f60-7,20200503_moonshot_to_enamine.csv,
CN(Cc1ccc(OCc2cccs2)cc1)C(=O)Cn1nnc2ccccc21,AAR-POS-8a4e0f60-8,20200503_moonshot_to_enamine.csv,
CN(C(=O)Cc1noc2ccccc12)c1ccc(NC(=O)OC(C)(C)C)cc1,AAR-POS-8a4e0f60-9,20200503_moonshot_to_enamine.csv,
O=C(Cn1nnc2ccccc21)NCc1ccc(Oc2cccnc2)c(F)c1,AAR-POS-8a4e0f60-10,20200503_moonshot_to_enamine.csv,
CN(Cc1nnc2ccccn12)C(=O)N(Cc1cccs1)c1ccc(Br)cc1,AAR-POS-8a4e0f60-11,20200503_moonshot_to_enamine.csv,
COc1ccc(-c2cccc(S(=O)(=O)N3CCN(C(C)=O)CC3)c2)cc1,ANT-OPE-7824651a-1,20200429_moonshot_to_mcule.csv,
O=C(Nc1nnc(-c2ccccn2)o1)C1CCN(S(=O)(=O)c2ccc(F)cc2)CC1,DRA-CSI-7ec17797-18,20200429_moonshot_to_mcule.csv,
O=C(Cc1cncnc1)Nc1cccc(CC2CCC(=O)N2)c1,RAL-MED-2de63afb-8,20200517_moonshot_to_enamine.csv,
O=C(Cc1cncnc1)Nc1cccc(CC2CC(=O)N2)c1,RAL-MED-2de63afb-7,20200517_moonshot_to_enamine.csv,
O=C(Cc1ccccc1)Nc1cccc(OC2CC(=O)N2)c1,RAL-MED-2de63afb-6,20200517_moonshot_to_enamine.csv,
O=C1CC(Oc2cccc(C(=O)NCc3cncnc3)c2)N1,RAL-MED-2de63afb-5,20200517_moonshot_to_enamine.csv,
O=C1CC(Oc2cccc(NC(=O)C(=O)c3cncnc3)c2)N1,RAL-MED-2de63afb-4,20200517_moonshot_to_enamine.csv,
Cc1cc(NC(=O)Cc2cncnc2)cc(OC2CC(=O)N2)c1,RAL-MED-2de63afb-2,20200517_moonshot_to_enamine.csv,
C[C@H](C(=O)Nc1cccc(OC2CC(=O)N2)c1)c1cncnc1,RAL-MED-2de63afb-16,20200517_moonshot_to_enamine.csv,
C[C@@H](C(=O)Nc1cccc(OC2CC(=O)N2)c1)c1cncnc1,RAL-MED-2de63afb-15,20200517_moonshot_to_enamine.csv,
O=C(Cc1cncnc1)Nc1cc(F)cc(OC2CC(=O)N2)c1,RAL-MED-2de63afb-14,20200517_moonshot_to_enamine.csv,
O=C(Cc1cncnc1)Nc1cccc(CC2CNC(=O)N2)c1,RAL-MED-2de63afb-13,20200517_moonshot_to_enamine.csv,
C/C=C/C(=O)Nc1cccc(OC2CC(=O)N2)c1,RAL-MED-2de63afb-10,20200517_moonshot_to_enamine.csv,
Cc1ccncc1N1CCN(c2cccc(Cl)c2)C1=O,JAG-UCB-cedd89ab-1,20200517_moonshot_to_enamine.csv,
Cc1ccncc1C1CCN(c2cccc(Cl)c2)C1=O,EDJ-MED-e66f2cc5-2,20200517_moonshot_to_enamine.csv,
Cc1ccncc1N1CCC(c2cccc(Cl)c2)C1=O,EDJ-MED-e66f2cc5-1,20200517_moonshot_to_enamine.csv,
Cc1ccncc1NC(=O)Cc1cccc(-c2cn[nH]c2)c1,EDJ-MED-e58735b6-4,20200517_moonshot_to_enamine.csv,
Cc1ccncc1NC(=O)Cc1cccc(S(N)(=O)=O)c1,EDJ-MED-e58735b6-3,20200517_moonshot_to_enamine.csv,
Cc1ccncc1NC(=O)Cc1cccc(CO)c1,EDJ-MED-e58735b6-2,20200517_moonshot_to_enamine.csv,
Cc1ccncc1C1CCN(c2cccc(Cl)c2)S1(=O)=O,EDJ-MED-49816e9b-6,20200517_moonshot_to_enamine.csv,
Cc1nnn(C)c1NC(=O)Cc1cccc(Cl)c1,EDJ-MED-49816e9b-5,20200517_moonshot_to_enamine.csv,
Cc1ccncc1N1CCC(c2cccc(Cl)c2)S1(=O)=O,EDJ-MED-49816e9b-4,20200517_moonshot_to_enamine.csv,
CCCCOc1ccc(Cl)cc1CC(=O)Nc1cnccc1C,EDG-MED-0da5ad92-7,20200517_moonshot_to_enamine.csv,
Cc1ccncc1NC(=N)Cc1cccc(Cl)c1,EDG-MED-0da5ad92-6,20200517_moonshot_to_enamine.csv,
Cc1ccncc1NC(=O)C(CO)c1cccc(Cl)c1,EDG-MED-0da5ad92-5,20200517_moonshot_to_enamine.csv,
Cc1ccncc1NC(=O)N(C)c1cccc(Cl)c1,EDG-MED-0da5ad92-3,20200517_moonshot_to_enamine.csv,
Cc1[nH]ncc1NC(=O)Cc1cccc(Cl)c1,EDG-MED-0da5ad92-21,20200517_moonshot_to_enamine.csv,
Cc1ccncc1NC(=O)N(Cc1ccccc1)c1cccc(Cl)c1,EDG-MED-0da5ad92-20,20200517_moonshot_to_enamine.csv,
Cc1ccncc1NC(=O)N(c1cccc(Cl)c1)c1cccc(Cl)c1,EDG-MED-0da5ad92-19,20200517_moonshot_to_enamine.csv,
Cc1ccnc(N)c1NC(=O)Cc1cccc(Cl)c1,EDG-MED-0da5ad92-18,20200517_moonshot_to_enamine.csv,
Cc1cc(N)ncc1NC(=O)Cc1cccc(Cl)c1,EDG-MED-0da5ad92-17,20200517_moonshot_to_enamine.csv,
Cc1cnncc1NC(=O)Cc1cccc(Cl)c1,EDG-MED-0da5ad92-16,20200517_moonshot_to_enamine.csv,
Cc1ccnnc1NC(=O)Cc1cccc(Cl)c1,EDG-MED-0da5ad92-15,20200517_moonshot_to_enamine.csv,
Cc1ccncc1NC(=O)C(C)c1cc(Cl)cc(OC2CC(=O)N2)c1,TRY-UNI-2eddb1ff-8,20200517_moonshot_to_enamine.csv,
Cc1ccncc1NC(=O)Cc1cc(Cl)cc(OC2CC(=O)N2)c1,TRY-UNI-2eddb1ff-7,20200517_moonshot_to_enamine.csv,
Cc1ccncc1NC(=O)Cc1cc(C#N)cc(OC2CC(=O)N2)c1,TRY-UNI-2eddb1ff-6,20200517_moonshot_to_enamine.csv,
Cc1ccncc1NC(=O)C(C)c1cncc(Cl)c1,TRY-UNI-2eddb1ff-3,20200517_moonshot_to_enamine.csv,
Cc1ccncc1NC(=O)Cc1cncc(Cl)c1,TRY-UNI-2eddb1ff-2,20200517_moonshot_to_enamine.csv,
Cc1ccncc1NC(=O)Cc1cncc(C#N)c1,TRY-UNI-2eddb1ff-1,20200517_moonshot_to_enamine.csv,
CC(C)c1ncncc1NC(=O)C(C)c1cccc(Cl)c1,JAN-GHE-83b26c96-6,20200517_moonshot_to_enamine.csv,
Cc1ccncc1NC(=O)[C@@H](C)c1cccc(Cl)c1,JAN-GHE-83b26c96-5,20200517_moonshot_to_enamine.csv,
Cc1ccncc1NC(=O)[C@H](C)c1cccc(Cl)c1,JAN-GHE-83b26c96-4,20200517_moonshot_to_enamine.csv,
Cc1ccncc1-c1nnc(-c2cccc(Cl)c2)o1,JAN-GHE-83b26c96-24,20200517_moonshot_to_enamine.csv,
Cc1ccncc1NC(=O)C(F)(F)c1cccc(Cl)c1,JAN-GHE-83b26c96-23,20200517_moonshot_to_enamine.csv,
CCC(C(=O)Nc1cnncc1C)c1cccc(Cl)c1,JAN-GHE-83b26c96-1,20200517_moonshot_to_enamine.csv,
Cc1c(N)cncc1NC(=O)Nc1cccc(C#N)c1,TRY-UNI-714a760b-23,20200517_moonshot_to_enamine.csv,
Cc1ccncc1NC(=O)C(C)c1ccccc1,TRY-UNI-714a760b-17,20200517_moonshot_to_enamine.csv,
Cc1c(N)cncc1NC(=O)C(C)C1CCCCC1,TRY-UNI-714a760b-13,20200517_moonshot_to_enamine.csv,
Cc1ccncc1NC(=O)NC1CCCCC1,ALE-HEI-f28a35b5-7,20200517_moonshot_to_enamine.csv,
O=C(Cc1cc(Cl)cc(Cl)c1)Nc1nncs1,JAG-UCB-cedd89ab-3,20200517_moonshot_to_enamine.csv,
O=C(Cc1cccnc1)Nc1cccc(OC2CC(=O)N2)c1,RAL-MED-2de63afb-1,20200517_moonshot_to_enamine.csv,
CCC(=O)Nc1cccc(OC2CC(=O)N2)c1,RAL-MED-2de63afb-11,20200517_moonshot_to_enamine.csv,
CC(=O)NCc1cccc(NC(=O)Cc2cncnc2)c1,RAL-MED-2de63afb-12,20200517_moonshot_to_enamine.csv,
O=C1CC(c2cccc(NC(=O)Cc3cncnc3)c2)CN1,RAL-MED-2de63afb-3,20200517_moonshot_to_enamine.csv,
C=CC(=O)Nc1cccc(OC2CC(=O)N2)c1,RAL-MED-2de63afb-9,20200517_moonshot_to_enamine.csv,
Cc1ccncc1N(C)C(=O)Cc1cccc(Cl)c1,JAN-GHE-83b26c96-15,20200517_moonshot_to_enamine.csv,
Cc1cncc(NC(=O)Cc2cccc(Cl)c2)c1,EDG-MED-0da5ad92-12,20200517_moonshot_to_enamine.csv,
Cc1ccc(NC(=O)Cc2cccc(Cl)c2)cn1,EDG-MED-0da5ad92-13,20200517_moonshot_to_enamine.csv,
Cc1ncccc1NC(=O)Cc1cccc(Cl)c1,EDG-MED-0da5ad92-14,20200517_moonshot_to_enamine.csv,
O=C(Cc1cccc(Cl)c1)Nc1cccnc1,EDG-MED-0da5ad92-2,20200517_moonshot_to_enamine.csv,
Cc1ccncc1NC(=O)CC1CCCCC1,ALE-HEI-f28a35b5-6,20200517_moonshot_to_enamine.csv,
Cc1ccncc1NC(=O)CC1CCCNC1,EDG-MED-0da5ad92-9,20200517_moonshot_to_enamine.csv,
Cc1ccncc1CC(=O)Nc1cccc(Cl)c1,EDJ-MED-49816e9b-1,20200517_moonshot_to_enamine.csv,
Cc1ccnc(C)c1NC(=O)Cc1cccc(Cl)c1,EDJ-MED-49816e9b-2,20200517_moonshot_to_enamine.csv,
Cc1cnn(C)c1NC(=O)Cc1cccc(Cl)c1,EDJ-MED-49816e9b-3,20200517_moonshot_to_enamine.csv,
Cc1cc(CC(=O)Nc2cnccc2C)[nH]n1,EDJ-MED-c9f55a56-1,20200517_moonshot_to_enamine.csv,
COc1cccc(CC(=O)Nc2cnccc2C)c1,EDJ-MED-e58735b6-1,20200517_moonshot_to_enamine.csv,
COc1ccccc1OCCNC(=O)c1cc[nH]c(=O)c1,BEN-DND-7e92b6ca-1,20200517_moonshot_to_enamine.csv,
O=C(c1cc(=O)[nH]c2ccccc12)N1CCN(Cc2ccccc2)CC1,BEN-DND-7e92b6ca-10,20200517_moonshot_to_enamine.csv,
COc1ccc(N2CCN(C(=O)c3cc(=O)[nH]c4ccccc34)CC2)cc1,BEN-DND-7e92b6ca-11,20200517_moonshot_to_enamine.csv,
COc1cccc(N2CCN(C(=O)c3cc(=O)[nH]c4ccccc34)CC2)c1,BEN-DND-7e92b6ca-12,20200517_moonshot_to_enamine.csv,
COc1ccccc1N1CCN(C(=O)c2cc(=O)[nH]c3ccccc23)CC1,BEN-DND-7e92b6ca-13,20200517_moonshot_to_enamine.csv,
O=C(c1cc(=O)[nH]c2ccccc12)N1CCN(c2ccc(F)cc2)CC1,BEN-DND-7e92b6ca-14,20200517_moonshot_to_enamine.csv,
O=C(c1cc(=O)[nH]c2ccccc12)N1CCN(c2ccccc2F)CC1,BEN-DND-7e92b6ca-16,20200517_moonshot_to_enamine.csv,
COc1ccccc1OCCN(C)C(=O)c1cc(=O)[nH]c2ccccc12,BEN-DND-7e92b6ca-2,20200517_moonshot_to_enamine.csv,
CN(CCNC(=O)c1cc(=O)[nH]c2ccccc12)c1ccccc1,BEN-DND-7e92b6ca-3,20200517_moonshot_to_enamine.csv,
O=C(NCCNc1ccccc1)c1cc(=O)[nH]c2ccccc12,BEN-DND-7e92b6ca-4,20200517_moonshot_to_enamine.csv,
O=C(NCCOc1ccccc1)c1cc(=O)[nH]c2ccccc12,BEN-DND-7e92b6ca-5,20200517_moonshot_to_enamine.csv,
O=C(c1cc(=O)[nH]c2ccccc12)N1CCN(S(=O)(=O)c2ccccc2)CC1,BEN-DND-7e92b6ca-7,20200517_moonshot_to_enamine.csv,
Cc1cc(C)c(C)c(S(=O)(=O)N2CCN(C(=O)c3cc[nH]c(=O)c3)CC2)c1C,BEN-DND-7e92b6ca-8,20200517_moonshot_to_enamine.csv,
Cc1ccncc1NC(=O)CN1CCOCC1,BEN-DND-93268d01-10,20200517_moonshot_to_enamine.csv,
Cc1ccncc1NC(=O)CC(C)(C)c1ccccc1,BEN-DND-93268d01-13,20200517_moonshot_to_enamine.csv,
Cc1ccncc1NC(=O)C(C)Cc1ccccc1,BEN-DND-93268d01-14,20200517_moonshot_to_enamine.csv,
CC(C(=O)Nc1cnccc1O)c1ccccc1,BEN-DND-93268d01-15,20200517_moonshot_to_enamine.csv,
Cc1ccncc1NC(=O)C(CO)c1ccccc1,BEN-DND-93268d01-3,20200517_moonshot_to_enamine.csv,
Cc1ccncc1NC(=O)CCc1ccccn1,BEN-DND-93268d01-4,20200517_moonshot_to_enamine.csv,
Cc1ccncc1NC(=O)CCc1ccc(F)cc1,BEN-DND-93268d01-5,20200517_moonshot_to_enamine.csv,
Cc1ccncc1NC(=O)CCc1ccccc1F,BEN-DND-93268d01-7,20200517_moonshot_to_enamine.csv,
NC(=O)C1CCCN1CC(=O)Nc1cccnc1,NAU-LAT-64f4b287-10,20200517_moonshot_to_enamine.csv,
O=C(CCl)N1CCN(Cc2nc(-c3cccs3)no2)CC1,NAU-LAT-64f4b287-3,20200517_moonshot_to_enamine.csv,
COc1ccc2c(c1)CN(C(=O)CCl)C(c1ccccc1)C2,NAU-LAT-64f4b287-4,20200517_moonshot_to_enamine.csv,
Cc1nnc(C2Cc3ccccc3CN2C(=O)CCl)o1,NAU-LAT-64f4b287-5,20200517_moonshot_to_enamine.csv,
O=C(Nc1ccccc1)c1ccc2[nH]ccc2c1,NAU-LAT-64f4b287-8,20200517_moonshot_to_enamine.csv,
O=C(Cc1cccnc1)NCc1ccccc1,NAU-LAT-64f4b287-9,20200517_moonshot_to_enamine.csv,
O=C(Cn1nnc2ccccc21)Nc1cccc(Cl)c1,BEN-DND-61647d40-12,20200517_moonshot_to_enamine.csv,
O=C(Cn1cnc2ccccc21)Nc1cccc(Cl)c1,BEN-DND-61647d40-13,20200517_moonshot_to_enamine.csv,
O=C(Cc1cccnc1)Nc1cc(Cl)ccc1O,BEN-DND-61647d40-18,20200517_moonshot_to_enamine.csv,
N#Cc1ccc(O)c(NC(=O)Cc2cccnc2)c1,BEN-DND-61647d40-8,20200517_moonshot_to_enamine.csv,
Cc1nnn(NC(=O)Cc2cccc(Cl)c2)c1C,JAN-GHE-5a013bed-1,20200517_moonshot_to_enamine.csv,
O=C(Cc1cccc(Cl)c1)Nc1nnn[nH]1,JAN-GHE-5a013bed-11,20200517_moonshot_to_enamine.csv,
O=C(Cc1cccc(Cl)c1)Nn1cnc2ccccc21,JAN-GHE-5a013bed-2,20200517_moonshot_to_enamine.csv,
O=C(Cc1cccc(Cl)c1)Nn1cnc2ccccc2c1=O,JAN-GHE-5a013bed-3,20200517_moonshot_to_enamine.csv,
O=C(Cc1cccc(Cl)c1)Nn1cn[nH]c1=O,JAN-GHE-5a013bed-4,20200517_moonshot_to_enamine.csv,
O=C(Cc1cccc(Cl)c1)Nn1cnnc1,JAN-GHE-5a013bed-5,20200517_moonshot_to_enamine.csv,
O=C(Cc1cccc(Cl)c1)Nc1cnns1,JAN-GHE-5a013bed-6,20200517_moonshot_to_enamine.csv,
O=C(Cc1cccc(Cl)c1)Nc1nncs1,JAN-GHE-5a013bed-7,20200517_moonshot_to_enamine.csv,
O=C(Cc1cccc(Cl)c1)Nc1cnccn1,JAN-GHE-5a013bed-8,20200517_moonshot_to_enamine.csv,
Cc1ccncc1NC(=O)C(c1cccc(Cl)c1)N(C)C,JAN-GHE-83b26c96-10,20200517_moonshot_to_enamine.csv,
Cc1ccc(CC(=O)Nc2cnccc2C)cc1,JAN-GHE-83b26c96-11,20200517_moonshot_to_enamine.csv,
Cc1ccncc1NC(=O)Cc1cccc(Br)c1,JAN-GHE-83b26c96-12,20200517_moonshot_to_enamine.csv,
Cc1ccncc1NC(=O)Cc1cccc(I)c1,JAN-GHE-83b26c96-13,20200517_moonshot_to_enamine.csv,
CCCN(C(=O)Cc1cccc(Cl)c1)c1cccnc1,JAN-GHE-83b26c96-16,20200517_moonshot_to_enamine.csv,
Cc1ccncc1NS(=O)(=O)Cc1cccc(Cl)c1,JAN-GHE-83b26c96-17,20200517_moonshot_to_enamine.csv,
O=C1NC(c2cccnc2)C(=O)N1c1cccc(Cl)c1,JAN-GHE-83b26c96-18,20200517_moonshot_to_enamine.csv,
O=C(Nc1cccnc1)Nc1cccc(Cl)c1,DAR-DIA-23aa0b97-14,20200517_moonshot_to_enamine.csv,
CC(=O)Nc1ccncc1NC(=O)C(C)c1cccc(Cl)c1,JAN-GHE-83b26c96-2,20200517_moonshot_to_enamine.csv,
Cc1ccncc1NC(=O)C1(c2cccc(Cl)c2)CC1,JAN-GHE-83b26c96-20,20200517_moonshot_to_enamine.csv,
Cc1ccncc1NS(=O)(=O)c1cccc(Cl)c1,JAN-GHE-83b26c96-21,20200517_moonshot_to_enamine.csv,
Cc1ccncc1NC(=O)C(C)(C)c1cccc(Cl)c1,JAN-GHE-83b26c96-22,20200517_moonshot_to_enamine.csv,
Cc1ccncc1-c1nc(-c2cccc(Cl)c2)no1,JAN-GHE-83b26c96-25,20200517_moonshot_to_enamine.csv,
CC(C(=O)Nc1cnccc1-n1cccn1)c1cccc(Cl)c1,JAN-GHE-83b26c96-3,20200517_moonshot_to_enamine.csv,
Cc1ncncc1NC(=O)C(c1cccc(Cl)c1)C(C)C,JAN-GHE-83b26c96-7,20200517_moonshot_to_enamine.csv,
CCCC(C(=O)Nc1cnccc1C)c1cccc(Cl)c1,JAN-GHE-83b26c96-8,20200517_moonshot_to_enamine.csv,
Cc1ccncc1NC(=O)C(c1cccc(Cl)c1)C(C)C,JAN-GHE-83b26c96-9,20200517_moonshot_to_enamine.csv,
Cc1ccncc1NC(=O)Cc1cccc(F)c1,ALP-POS-95b75b4d-1,20200517_moonshot_to_enamine.csv,
Cc1ccncc1NC(=O)Cc1cccc(O)c1,ALP-POS-95b75b4d-2,20200517_moonshot_to_enamine.csv,
Cc1ccncc1NC(=O)Cc1cccc(C(F)(F)F)c1,JAN-GHE-83b26c96-14,20200517_moonshot_to_enamine.csv,
Cc1ccncc1NC(=O)Cc1cccc(C2CC2)c1,ALP-POS-95b75b4d-4,20200517_moonshot_to_enamine.csv,
O=C(Cc1cccc(Cl)c1)Nc1cnccc1O,ALP-POS-95b75b4d-6,20200517_moonshot_to_enamine.csv,
Cc1ccncc1Cn1ccccc1=O,JAN-GHE-d851b096-6,20200517_moonshot_to_enamine.csv,
Cc1noc(C)c1CS(=O)(=O)Cc1cccc(Cl)c1,JAG-UCB-a3ef7265-1,20200517_moonshot_to_enamine.csv,
Cn1cnnc1NC(=O)Cc1cccc(Cl)c1F,JAG-UCB-a3ef7265-2,20200517_moonshot_to_enamine.csv,
O=C(Nc1cnccc1CO)[C@@H]1COc2ccc(Cl)cc21,JAG-UCB-a3ef7265-3,20200517_moonshot_to_enamine.csv,
Cc1nnc(NC(=O)Cc2cccc(Cl)c2F)n1C,JAG-UCB-a3ef7265-4,20200517_moonshot_to_enamine.csv,
Cc1c(NC(=O)Cc2cccc(Cl)c2F)cnn1C,JAG-UCB-a3ef7265-5,20200517_moonshot_to_enamine.csv,
Cc1cc(C)cc(CS(=O)(=O)N[C@@]23COC[C@@H]2C3)c1,JAG-UCB-a3ef7265-6,20200517_moonshot_to_enamine.csv,
Cc1cc2c(cc1C)[C@H](C(=O)Nc1cccnc1)CO2,JAG-UCB-a3ef7265-7,20200517_moonshot_to_enamine.csv,
COc1c(NC(=O)Cc2cccc(Cl)c2Cl)c(C)nn1C,JAG-UCB-a3ef7265-8,20200517_moonshot_to_enamine.csv,
Cc1noc(C)c1NC(=O)Cc1cccc(Cl)c1Cl,JAG-UCB-a3ef7265-9,20200517_moonshot_to_enamine.csv,
Cc1nnc(NC(=O)Cc2cccc(Cl)c2F)s1,JAG-UCB-a3ef7265-10,20200517_moonshot_to_enamine.csv,
Cn1nnnc1NC(=O)Cc1csc(C(C)(C)C)n1,JAG-UCB-a3ef7265-11,20200517_moonshot_to_enamine.csv,
Cc1cc(C)cc(NC(=O)Cn2cncc2C)c1,JAG-UCB-a3ef7265-12,20200517_moonshot_to_enamine.csv,
Cc1cc(C)cc(NC(=O)Cc2cnn(C)c2C)c1,JAG-UCB-a3ef7265-13,20200517_moonshot_to_enamine.csv,
Cc1cccc(NC(=O)Cn2cncc2C)n1,JAG-UCB-a3ef7265-14,20200517_moonshot_to_enamine.csv,
Cc1nnc(NC(=O)Cc2cccc(Cl)c2)n1C,JAG-UCB-a3ef7265-15,20200517_moonshot_to_enamine.csv,
Cc1ccc(C)c(N(C)C(=O)Cc2cnn(C)c2C)c1,JAG-UCB-a3ef7265-16,20200517_moonshot_to_enamine.csv,
Cn1cnnc1NC(=O)Cc1cccc(Cl)c1,JAG-UCB-a3ef7265-17,20200517_moonshot_to_enamine.csv,
Cc1cc(C)cc(CC(=O)Nc2nncn2C)c1,JAG-UCB-a3ef7265-18,20200517_moonshot_to_enamine.csv,
Cc1nn(C(C)C)c(C)c1CC(=O)Nc1nncn1C1CC1,JAG-UCB-a3ef7265-19,20200517_moonshot_to_enamine.csv,
O=C(Nc1nncn1C1CC1)[C@@H]1CCOc2ccc(Cl)cc21,JAG-UCB-a3ef7265-20,20200517_moonshot_to_enamine.csv,
Cc1noc([C@@H](C)S(=O)(=O)Cc2cccc(C(F)(F)F)c2)n1,JAG-UCB-a3ef7265-21,20200517_moonshot_to_enamine.csv,
Cc1cc(NC(=O)Cn2cncc2C)cc(C)c1Cl,JAG-UCB-a3ef7265-22,20200517_moonshot_to_enamine.csv,
CCc1ccncc1NC(=O)Cc1cccc(C(F)(F)F)n1,JAG-UCB-a3ef7265-23,20200517_moonshot_to_enamine.csv,
Cc1cc2c(cc1C)[C@H](C(=O)Nc1cncnc1-n1cccn1)CO2,JAG-UCB-a3ef7265-24,20200517_moonshot_to_enamine.csv,
Cc1ccncc1NC(=O)CCOC1CC1,MAT-POS-590ac91e-10,20200517_moonshot_to_enamine.csv,
Cc1ccncc1NC(=O)CC(C)C(C)C,MAT-POS-590ac91e-11,20200517_moonshot_to_enamine.csv,
Cc1ccncc1NC(=O)[C@@H]1CNC(=O)O1,MAT-POS-590ac91e-12,20200517_moonshot_to_enamine.csv,
CC(=O)N[C@@H](C)C(=O)Nc1cnccc1C,MAT-POS-590ac91e-13,20200517_moonshot_to_enamine.csv,
Cc1ccncc1NC(=O)[C@H](C)OC(F)F,MAT-POS-590ac91e-16,20200517_moonshot_to_enamine.csv,
Cc1ccncc1NC(=O)CCc1ccn[nH]1,MAT-POS-590ac91e-17,20200517_moonshot_to_enamine.csv,
Cc1ccncc1NC(=O)C1CC(C2CC2)C1,MAT-POS-590ac91e-18,20200517_moonshot_to_enamine.csv,
Cc1ccncc1NC(=O)[C@@H]1[C@H]2CCCC[C@H]21,MAT-POS-590ac91e-19,20200517_moonshot_to_enamine.csv,
CO[C@@H](C)C(=O)Nc1cnccc1C,MAT-POS-590ac91e-2,20200517_moonshot_to_enamine.csv,
Cc1ccnc(C)c1NC(=O)C1CC2CC2C1,MAT-POS-590ac91e-20,20200517_moonshot_to_enamine.csv,
Cc1ccncc1NC(=O)C1CCC2(CC2)C1,MAT-POS-590ac91e-21,20200517_moonshot_to_enamine.csv,
Cc1ccncc1NC(=O)C1CCC12CCC2,MAT-POS-590ac91e-22,20200517_moonshot_to_enamine.csv,
Cc1ccncc1NC(=O)CC1CC2CC2C1,MAT-POS-590ac91e-23,20200517_moonshot_to_enamine.csv,
Cc1ccncc1NC(=O)CC1CC2(CC2)C1,MAT-POS-590ac91e-24,20200517_moonshot_to_enamine.csv,
Cc1ccncc1NC(=O)CC12CCCC1C2,MAT-POS-590ac91e-25,20200517_moonshot_to_enamine.csv,
Cc1ccncc1NC(=O)[C@H]1C[C@](O)(C#N)C1,MAT-POS-590ac91e-26,20200517_moonshot_to_enamine.csv,
Cc1ccncc1NC(=O)C1(C#N)CCOC1,MAT-POS-590ac91e-27,20200517_moonshot_to_enamine.csv,
Cc1ccncc1NC(=O)C1C2CCOCC21,MAT-POS-590ac91e-28,20200517_moonshot_to_enamine.csv,
Cc1ccncc1NC(=O)C12CCC(CO1)C2,MAT-POS-590ac91e-29,20200517_moonshot_to_enamine.csv,
Cc1ccncc1NC(=O)[C@@]12COC[C@@H]1C2,MAT-POS-590ac91e-3,20200517_moonshot_to_enamine.csv,
O=C(NCC1COc2ccccc2O1)c1cc(=O)[nH]c2ccc(F)cc12,MAT-POS-590ac91e-30,20200517_moonshot_to_enamine.csv,
O=C(NCC1COc2ccccc2O1)c1cc(=O)[nH]c2cc(F)ccc12,MAT-POS-590ac91e-31,20200517_moonshot_to_enamine.csv,
COc1ccccc1OCCNC(=O)c1cc(=O)[nH]c2cc(F)ccc12,MAT-POS-590ac91e-32,20200517_moonshot_to_enamine.csv,
CN(CC1COc2ccccc2O1)C(=O)c1cc(=O)[nH]c2ccc(F)cc12,MAT-POS-590ac91e-33,20200517_moonshot_to_enamine.csv,
CN(CC1COc2ccccc2O1)C(=O)c1cc(=O)[nH]c2cc(F)ccc12,MAT-POS-590ac91e-34,20200517_moonshot_to_enamine.csv,
COc1cccc2c1OCC(NC(=O)c1cc(=O)[nH]c3ccc(F)cc13)C2,MAT-POS-590ac91e-35,20200517_moonshot_to_enamine.csv,
COc1cccc2c1OCC(NC(=O)c1cc(=O)[nH]c3cc(F)ccc13)C2,MAT-POS-590ac91e-36,20200517_moonshot_to_enamine.csv,
COc1ccccc1OCCN(C)C(=O)c1cc(=O)[nH]c2cc(F)ccc12,MAT-POS-590ac91e-37,20200517_moonshot_to_enamine.csv,
COc1ccccc1OC(C)CNC(=O)c1cc(=O)[nH]c2cc(F)ccc12,MAT-POS-590ac91e-38,20200517_moonshot_to_enamine.csv,
COc1ccccc1OC(C)CNC(=O)c1cc(=O)[nH]c2ccc(F)cc12,MAT-POS-590ac91e-39,20200517_moonshot_to_enamine.csv,
Cc1ccncc1NC(=O)C12CC(CO1)C2,MAT-POS-590ac91e-4,20200517_moonshot_to_enamine.csv,
COc1ccccc1OCC(C)NC(=O)c1cc(=O)[nH]c2cc(F)ccc12,MAT-POS-590ac91e-40,20200517_moonshot_to_enamine.csv,
COc1ccccc1OCC(C)NC(=O)c1cc(=O)[nH]c2ccc(F)cc12,MAT-POS-590ac91e-41,20200517_moonshot_to_enamine.csv,
COc1ccccc1OCCNC(=O)c1cc(=O)[nH]c2ccc(Cl)cc12,MAT-POS-590ac91e-42,20200517_moonshot_to_enamine.csv,
COc1ccccc1OCCN(C)C(=O)c1cc(=O)[nH]c2ccc(Cl)cc12,MAT-POS-590ac91e-43,20200517_moonshot_to_enamine.csv,
COc1ccccc1OC1CCCN(C(=O)c2c(C)c(=O)[nH]c3ccccc23)C1,MAT-POS-590ac91e-44,20200517_moonshot_to_enamine.csv,
CCOc1ccccc1OC1CCN(C(=O)c2c(C)c(=O)[nH]c3ccccc23)C1,MAT-POS-590ac91e-45,20200517_moonshot_to_enamine.csv,
CC1(C)Cc2cccc(OCCNC(=O)c3cc(=O)[nH]c4cc(F)ccc34)c2O1,MAT-POS-590ac91e-46,20200517_moonshot_to_enamine.csv,
CC1(C)Cc2cccc(OCCNC(=O)c3cc(=O)[nH]c4ccc(F)cc34)c2O1,MAT-POS-590ac91e-47,20200517_moonshot_to_enamine.csv,
CCOc1ccccc1OC1CCN(C(=O)c2cc(=O)[nH]c3ccc(F)cc23)C1,MAT-POS-590ac91e-48,20200517_moonshot_to_enamine.csv,
CCOc1ccccc1OC1CCN(C(=O)c2cc(=O)[nH]c3cc(F)ccc23)C1,MAT-POS-590ac91e-49,20200517_moonshot_to_enamine.csv,
Cc1ccncc1NC(=O)C(C)CC1CC1,MAT-POS-590ac91e-5,20200517_moonshot_to_enamine.csv,
CCCN(CC1COc2ccccc2O1)C(=O)c1cc(=O)[nH]c2cc(F)ccc12,MAT-POS-590ac91e-50,20200517_moonshot_to_enamine.csv,
CCN(CC1COc2ccccc2O1)C(=O)c1cc(=O)[nH]c2ccc(Cl)cc12,MAT-POS-590ac91e-51,20200517_moonshot_to_enamine.csv,
CCN(CC1COc2ccccc2O1)C(=O)c1cc(=O)[nH]c2ccc([N+](=O)[O-])cc12,MAT-POS-590ac91e-52,20200517_moonshot_to_enamine.csv,
CC1(C)Cc2cccc(OCCNC(=O)c3cc(=O)[nH]c4ccc(Cl)cc34)c2O1,MAT-POS-590ac91e-53,20200517_moonshot_to_enamine.csv,
COc1ccccc1OC1CCCN(C(=O)c2cc(=O)[nH]c3ccc(Cl)cc23)C1,MAT-POS-590ac91e-54,20200517_moonshot_to_enamine.csv,
CCCN(CC1COc2ccccc2O1)C(=O)c1cc(=O)[nH]c2ccc(Cl)cc12,MAT-POS-590ac91e-55,20200517_moonshot_to_enamine.csv,
O=C(c1cc(=O)[nH]c2ccc(F)cc12)N1CCN(S(=O)(=O)c2ccccc2)CC1,MAT-POS-590ac91e-56,20200517_moonshot_to_enamine.csv,
O=C(c1cc(=O)[nH]c2cc(F)ccc12)N1CCN(S(=O)(=O)c2ccccc2)CC1,MAT-POS-590ac91e-57,20200517_moonshot_to_enamine.csv,
O=C(c1cc(=O)[nH]c2ccc(Cl)cc12)N1CCN(S(=O)(=O)c2ccccc2)CC1,MAT-POS-590ac91e-58,20200517_moonshot_to_enamine.csv,
N#Cc1ccc(S(=O)(=O)N2CCN(C(=O)c3cc(=O)[nH]c4ccc(F)cc34)CC2)cc1,MAT-POS-590ac91e-59,20200517_moonshot_to_enamine.csv,
Cc1ccncc1NC(=O)CC1(CO)CC1,MAT-POS-590ac91e-6,20200517_moonshot_to_enamine.csv,
N#Cc1ccc(S(=O)(=O)N2CCN(C(=O)c3cc(=O)[nH]c4cc(F)ccc34)CC2)cc1,MAT-POS-590ac91e-60,20200517_moonshot_to_enamine.csv,
N#Cc1ccccc1S(=O)(=O)N1CCN(C(=O)c2cc(=O)[nH]c3cc(F)ccc23)CC1,MAT-POS-590ac91e-61,20200517_moonshot_to_enamine.csv,
N#Cc1ccccc1S(=O)(=O)N1CCN(C(=O)c2cc(=O)[nH]c3ccc(F)cc23)CC1,MAT-POS-590ac91e-62,20200517_moonshot_to_enamine.csv,
Cc1ccc(S(=O)(=O)N2CCN(C(=O)c3cc(=O)[nH]c4cc(F)ccc34)CC2)c(C)c1,MAT-POS-590ac91e-63,20200517_moonshot_to_enamine.csv,
Cc1ccc(S(=O)(=O)N2CCN(C(=O)c3cc(=O)[nH]c4ccc(F)cc34)CC2)c(C)c1,MAT-POS-590ac91e-64,20200517_moonshot_to_enamine.csv,
COc1ccc(S(=O)(=O)N2CCN(C(=O)c3cc(=O)[nH]c4cc(F)ccc34)CC2)cc1,MAT-POS-590ac91e-65,20200517_moonshot_to_enamine.csv,
Cc1ccc(S(=O)(=O)N2CCN(C(=O)c3cc(=O)[nH]c4ccc(Cl)cc34)CC2)cc1,MAT-POS-590ac91e-66,20200517_moonshot_to_enamine.csv,
O=C(c1cc(=O)[nH]c2ccc(F)cc12)N1CCN(S(=O)(=O)c2ccc(Cl)cc2)CC1,MAT-POS-590ac91e-67,20200517_moonshot_to_enamine.csv,
O=C(c1cc(=O)[nH]c2ccc(F)cc12)N1CCN(S(=O)(=O)c2ccccc2Cl)CC1,MAT-POS-590ac91e-68,20200517_moonshot_to_enamine.csv,
O=C(c1cc(=O)[nH]c2ccc(F)cc12)N1CCN(S(=O)(=O)c2cccc(Cl)c2)CC1,MAT-POS-590ac91e-69,20200517_moonshot_to_enamine.csv,
Cc1ccncc1NC(=O)CC(O)C1CC1,MAT-POS-590ac91e-7,20200517_moonshot_to_enamine.csv,
O=C(c1cc(=O)[nH]c2ccc(Cl)cc12)N1CCN(S(=O)(=O)c2ccccc2F)CC1,MAT-POS-590ac91e-70,20200517_moonshot_to_enamine.csv,
CCO[C@@H]1C[C@H]1C(=O)Nc1cnccc1C,MAT-POS-590ac91e-8,20200517_moonshot_to_enamine.csv,
COC1(CC(=O)Nc2cnccc2C)CC1,MAT-POS-590ac91e-9,20200517_moonshot_to_enamine.csv,
CO[C@H](C)C(=O)Nc1cnccc1C,MAT-POS-590ac91e-1,20200517_moonshot_to_enamine.csv,
CO[C@H](C)C(=O)N(C)c1cnccc1C,ERI-UCB-5b47150d-2,20200517_moonshot_to_enamine.csv,
CC(C(=O)N(C)c1cnccc1C)=C1CC1,ERI-UCB-5b47150d-3,20200517_moonshot_to_enamine.csv,
CC(C(=O)Nc1cnccc1C)=C1CC1,ERI-UCB-5b47150d-4,20200517_moonshot_to_enamine.csv,
Cc1ccncc1N(C)C(=O)[C@@H]1C[C@H]1CF,ERI-UCB-5b47150d-5,20200517_moonshot_to_enamine.csv,
Cc1ccncc1NC(=O)[C@@H]1C[C@H]1CF,ERI-UCB-5b47150d-6,20200517_moonshot_to_enamine.csv,
CC(C)CCNC(=O)C(CC(C)C)NC(=O)C1OC1C(=O)O,AAR-POS-ac4b8cb8-1,20200514_recursion_to_selleck.csv,
CCOC(=O)[C@H]1O[C@@H]1C(=O)N[C@@H](CC(C)C)C(=O)NCCC(C)C,AAR-POS-90191df4-1,20200514_recursion_to_selleck.csv,
O=C(Nc1ccccc1OC1CCN(Cc2ccccc2)CC1)C1CCN(C(=O)CCl)CC1,MED-COV-4280ac29-17,20200417_moonshot_to_enamine.csv,
CC(=O)NCCc1c[nH]c2c(C(c3ccccc3)N3CCN(C(=O)CCl)CC3)cccc12,MED-COV-4280ac29-21,20200417_moonshot_to_enamine.csv,
O=C(Nc1cccc(CN2CCN(C(=O)CCl)CC2)c1)c1cnc(Cc2ccccc2)s1,MED-COV-4280ac29-1,20200417_moonshot_to_enamine.csv,
NC(=O)C1CCC(CC(NC(=O)CCl)c2cccc3ccccc23)C1c1ccccc1,MED-COV-4280ac29-9,20200417_moonshot_to_enamine.csv,
O=C(CCl)N1CCN(S(=O)(=O)c2ccc(Cc3cccc4ccccc34)cc2)CC1,MED-COV-4280ac29-5,20200417_moonshot_to_enamine.csv,
CCNc1ncc(C#N)cc1C(c1cccc(Cl)c1)N1CCN(C(=O)CCl)CC1,MED-COV-4280ac29-34,20200417_moonshot_to_enamine.csv,
CNC(=O)C(CCN1CCN(C(=O)CCl)CC1)Nc1ccccc1,MED-COV-dea4df70-1,20200417_moonshot_to_enamine.csv,
NC(=O)C1CC(c2ccnc(Cl)c2NC(=O)CCl)CC1c1ccccc1,MED-COV-4280ac29-20,20200417_moonshot_to_enamine.csv,
O=C(CCl)N1CCN(Cc2cccc(Cl)c2)C[C@@H]1Cc1ccc(O)cc1,MED-COV-4280ac29-2,20200417_moonshot_to_enamine.csv,
O=C(CCl)Nc1nc(=O)n(Cc2cccc(Cl)c2)cc1-c1cccnc1,MED-COV-4280ac29-3,20200417_moonshot_to_enamine.csv,
Cc1cccc(N(c2cccc(N)c2)C2CCN(C(=O)CCl)CC2)c1,MED-COV-4280ac29-4,20200417_moonshot_to_enamine.csv,
Nc1nc(CN2CCN(C(=O)CCl)CC2)ncc1Cc1ccccc1,MED-COV-4280ac29-19,20200417_moonshot_to_enamine.csv,
COc1ccc(C2CC(c3ccccc3)=NN2C(=O)CCl)cc1OC,MED-COV-4280ac29-30,20200417_moonshot_to_enamine.csv,
O=C(CCl)N1CCN(C(c2cccc(Cl)c2)c2cccc(Cl)c2)CC1,MED-COV-4280ac29-6,20200417_moonshot_to_enamine.csv,
O=C(CCl)N1CCN([C@H](c2ccc(Cl)cc2)c2cccc(Cl)c2)CC1,MED-COV-4280ac29-18,20200417_moonshot_to_enamine.csv,
Cc1ccc(C(c2cccc(C)c2)N2CCN(C(=O)CCl)CC2)cc1,MED-COV-4280ac29-23,20200417_moonshot_to_enamine.csv,
Cc1cccc([C@H](c2cccc(Cl)c2)N2CCN(C(=O)CCl)CC2)c1,MED-COV-4280ac29-7,20200417_moonshot_to_enamine.csv,
O=C(CCl)Nc1nc(=O)n(Cc2ccccc2)cc1-c1cccnc1,MED-COV-4280ac29-28,20200417_moonshot_to_enamine.csv,
C=CC(=O)NCC(=O)N(CCN1CCOCC1)Cc1ccccc1Cl,MED-COV-4280ac29-22,20200417_moonshot_to_enamine.csv,
C=CC(=O)NCC(=O)N(Cc1ccccc1)C[C@H](O)c1ccccc1,MED-COV-4280ac29-26,20200417_moonshot_to_enamine.csv,
O=C(CCl)N1CCN(Cc2cnc(Cc3ccccc3)s2)CC1,MED-COV-4280ac29-25,20200417_moonshot_to_enamine.csv,
O=C(CCl)N1CCN(Cc2ncc(Cc3ccccc3)s2)CC1,MED-COV-4280ac29-8,20200417_moonshot_to_enamine.csv,
NC(=O)C1CC2(CCCN(C(=O)CCl)C2)CC1c1ccccc1,MED-COV-4280ac29-27,20200417_moonshot_to_enamine.csv,
COCCc1ccc(Cl)cc1CN1CCN(C(=O)CCl)CC1,MED-COV-4280ac29-37,20200417_moonshot_to_enamine.csv,
CCNc1cccc(C#N)c1CN1CCN(C(=O)CCl)CC1,MED-COV-4280ac29-24,20200417_moonshot_to_enamine.csv,
N#Cc1cnc(CCO)cc1CN1CCN(C(=O)CCl)CC1,MED-COV-4280ac29-35,20200417_moonshot_to_enamine.csv,
O=C(CCl)Nc1cccc(-c2ccc3c(c2)CCCC3)c1,MED-COV-4280ac29-10,20200417_moonshot_to_enamine.csv,
O=C(CCl)N1CCN(Cc2cccc3ccccc23)CC1,MED-COV-4280ac29-31,20200417_moonshot_to_enamine.csv,
C=CC(=O)N1CCN(C2(c3cccc(Cl)c3)CCO2)CC1,MED-COV-4280ac29-32,20200417_moonshot_to_enamine.csv,
O=C(CCl)N1CCN(C2(c3cccc(Cl)c3)CCO2)CC1,MED-COV-4280ac29-11,20200417_moonshot_to_enamine.csv,
CC1CN(C(=O)CCl)CCN1C(F)(F)c1cccc(Cl)c1,MED-COV-4280ac29-38,20200417_moonshot_to_enamine.csv,
COCc1cc(Cl)cc(CN2CCN(C(=O)CCl)CC2)c1,MED-COV-4280ac29-33,20200417_moonshot_to_enamine.csv,
N#C/C=C/C[C@H](c1cccc(Cl)c1)c1cccc(C#N)c1,MED-COV-4280ac29-36,20200417_moonshot_to_enamine.csv,
O=C(CCl)N1CCN(C(F)(F)c2cccc(Cl)c2)CC1,MED-COV-4280ac29-29,20200417_moonshot_to_enamine.csv,
O=C(CCl)N1CCN(C2(c3cccc(Cl)c3)CC2)CC1,MED-COV-4280ac29-12,20200417_moonshot_to_enamine.csv,
CC1CN(Cc2cccc(Cl)c2)CCN1C(=O)CCl,MED-COV-4280ac29-13,20200417_moonshot_to_enamine.csv,
C=CC(=O)N1CCN(C(=O)c2cccc(Cl)c2)CC1,MED-COV-4280ac29-14,20200417_moonshot_to_enamine.csv,
O=C(CCl)N1CCN(Cc2cccc(Cl)c2)CC1,MED-COV-4280ac29-15,20200417_moonshot_to_enamine.csv,
Cc1ncc(C2(N3CCN(C(=O)CCl)CC3)CCCCC2)s1,WAR-XCH-79d12f6e-9,20200417_moonshot_to_enamine.csv,
O=C(CCl)N1CC[C@H](C(=O)N2CCCCC2)[C@@H](CCc2ccccc2)C1,PAU-WEI-c6d65c11-1,20200417_moonshot_to_enamine.csv,
O=C(CCl)NCC(=O)C1CCCN1C(=O)c1ccccc1,GIA-UNK-d2defdc3-7,20200417_moonshot_to_enamine.csv,
CN(CC(=O)C1CCCN1C(=O)c1ccccc1)C(=O)CCl,GIA-UNK-d2defdc3-9,20200417_moonshot_to_enamine.csv,
N#Cc1cc(CN2CCN(C(=O)CCl)CC2)c2ccccc2c1,DAR-DIA-fb20be43-6,20200417_moonshot_to_enamine.csv,
NS(=O)(=O)c1ccc2cccc(CN3CCN(C(=O)CCl)CC3)c2c1,MIH-UNI-e573136b-4,20200417_moonshot_to_enamine.csv,
O=C(CCl)N1CCN(Cc2cc(Cl)cc3cnccc23)CC1,JOO-PER-58e158bd-1,20200417_moonshot_to_enamine.csv,
O=C(CCl)N1CCN(Cc2cc(Cl)cc(Cl)c2)CC1,PAU-UNI-8cdd41c7-1,20200417_moonshot_to_enamine.csv,
COc1cc(CN2CCN(C(=O)CCl)CC2)c2ccccc2c1,DAR-DIA-fb20be43-7,20200417_moonshot_to_enamine.csv,
O=C(CCl)N1CCN(Cc2cnc(-c3ccccc3)nc2)CC1,MAK-UNK-af83ef51-1,20200417_moonshot_to_enamine.csv,
CNS(=O)(=O)c1ccc2ccc(CN3CCN(C(=O)CCl)CC3)cc2c1,TAM-UNI-d1c3dd9f-6,20200417_moonshot_to_enamine.csv,
CCNc1ccc(Nc2cc(C)cc(CN3CCN(C(=O)CCl)CC3)c2)c(C#N)c1,MAK-UNK-af83ef51-22,20200417_moonshot_to_enamine.csv,
CS(=O)(=O)N1CCN(C(=O)CCl)CC1c1ccccc1,DUN-NEW-f8ce3686-22,20200417_moonshot_to_enamine.csv,
C=CC(=O)N1CCN(S(C)(=O)=O)CC1c1ccccc1,NAU-LAT-f723e322-4,20200417_moonshot_to_enamine.csv,
CC(NC(=O)CCl)c1cc(Cl)cc(-c2ccc(S(N)(=O)=O)cc2)c1,DAV-CRI-14a23e73-1,20200417_moonshot_to_enamine.csv,
Cc1ccc(C)c(S(=O)(=O)N2CCN(C(=O)CCl)CC2)c1,WAR-XCH-79d12f6e-6,20200417_moonshot_to_enamine.csv,
CCNc1ccc(C#N)cc1CN1CCN(C(=O)CCl)CC1,DAR-DIA-fb20be43-3,20200417_moonshot_to_enamine.csv,
CC(=O)Nc1ccc(C#N)cc1CN1CCN(C(=O)CCl)CC1,TAM-UNI-d1c3dd9f-18,20200417_moonshot_to_enamine.csv,
CCNc1ncc(C#N)cc1CN1CCN(C(=O)CCl)CC1,DAR-DIA-fb20be43-4,20200417_moonshot_to_enamine.csv,
CCNc1ncc(OC)cc1CN1CCN(C(=O)CCl)CC1,DAR-DIA-fb20be43-5,20200417_moonshot_to_enamine.csv,
NS(=O)(=O)CCc1ccccc1CN1CCN(C(=O)CCl)CC1,MIH-UNI-e573136b-5,20200417_moonshot_to_enamine.csv,
NS(=O)(=O)CCNc1ncccc1CN1CCN(C(=O)CCl)CC1,STU-CHA-464c0256-1,20200417_moonshot_to_enamine.csv,
CNC(=O)c1ccc(C#N)cc1CN1CCN(C(=O)CCl)CC1,TAM-UNI-d1c3dd9f-17,20200417_moonshot_to_enamine.csv,
CC(=O)N1CCCc2cccc(CN3CCN(C(=O)CCl)CC3)c2C1,TAM-UNI-d1c3dd9f-13,20200417_moonshot_to_enamine.csv,
O=C1Cc2c(cccc2CN2CCN(C(=O)CCl)CC2)CCN1,TAM-UNI-d1c3dd9f-14,20200417_moonshot_to_enamine.csv,
O=C(CCl)N1CCN(Cc2cc(O)ccc2O)CC1,NEH-REV-107bcf72-5,20200417_moonshot_to_enamine.csv,
Cc1cccc(CN2CCN(C(=O)CCl)C[C@H]2CC(N)=O)c1,STU-CHA-0be58c98-1,20200417_moonshot_to_enamine.csv,
CC(=O)N1CCN(C(=O)CCl)C[C@@H]1CC(N)=O,DAN-PUR-3907f623-1,20200417_moonshot_to_enamine.csv,
CC(=O)[C@@H]1CN(C(=O)CCl)C[C@H](CC(N)=O)N1C(C)=O,DAN-PUR-3907f623-2,20200417_moonshot_to_enamine.csv,
CC(C)C[C@@H]1CN(C(=O)CCl)CCN1Cc1cccc(Cl)c1,DAN-LON-a5fc619e-3,20200417_moonshot_to_enamine.csv,
O=C(CCl)N1CC2CC1CN2Cc1cccc(Cl)c1,DAN-LON-a5fc619e-8,20200417_moonshot_to_enamine.csv,
Cc1cccc(C(CNS(C)(=O)=O)N2CCN(C(=O)CCl)CC2)c1,SEL-UNI-cd366922-9,20200417_moonshot_to_enamine.csv,
CS(=O)(=O)NCC(c1ccccc1)N1CCN(C(=O)CCl)CC1,SEL-UNI-cd366922-2,20200417_moonshot_to_enamine.csv,
NC(=O)C1CN(C(=O)CCl)CCN1Cc1cccc(Cl)c1,DAN-LON-a5fc619e-1,20200417_moonshot_to_enamine.csv,
Cc1cc(Cl)cc(CC2CCN(C(=O)CCl)CC2)c1,NIR-THE-0d6461ce-8,20200417_moonshot_to_enamine.csv,
Cc1cccc(CC2CCN(C(=O)CCl)CC2)c1,MAK-UNK-af83ef51-6,20200417_moonshot_to_enamine.csv,
NS(=O)(=O)c1ccc2ccc(CC3CCN(C(=O)CCl)CC3)cc2c1,NIR-THE-0d6461ce-4,20200417_moonshot_to_enamine.csv,
CCNc1ncc(C#N)cc1CC1CCN(C(=O)CCl)CC1,NIR-THE-0d6461ce-6,20200417_moonshot_to_enamine.csv,
O=C(C(F)Cl)N1CCN(Cc2cccc3ccccc23)CC1,JOO-IND-6372a4f3-6,20200417_moonshot_to_enamine.csv,
CN1CCC(C(c2ccccc2)N2CCN(C(=O)CCl)CC2)CC1,GIA-UNK-20b63697-5,20200417_moonshot_to_enamine.csv,
O=C(CCl)N1CCN(C(c2ccccc2)C2CCCCC2)CC1,GIA-UNK-20b63697-6,20200417_moonshot_to_enamine.csv,
O=C(CCl)N1CCN(C(c2ccccc2)C2CCOCC2)CC1,GIA-UNK-20b63697-2,20200417_moonshot_to_enamine.csv,
O=C(CCl)N1CCN(C(c2ccccc2)C(CO)CO)CC1,GIA-UNK-20b63697-7,20200417_moonshot_to_enamine.csv,
O=C1CC(C(c2ccccc2)N2CCN(C(=O)CCl)CC2)CCN1,GIA-UNK-20b63697-9,20200417_moonshot_to_enamine.csv,
NS(=O)(=O)c1ccc2ccc(NC3CCN(C(=O)CCl)CC3)cc2c1,NIR-THE-0d6461ce-5,20200417_moonshot_to_enamine.csv,
Cc1cc(C)nc(NC2CCN(C(=O)CCl)CC2)n1,GIA-UNK-a79af1bc-1,20200417_moonshot_to_enamine.csv,
CCNc1ncc(C#N)c2ccc(N(C(=O)CCl)c3cccc(C(=O)N4CCSCC4)c3)cc12,NIR-THE-ed286faa-2,20200417_moonshot_to_enamine.csv,
O=C(Nc1cccc(C(=O)N2CCSCC2)c1)C(F)Cl,JOO-IND-6372a4f3-2,20200417_moonshot_to_enamine.csv,
NC(=O)CCCC(Cl)C(=O)N1CCN(Cc2cccc(F)c2)CC1,VIT-UNK-cff011c0-2,20200417_moonshot_to_enamine.csv,
O=C1NC(=O)C(CCC(Cl)C(=O)N2CCN(Cc3cccc(F)c3)CC2)N1,VIT-UNK-cff011c0-1,20200417_moonshot_to_enamine.csv,
C=CC(=O)N1CCN(Cc2cccc3ccccc23)CC1,JOO-IND-6372a4f3-4,20200417_moonshot_to_enamine.csv,
C=CC(=O)N1CCN(Cc2ccc(F)cc2)CC1,ANT-OPE-d972fbad-1,20200417_moonshot_to_enamine.csv,
C#CCN1CCN(C(=O)C=C)CC1,TOB-UNK-c2aba166-2,20200417_moonshot_to_enamine.csv,
COC(=O)C1CC(Cc2cccc(C)c2)CCN1C(=O)CCl,MAK-UNK-af83ef51-9,20200417_moonshot_to_enamine.csv,
CC(Cl)C(=O)N1CCC(C(=O)N2CCCCC2)CC1,BRU-LEF-cf996d6c-1,20200417_moonshot_to_enamine.csv,
C=CC(=O)NC(=O)CNc1cc(C)cc(Cc2nc(NCC)ccc2F)c1,BEN-VAN-ed886787-10,20200417_moonshot_to_enamine.csv,
NC(=O)/C=C/CCC(O)C1COC(Nc2cc(O)cc(O)c2)C(F)C1,VIT-UNK-525497ca-6,20200417_moonshot_to_enamine.csv,
CS(=O)(=O)N(CCc1ccccc1)CC1CCN(C(=O)CCl)CC1,DUN-NEW-f8ce3686-25,20200417_moonshot_to_enamine.csv,
CC(NC(=O)CCl)c1cc(O)cc(Cl)c1,DAV-CRI-3edb475e-2,20200417_moonshot_to_enamine.csv,
CC(NC(=O)CCl)c1cc(F)cc(Cl)c1,DAV-CRI-3edb475e-6,20200417_moonshot_to_enamine.csv,
C#CCN1CCN(C(=O)CCl)CC1,TOB-UNK-c2aba166-1,20200417_moonshot_to_enamine.csv,
O=C(CCl)CNC(=O)CC(=O)NCc1ccccc1,GIA-UNK-3f36037a-5,20200417_moonshot_to_enamine.csv,
N#Cc1ccc(CNC(=O)N2CCOCC2)c(CN2CCN(C(=O)CCl)CC2)c1,DAR-DIA-fb20be43-16,20200417_moonshot_to_enamine.csv,
O=C(CCl)N1CCN(Cc2cccc(CNC(=O)N3CCOCC3)c2)CC1,TAM-UNI-d1c3dd9f-12,20200417_moonshot_to_enamine.csv,
O=C(CCl)N1CCN(Cc2cc(Cl)ccc2CNS(=O)(=O)N2CCOCC2)CC1,STU-CHA-6d5cfe2b-1,20200417_moonshot_to_enamine.csv,
O=C(CCl)N1CCN(Cc2cc(Cl)ccc2CNC(=O)N2CCOCC2)CC1,STU-CHA-6cae54d3-1,20200417_moonshot_to_enamine.csv,
O=C1CN(C(=O)NCc2ccc(Cl)cc2CN2CCN(C(=O)CCl)CC2)CCN1,STU-CHA-5350f95a-1,20200417_moonshot_to_enamine.csv,
O=C(NCc1ccc(Cl)cc1CN1CCN(C(=O)CCl)CC1)[C@@H]1CCCOC1,STU-CHA-7b3b91d5-1,20200417_moonshot_to_enamine.csv,
CC(=O)N[C@@H](Cc1ccc(O)cc1)C(=O)NC(CN1CCN(C(=O)CCl)CC1)c1ccccc1,NIM-UNI-ed9fc491-4,20200417_moonshot_to_enamine.csv,
Cc1ccc(CCC(c2cccc(C#N)c2)N2CCN(C(=O)CCl)CC2)cc1,PAU-WEI-b9b69149-6,20200417_moonshot_to_enamine.csv,
Cc1ccc(CCC(c2cccc(Cl)c2)N2CCN(C(=O)CCl)CC2)cc1,PAU-WEI-b9b69149-3,20200417_moonshot_to_enamine.csv,
N#Cc1cccc(C(CCc2ccccc2)N2CCN(C(=O)CCl)CC2)c1,PAU-WEI-b9b69149-4,20200417_moonshot_to_enamine.csv,
O=C(CCl)N1CCN(C(CCc2ccccc2)c2cccc(Cl)c2)CC1,PAU-WEI-b9b69149-1,20200417_moonshot_to_enamine.csv,
CC(CCc1ccccc1)N1CCN(C(=O)CCl)CC1,MAK-UNK-af83ef51-2,20200417_moonshot_to_enamine.csv,
N#Cc1cccc(C(CCc2ccc(C(F)(F)F)cc2)N2CCN(C(=O)CCl)CC2)c1,PAU-WEI-b9b69149-5,20200417_moonshot_to_enamine.csv,
CC(NC(=O)CCl)c1ccccc1CNC(=O)N1CCOCC1,TAM-UNI-d1c3dd9f-21,20200417_moonshot_to_enamine.csv,
C=CC(=O)Nc1c(C)cccc1CC(=O)Nc1cccnc1Cl,AGN-NEW-cce853d0-1,20200417_moonshot_to_enamine.csv,
C=C(C(=O)Nc1ccccc1)c1cccnc1,BEN-DND-031a96cc-8,20200417_moonshot_to_enamine.csv,
NS(=O)(=O)c1ccc2c(c1)N(CCCN1CCN(C(=O)CCl)CC1)CCC2,PAU-UNI-2d648ace-1,20200417_moonshot_to_enamine.csv,
NS(=O)(=O)c1cccc(-n2cc(CN3CCN(C(=O)CCl)CC3)nn2)c1,NIM-UNI-594fbbb6-3,20200417_moonshot_to_enamine.csv,
COc1ccc(-n2cc(CN3CCN(C(=O)CCl)CC3)nn2)cc1,ANT-STE-dbb91f63-1,20200417_moonshot_to_enamine.csv,
O=C(NC1CCN(C(=O)CCl)CC1NCc1ccccc1)c1ccccc1,SIM-SYN-7db9eb24-1,20200417_moonshot_to_enamine.csv,
Cc1ccc(S(=O)(=O)NC2CCN(C(=O)CCl)CC2)cc1,WAR-XCH-79d12f6e-4,20200417_moonshot_to_enamine.csv,
NC(=O)/C=C/CCC(O)c1ccc(/C=C/c2cc(O)cc(O)c2)cc1,VIT-UNK-026187e6-3,20200417_moonshot_to_enamine.csv,
NC(=O)C1CCCC1c1ccccc1CNC(=O)CCl,NIR-THE-99f25457-3,20200417_moonshot_to_enamine.csv,
CC(=O)NCCc1c[nH]c2c(CNC(=O)CCl)cccc12,DUN-NEW-f8ce3686-21,20200417_moonshot_to_enamine.csv,
CC(=O)NCCc1cn(C)c2cc(C(C)NC(=O)CCl)ccc12,TAM-UNI-d1c3dd9f-23,20200417_moonshot_to_enamine.csv,
CC(NC(=O)CCl)C1=CC(Cl)=CC2CC=NC12,DAV-CRI-eab5efcb-6,20200417_moonshot_to_enamine.csv,
CC(NC(=O)CCl)C1=CC(Cl)=CC2CNCC12,DAV-CRI-eab5efcb-5,20200417_moonshot_to_enamine.csv,
CN(C)C/C=C/C(=O)NCc1c[nH]c2ccccc12,ANT-OPE-ab37bd51-2,20200417_moonshot_to_enamine.csv,
C=CC(=O)N1CCN(CC2=CNC3C=CC(C#N)=CC23)CC1,JAN-GHE-bf40f168-9,20200417_moonshot_to_enamine.csv,
C=CC(=O)N1CC(NCC2=CNC3C=CC(C#N)=CC23)C1,JAN-GHE-bf40f168-10,20200417_moonshot_to_enamine.csv,
CN(C)C/C=C/C(=O)Nc1c[nH]c2ccccc12,ANT-OPE-ab37bd51-1,20200417_moonshot_to_enamine.csv,
N#Cc1cccc(C2CN(C(=O)CCl)Cc3ccccc32)c1,NIR-THE-c331be7a-2,20200417_moonshot_to_enamine.csv,
Cc1cccc(C2CN(C(=O)CCl)Cc3ccccc32)c1,NIR-THE-c331be7a-6,20200417_moonshot_to_enamine.csv,
Nc1cccc(C2CN(C(=O)CCl)Cc3ccccc32)c1,NIR-THE-c331be7a-1,20200417_moonshot_to_enamine.csv,
CNS(=O)(=O)c1ccc(C#N)c(C2CN(C(=O)CCl)Cc3ccccc32)c1,TAM-UNI-d1c3dd9f-10,20200417_moonshot_to_enamine.csv,
O=C(CCl)N1CCOc2cccc(-c3cccnc3)c21,TIM-UNK-6bd61028-2,20200417_moonshot_to_enamine.csv,
C=C(CN(C)C)C(=O)N1Cc2ccccc2C(c2ccccc2)C1,REN-UFA-aaaed2d6-3,20200417_moonshot_to_enamine.csv,
C=C(CCN(C)C)C(=O)N1Cc2ccccc2C(c2ccccc2)C1,REN-UFA-aaaed2d6-2,20200417_moonshot_to_enamine.csv,
NS(=O)(=O)c1ccc2c(c1)N(CCCCC1CCCN(C(=O)CCl)C1)CCC2,PAU-UNI-f4334617-1,20200417_moonshot_to_enamine.csv,
NS(=O)(=O)c1ccc2cccc(CN3CCN(C(=O)CCl)C(c4cccnc4)C3)c2c1,NIM-UNI-363644a0-1,20200417_moonshot_to_enamine.csv,
CC(=O)NCCc1c[nH]c2c(CN3CCN(C(=O)CCl)CC3)cccc12,DUN-NEW-f8ce3686-24,20200417_moonshot_to_enamine.csv,
C=CC(=O)N1CCCN(Cc2ccccc2)CC1,ANT-OPE-c0c3e7cc-1,20200417_moonshot_to_enamine.csv,
O=C(Nc1ccccc1)C1CCN(C(=O)C(Cl)c2cccnc2)CC1,BEN-DND-031a96cc-2,20200417_moonshot_to_enamine.csv,
O=C(Nc1ccccc1)C1CCN(C(=O)C(Cl)Cc2cccnc2)CC1,BEN-DND-031a96cc-1,20200417_moonshot_to_enamine.csv,
N#Cc1ccc(/C=C/C2=CC(N3CCN(C(=O)CCl)CC3)OC2=O)cc1,FAB-UNK-03d90bbc-1,20200417_moonshot_to_enamine.csv,
C=CC(=O)N1CCO[C@@H](c2cc(F)c(F)cc2C[C@H](C)Nc2ccc(C#N)cn2)C1,BEN-VAN-77cef4f8-11,20200417_moonshot_to_enamine.csv,
C=CC(=O)N1CCO[C@H](c2ccc(F)c(CO[C@H](C)Nc3cccnc3Cl)c2)C1,BEN-VAN-77cef4f8-4,20200417_moonshot_to_enamine.csv,
CC(=O)N(CCc1ccc(C(=O)N2CCSCC2)cc1NC(=O)CCl)c1cnccc1C,NIR-THE-ed286faa-1,20200417_moonshot_to_enamine.csv,
NS(=O)(=O)CCc1cccc2sc(C3CCCN(C(=O)CCl)C3)nc12,SEA-TRI-f744d433-1,20200417_moonshot_to_enamine.csv,
O=C(C(F)Cl)N1CCCC(c2nc3ccccc3s2)C1,JOO-IND-b13e14cc-2,20200417_moonshot_to_enamine.csv,
C=CC(=O)N1CCCC(c2nc3ccccc3s2)C1,JOO-IND-b13e14cc-1,20200417_moonshot_to_enamine.csv,
NCC1CCc2nc(C3CCCN(C(=O)CCl)C3)sc2C1,HAR-NEW-972ef1cc-2,20200417_moonshot_to_enamine.csv,
O=C(c1ccc[nH]1)N1CC2CCCN(C(=O)CCl)C2C1,TIM-UNK-6bd61028-1,20200417_moonshot_to_enamine.csv,
CC(=O)NCCc1c[nH]c2c(NC3CCN(C(=O)CCl)CC3)cc(F)cc12,NIR-THE-0d6461ce-3,20200417_moonshot_to_enamine.csv,
CC(=O)NCCc1c[nH]c2c(CC3CCN(C(=O)CCl)CC3)cc(F)cc12,NIR-THE-0d6461ce-2,20200417_moonshot_to_enamine.csv,
CC(=O)NCCC1C=Nc2c(CN3CCN(C(=O)CCl)CC3)cc(F)cc21,JOO-PER-d7ab4f65-1,20200417_moonshot_to_enamine.csv,
NS(=O)(=O)Cc1nc2cccc(CN3CCN(C(=O)CCl)CC3)c2[nH]1,STU-CHA-0f79177c-1,20200417_moonshot_to_enamine.csv,
C=CC(=O)N1CCN(Cc2cccc3c(CCNS(C)(=O)=O)c[nH]c23)CC1,JAN-GHE-6413aaf8-7,20200417_moonshot_to_enamine.csv,
C=CC(=O)N1CCN(Cc2cccc3c(CCNC(C)=O)c[nH]c23)CC1,JAN-GHE-6413aaf8-5,20200417_moonshot_to_enamine.csv,
CNC(=O)c1cc2cccc(CN3CCN(C(=O)CCl)CC3)c2nc1N1CCOCC1,BOG-INS-bdba9cfb-1,20200417_moonshot_to_enamine.csv,
O=C(CCl)N1CCN(Cc2cccc(Cl)c2)C[C@@H]1Cc1ccccc1,DAN-LON-a5fc619e-10,20200417_moonshot_to_enamine.csv,
O=C(CCl)N1CCO[C@H](c2cc(F)cc3c2CO[C@@H]3Cc2cc(O)cc(F)c2)C1,BOG-INS-8ebd826b-1,20200417_moonshot_to_enamine.csv,
O=C(CCl)N1CCCC(c2nc(-c3cccnc3)nc3ccccc23)C1,WAR-XCH-bdd24732-16,20200417_moonshot_to_enamine.csv,
CS(=O)(=O)N1CCc2ccc(CN3CCN(C(=O)CCl)CC3)cc2C1,TAM-UNI-d1c3dd9f-5,20200417_moonshot_to_enamine.csv,
NS(=O)(=O)c1ccc2c(c1)CN(CC1CCN(C(=O)CCl)CC1)CC2,STU-CHA-83dacf15-1,20200417_moonshot_to_enamine.csv,
Cc1cc2c(cc1S(N)(=O)=O)CN(CC1CCN(C(=O)CCl)CC1)CC2,STU-CHA-09bcc2f6-1,20200417_moonshot_to_enamine.csv,
NS(=O)(=O)c1cc2c(cc1C(F)F)CCN(CC1CCN(C(=O)CCl)CC1)C2,STU-CHA-814c6126-1,20200417_moonshot_to_enamine.csv,
CC1Cc2ccc(S(N)(=O)=O)cc2CN1CC1CCN(C(=O)CCl)CC1,STU-CHA-7e77017b-1,20200417_moonshot_to_enamine.csv,
COC1CCCC(Oc2cccc(CN3CCN(C(=O)CCl)CC3)c2)C1,MAK-UNK-176ca439-4,20200417_moonshot_to_enamine.csv,
CC(=O)NCCc1c[nH]c2c([C@@H]3CN(C(=O)CCl)Cc4ccccc43)cc(Cl)cc12,DAR-DIA-caba39e3-5,20200417_moonshot_to_enamine.csv,
CC(=O)NCCc1c[nH]c2c(C3CN(C(=O)CCl)Cc4ccccc43)c(F)ccc12,NIR-THE-c331be7a-3,20200417_moonshot_to_enamine.csv,
O=C(CCl)N1Cc2ccccc2C(c2ccccc2)C1Cc1cccnc1,DAV-CRI-1c77f7a9-1,20200417_moonshot_to_enamine.csv,
NS(=O)(=O)C1CCc2cc(C3CN(C(=O)CCl)Cc4ccccc43)ccc2C1,DAV-CRI-3fe943ba-2,20200417_moonshot_to_enamine.csv,
CC(=O)NCCc1c[nH]c2c(C(CCc3ccc(C)cc3)N3CCN(C(=O)CCl)CC3)cccc12,PAU-WEI-b9b69149-8,20200417_moonshot_to_enamine.csv,
CC(=O)NCCc1c[nH]c2c(C(CCc3ccccc3)N3CCN(C(=O)CCl)CC3)cccc12,PAU-WEI-b9b69149-7,20200417_moonshot_to_enamine.csv,
CC(=O)NCCc1c[nH]c2c(C(CCc3ccc(C(F)(F)F)cc3)N3CCN(C(=O)CCl)CC3)cccc12,PAU-WEI-b9b69149-9,20200417_moonshot_to_enamine.csv,
O=C(CCl)Nc1nc2c(S(=O)(=O)NCCc3ccccc3)cccc2s1,DUN-NEW-f8ce3686-23,20200417_moonshot_to_enamine.csv,
O=C(CCl)Nc1nc2c(C(=O)NCCc3cccc(F)c3)cccc2s1,WAL-WAB-df110a02-1,20200417_moonshot_to_enamine.csv,
N#Cc1ccccc1CN(C1CCC(O)CC1)C1CCN(C(=O)CCl)CC1,WAR-XCH-72a8c209-6,20200417_moonshot_to_enamine.csv,
C=CC(=O)N1CCC(N(Cc2ccccc2C#N)C2CCC(O)CC2)CC1,WAR-XCH-72a8c209-10,20200417_moonshot_to_enamine.csv,
O=C(CCl)N1CCCC(N(CC2CCCCC2)C2CCC(O)CC2)C1,WAR-XCH-72a8c209-5,20200417_moonshot_to_enamine.csv,
C=CC(=O)N1CCCC(N(CC2CCCCC2)C2CCC(O)CC2)C1,WAR-XCH-72a8c209-9,20200417_moonshot_to_enamine.csv,
O=C(CCl)N1CCN(C(c2ccccc2)c2ccccc2)CC1,SIM-SYN-f15aaa3a-1,20200417_moonshot_to_enamine.csv,
C=CC(=O)NC1CN(Cc2cccc3c(CCNC(=O)c4ccc[nH]4)c[nH]c23)C1,JAN-GHE-6413aaf8-3,20200417_moonshot_to_enamine.csv,
C=CC(=O)N1CCN(S(=O)(=O)c2ccccc2-c2ccc(Nc3ccc(C#N)cn3)cc2)CC1,JAN-GHE-bf40f168-2,20200417_moonshot_to_enamine.csv,
Cc1cccc(CN2CCN(C(=O)CCl)CC2)c1C(=O)N1CCC(O)CC1,MAK-UNK-e4a48a85-26,20200417_moonshot_to_enamine.csv,
O=C(CCl)N1CCC(c2nc(-c3cccnc3)nc3ccccc23)CC1,WAR-XCH-b0339bbe-19,20200417_moonshot_to_enamine.csv,
C=CC(=O)Nc1cc(C(=O)NC[C@H](Cc2ccccc2)c2ccccn2)ccc1O,JUA-UNI-bc099708-5,20200417_moonshot_to_enamine.csv,
O=C(CNCc1c[nH]c2ccc(F)cc12)NCc1ccc(CN2CCN(C(=O)CCl)CC2)cc1,MAK-UNK-176ca439-5,20200417_moonshot_to_enamine.csv,
NS(=O)(=O)c1ccc(Br)c(CCN2CCCN(C(=O)CCl)CC2)c1,PED-UNI-89deb5c9-1,20200417_moonshot_to_enamine.csv,
Cc1cccc(CC2CC3CCC(C2)N3C(=O)CCl)c1,MAK-UNK-af83ef51-8,20200417_moonshot_to_enamine.csv,
C=C(Cc1ccno1)C(=O)N1CCN(Cc2cccc(Cl)c2)CC1,SEA-TRI-9e600f3c-1,20200417_moonshot_to_enamine.csv,
C=C(Cc1ccon1)C(=O)N1CCN(Cc2cccc(Cl)c2)CC1,SEA-TRI-146a67b6-1,20200417_moonshot_to_enamine.csv,
C=C(Cc1ccno1)C(=O)N1CCN(Cc2cccc(C#N)c2)CC1,SEA-TRI-f93fcab4-1,20200417_moonshot_to_enamine.csv,
NC(=O)/C=C/CCC(O)C1CNC(Cc2cc(O)cc(O)c2)CC1CC1CCNC1,VIT-UNK-525497ca-7,20200417_moonshot_to_enamine.csv,
O=C(CCl)N1Cc2c(OCCN3CCOCC3)cccc2[C@H](c2cccc(Cl)c2)C1,SEA-TRI-fac72a44-1,20200417_moonshot_to_enamine.csv,
C=CC(=O)N1Cc2c(OCCN3CCOCC3)cccc2[C@H](c2cccc(Cl)c2)C1,SEA-TRI-078a8df3-1,20200417_moonshot_to_enamine.csv,
O=C(CCl)N1CCN(Cc2cc(Cl)cc3cccc(OCCN4CCOCC4)c23)CC1,SEA-TRI-67e8f1c7-1,20200417_moonshot_to_enamine.csv,
Cc1cccc(C2(N3CCN(C(=O)CCl)CC3)CC(C(N)=O)C2)c1,STU-CHA-07310c75-1,20200417_moonshot_to_enamine.csv,
O=C(CCl)N1CCN(C2(c3ccccc3)CCCCC2)CC1,WAR-XCH-79d12f6e-7,20200417_moonshot_to_enamine.csv,
Cc1ccnc2[nH]c(CC3CCN(C(=O)CCl)CC3)nc12,WAR-XCH-b0339bbe-3,20200417_moonshot_to_enamine.csv,
CC(=O)Oc1ccccc1C(=O)Nc1ncc([N+](=O)[O-])s1,AAR-POS-dddeddbf-4,20200421_moonshot_to_molport.csv,
C[C@@H]1CS/C(=N\NC(=O)C(=O)C(NC(=O)C2CCCCCC2)C2CCOCC2)N1C,AAR-POS-dddeddbf-5,20200421_moonshot_to_molport.csv,
O=C(Nc1ccc([N+](=O)[O-])cc1Cl)c1cc(Cl)ccc1O,CHR-SOS-7098f804-1,20200421_moonshot_to_molport.csv,
CC(C)[C@H](NC(=O)OCc1ccccc1)C(=O)NC(C=O)Cc1ccccc1,MAT-POS-bfefc3ea-2,20200421_moonshot_to_molport.csv,
Cc1nn(-c2ccccc2)c(Nc2cccc(C(F)(F)F)c2)c1NS(C)(=O)=O,ROD-LAS-d5538ff9-1,"20200606_RioFedUni_to_enamine.csv, 20200606_RioFedUni_to_enamine.csv",
O=C(N/N=C/c1c[nH]cn1)C1CCCCC1,ROD-LAS-d5538ff9-3,20200606_RioFedUni_to_enamine.csv,
O=C(CNc1c(-c2ccccc2)nc2ccccn12)N/N=C/c1cccc2ccccc12,ROD-LAS-d5538ff9-4,20200606_RioFedUni_to_enamine.csv,
Cc1[nH]c2ccccc2c1/C=N/N(C)C(=O)c1ccc2c(c1)OCO2,ROD-LAS-d5538ff9-5,20200606_RioFedUni_to_enamine.csv,
CN1C(=O)/C(=N\NC(=O)c2ccc3c(c2)OCO3)c2ccccc21,ROD-LAS-d5538ff9-6,20200606_RioFedUni_to_enamine.csv,
Cc1csc(C(=O)N/N=C/c2cccnc2)c1N,ROD-LAS-d5538ff9-7,20200606_RioFedUni_to_enamine.csv,
CCCc1cc2c(cc1S(=O)(=O)N1CCN(c3ccccc3)CC1)OCO2,ROD-LAS-d5538ff9-8,20200606_RioFedUni_to_enamine.csv,
O=C(Nc1ccccc1)Nc1cnc2ccc([N+](=O)[O-])cc2n1,ROD-LAS-d5538ff9-9,20200606_RioFedUni_to_enamine.csv,
O=C(NC[C@]1(COc2ccc(C(F)(F)F)cn2)C[C@H](O)[C@H](O)C1)Nc1cccnc1,FAR-UNI-736b943a-6,20200429_moonshot_to_molport.csv,
O=C(O)c1cn(-c2ccc(F)cc2)c2cc(N3CCNCC3)c(F)cc2c1=O,GER-UNI-caecb3b0-1,20200429_moonshot_to_molport.csv,
O=C(Cc1ccc(O)cc1)Nc1cccc2cc[nH]c12,NAU-LAT-64f4b287-6,20200530_moonshot_to_enamine.csv,
O=C(Cc1ccc(F)cc1)Nc1cccc2cc[nH]c12,NAU-LAT-64f4b287-7,20200530_moonshot_to_enamine.csv,
O=C(Cn1c(=O)[nH]c2ccccc21)Nc1cccc(Cl)c1,BEN-DND-61647d40-14,20200530_moonshot_to_enamine.csv,
O=C(CCNC(=O)c1c[nH]c2ccccc12)Nc1ccc(-n2cnc3ccccc32)cc1,IAN-BAS-5394d4c4-1,20200530_moonshot_to_enamine.csv,
O=C(Cc1c[nH]c2ncccc12)N(Cc1c(F)cccc1Cl)c1ccc2[nH]c(=O)[nH]c2c1,BEN-BAS-bb561ced-1,20200530_moonshot_to_enamine.csv,
Cn1cc(S(N)(=O)=O)cc1CC(=O)Nc1cccc(C(=O)NCc2ccccn2)c1,IAN-BAS-36ca50f1-1,20200530_moonshot_to_enamine.csv,
Cc1ccncc1NC(=O)Cc1cccc(C(N)=O)c1,ANN-UNI-98d2bf15-2,20200530_moonshot_to_enamine.csv,
Cc1ccncc1NC(=O)Cc1cccc(OC(F)(F)F)c1,ANN-UNI-98d2bf15-5,20200530_moonshot_to_enamine.csv,
O=C(O)C12CC(CNCc3ccc4c(c3)OCC4)(C1)OC2c1ccccc1,BEN-BAS-f6e16b09-1,20200530_moonshot_to_enamine.csv,
CC(NC(=O)c1ccc2cn[nH]c2c1)C(=O)Nc1ccc(-n2cnc3ccccc32)cc1,BEN-BAS-0534ec5c-1,20200530_moonshot_to_enamine.csv,
O=C(Cc1ccc2[nH]c(=O)[nH]c2c1)NC1(CNC(=O)c2cnc[nH]2)CC1,BEN-BAS-baaab58b-1,20200530_moonshot_to_enamine.csv,
Cn1ccc(CNC(=O)Cc2nnc3ccc(O)cn23)c1,ALP-POS-c0ee8219-1,20200530_moonshot_to_enamine.csv,
O=C(Cc1nnc2ccc(O)cn12)NC(C(=O)N1CCCC1)c1ccccn1,ALP-POS-c0ee8219-2,20200530_moonshot_to_enamine.csv,
Cn1cccc1C(CC(N)=O)NC(=O)Cc1nnc2ccc(O)cn12,ALP-POS-c0ee8219-3,20200530_moonshot_to_enamine.csv,
NC(=O)CC1(NC(=O)Cc2nnc3ccc(O)cn23)CCc2cccnc21,ALP-POS-c0ee8219-4,20200530_moonshot_to_enamine.csv,
COc1cc2nnc(CC(=O)NCc3ccn(C)c3)n2cc1OC,ALP-POS-c0ee8219-5,20200530_moonshot_to_enamine.csv,
COc1cc2nnc(CC(=O)NC(C(=O)N3CCCC3)c3ccccn3)n2cc1OC,ALP-POS-c0ee8219-6,20200530_moonshot_to_enamine.csv,
COc1cc2nnc(CC(=O)NC(CC(N)=O)c3cccn3C)n2cc1OC,ALP-POS-c0ee8219-7,20200530_moonshot_to_enamine.csv,
COc1cc2nnc(CC(=O)NC3(CC(N)=O)CCc4cccnc43)n2cc1OC,ALP-POS-c0ee8219-8,20200530_moonshot_to_enamine.csv,
COc1ccc2nnc(CC(=O)NCc3ccn(C)c3)n2c1,ALP-POS-c0ee8219-9,20200530_moonshot_to_enamine.csv,
COc1ccc2nnc(CC(=O)NC(C(=O)N3CCCC3)c3ccccn3)n2c1,ALP-POS-c0ee8219-10,20200530_moonshot_to_enamine.csv,
COc1ccc2nnc(CC(=O)NC(CC(N)=O)c3cccn3C)n2c1,ALP-POS-c0ee8219-11,20200530_moonshot_to_enamine.csv,
COc1ccc2nnc(CC(=O)NC3(CC(N)=O)CCc4cccnc43)n2c1,ALP-POS-c0ee8219-12,20200530_moonshot_to_enamine.csv,
Cn1ccc(CNC(=O)Cn2nnc3c2CCNC3)c1,ALP-POS-c0ee8219-13,20200530_moonshot_to_enamine.csv,
O=C(Cn1nnc2c1CCNC2)NC(C(=O)N1CCCC1)c1ccccn1,ALP-POS-c0ee8219-14,20200530_moonshot_to_enamine.csv,
Cn1cccc1C(CC(N)=O)NC(=O)Cn1nnc2c1CCNC2,ALP-POS-c0ee8219-15,20200530_moonshot_to_enamine.csv,
NC(=O)CC1(NC(=O)Cn2nnc3c2CCNC3)CCc2cccnc21,ALP-POS-c0ee8219-16,20200530_moonshot_to_enamine.csv,
COc1ccccc1OCCNC(=O)c1cc(=O)[nH]c2cccc(C)c12,EDJ-MED-6af13d92-1,20200530_moonshot_to_enamine.csv,
COc1ccccc1OCCNC(=O)c1cc(=O)[nH]c2cccc(F)c12,EDJ-MED-6af13d92-2,20200530_moonshot_to_enamine.csv,
COc1ccccc1OCCNC(=O)c1cc(=O)[nH]c2cccc(OC)c12,EDJ-MED-6af13d92-3,20200530_moonshot_to_enamine.csv,
O=C(NCc1cccc(C(=O)N2CCOCC2)c1)c1cnc2c(c1)c(=O)[nH]c(=O)n2Cc1ccccc1,IAN-BAS-647c7407-1,20200530_moonshot_to_enamine.csv,
Cc1ncc2c(n1)CCC(NC(=O)NCc1cccc(N3C(=O)NC4(CCCC4)C3=O)c1)C2,ERI-BAS-50567787-1,20200530_moonshot_to_enamine.csv,
O=C(NCCc1ccc2c(c1)CCO2)NCc1cccc(N2C(=O)NC3(CCCC3)C2=O)c1,IAN-BAS-9ef79f6c-1,20200530_moonshot_to_enamine.csv,
O=C(NCCNc1ccncc1)c1cccc(S(=O)(=O)Nc2ccccc2-c2ccccc2)c1,ERI-BAS-962ecb40-1,20200530_moonshot_to_enamine.csv,
Cc1nc(-c2cccc(CNC(=O)Nc3cccc(CN4CCCC4=O)c3)c2)n[nH]1,ERI-BAS-bd3ef700-1,20200530_moonshot_to_enamine.csv,
O=C(NCc1coc2ccccc12)C1CCc2nnc(-c3ccc(O)cc3)n2C1,ERI-BAS-37e2bb46-1,20200530_moonshot_to_enamine.csv,
O=S(=O)(CCc1ccccc1)Nc1cccnc1,NAU-LAT-445f63e5-1,20200530_moonshot_to_enamine.csv,
O=S(=O)(Cc1ccc(F)cc1)Nc1cccnc1,NAU-LAT-445f63e5-2,20200530_moonshot_to_enamine.csv,
O=S(=O)(Cc1noc(C2CC2)n1)Nc1cccnc1,NAU-LAT-445f63e5-3,20200530_moonshot_to_enamine.csv,
N#Cc1cccnc1NS(=O)(=O)Cc1ccccc1,NAU-LAT-445f63e5-4,20200530_moonshot_to_enamine.csv,
O=S(=O)(Cc1ccccc1)Nc1cnccc1N1CCCC1,NAU-LAT-445f63e5-5,20200530_moonshot_to_enamine.csv,
O=C(Nc1cccnc1)NC1(Cc2ccccc2)CCOCC1,NAU-LAT-445f63e5-6,20200530_moonshot_to_enamine.csv,
O=S(=O)(NC1(Cc2ccccc2)CCOCC1)c1cccnc1,NAU-LAT-445f63e5-7,20200530_moonshot_to_enamine.csv,
COCC(NC(=O)CC1C(=O)Nc2ccc(F)cc21)c1cccc(Br)c1,BAR-COM-0f94fc3d-3,20200530_moonshot_to_enamine.csv,
Cc1ccn(CC(=O)NCc2nccn2CCc2ccccc2)c(=O)c1,BAR-COM-0f94fc3d-4,20200530_moonshot_to_enamine.csv,
CCC(C)CC(=O)N1CCCC(NC(=O)Cn2c(C)cc(C)nc2=O)CC1,BAR-COM-0f94fc3d-5,20200530_moonshot_to_enamine.csv,
Cc1ccnn1CC(=O)NCC(NC(=O)C(C)C#N)c1ccccc1,BAR-COM-0f94fc3d-7,20200530_moonshot_to_enamine.csv,
Cc1ccc(O)cc1NC(=O)C(C)(C)c1cccc(F)c1,BAR-COM-0f94fc3d-13,20200530_moonshot_to_enamine.csv,
Cc1ccncc1NC(=O)Cn1ccc2ccc(F)cc21,BAR-COM-0f94fc3d-18,20200530_moonshot_to_enamine.csv,
COc1cccc(C(O)C(=O)Nc2cnccc2C)c1,BAR-COM-0f94fc3d-19,20200530_moonshot_to_enamine.csv,
Cc1cnn(-c2ccncc2NC(=O)Cn2cc(C)c3ccccc32)c1,BAR-COM-0f94fc3d-20,20200530_moonshot_to_enamine.csv,
COc1ccncc1NC(=O)C(O)c1cccc(Br)c1,BAR-COM-0f94fc3d-23,20200530_moonshot_to_enamine.csv,
Cc1ccncc1NC(=O)C1(c2cccc(Cl)c2)CC(=O)C1,BAR-COM-0f94fc3d-25,20200530_moonshot_to_enamine.csv,
Cc1ccncc1NC(=O)Cc1cc(Cl)c2c(c1)OCCO2,BAR-COM-0f94fc3d-28,20200530_moonshot_to_enamine.csv,
Cc1ccnc(C)c1NC(=O)NCc1cccc(N2CCOCC2)c1,BAR-COM-0f94fc3d-33,20200530_moonshot_to_enamine.csv,
CC(=O)NC(C(=O)Nc1cncnc1N(C)C)c1cccc(Br)c1,BAR-COM-0f94fc3d-36,20200530_moonshot_to_enamine.csv,
CCC(O)(C(=O)Nc1cnccc1C)c1cccc(Cl)c1,BAR-COM-0f94fc3d-38,20200530_moonshot_to_enamine.csv,
O=C(Cc1cc(Cl)c2c(c1)OCCO2)Nc1cnccc1-c1ccccc1,BAR-COM-0f94fc3d-40,20200530_moonshot_to_enamine.csv,
Cc1ccncc1NC(=O)Cn1ccc2ccc(Cl)cc21,BAR-COM-0f94fc3d-41,20200530_moonshot_to_enamine.csv,
COc1ccc2c(c1)C(C(=O)Nc1cnccc1-n1cccn1)CCC2,BAR-COM-0f94fc3d-43,20200530_moonshot_to_enamine.csv,
COc1ccncc1NC(=O)C(C)(C)c1cc(F)cc(C#N)c1,BAR-COM-0f94fc3d-45,20200530_moonshot_to_enamine.csv,
Cc1ccnc(C)c1NC(=O)C(C)c1ccc(F)c(F)c1,BAR-COM-0f94fc3d-46,20200530_moonshot_to_enamine.csv,
Cc1ccncc1NC(=O)CN1C(=O)COc2ccc(Cl)cc21,BAR-COM-0f94fc3d-48,20200530_moonshot_to_enamine.csv,
CSc1ccncc1NC(=O)Cc1ccc2c(c1)CCCC2,BAR-COM-0f94fc3d-49,20200530_moonshot_to_enamine.csv,
COc1ccc2c(c1)C(C(=O)Nc1cncnc1C)CCC2,BAR-COM-0f94fc3d-50,20200530_moonshot_to_enamine.csv,
CCn1c(=O)n(CC(=O)Nc2c(C)ccnc2C)c2ccccc21,BAR-COM-0f94fc3d-51,20200530_moonshot_to_enamine.csv,
CC(NC(=O)Nc1cccc(N2CCCCC2=O)c1)c1ccn[nH]1,BAR-COM-0f94fc3d-53,20200530_moonshot_to_enamine.csv,
Cc1c(C(=O)NC(CC(=O)O)c2cccc(Cl)c2)cnc2ccccc12,BAR-COM-0f94fc3d-55,20200530_moonshot_to_enamine.csv,
COc1ccc(Br)cc1C(N)C(=O)Nc1cnccc1C,BAR-COM-0f94fc3d-58,20200530_moonshot_to_enamine.csv,
CC(=O)Nc1ccncc1NC(=O)C1Cc2ccc(F)cc21,BAR-COM-0f94fc3d-59,20200530_moonshot_to_enamine.csv,
O=C1[C@H](Nc2nccn3cnnc23)CCN1c1cccc(Cl)c1,JAG-UCB-4709a583-1,20200530_moonshot_to_enamine.csv,
O=C1CC[C@H](C(=O)Nc2cccc(Br)c2)N1,JAG-UCB-ef2c0e8e-2,20200530_moonshot_to_enamine.csv,
Cc1cccc(NC(=O)Cn2c(=O)oc3ccccc32)c1,JAG-UCB-ef2c0e8e-3,20200530_moonshot_to_enamine.csv,
Nc1ncc(S(=O)(=O)NCc2cccc(Cl)c2)cn1,JAG-UCB-ef2c0e8e-5,20200530_moonshot_to_enamine.csv,
CCS(=O)(=O)N1CCC(C(=O)Nc2cc(Cl)ccc2O)CC1,JAG-UCB-ef2c0e8e-6,20200530_moonshot_to_enamine.csv,
Cn1cnnc1CNC(=O)Nc1cc(C(F)(F)F)c[nH]c1=O,JAG-UCB-ef2c0e8e-7,20200530_moonshot_to_enamine.csv,
Cc1cccc(CS(=O)(=O)N2CCC(C(N)=O)CC2)c1,JAG-UCB-ef2c0e8e-8,20200530_moonshot_to_enamine.csv,
Cc1ccc(C)c(NC(=O)[C@H]2CNC(=O)C2)c1,JAG-UCB-ef2c0e8e-9,20200530_moonshot_to_enamine.csv,
O=C1CC[C@@H](C(=O)Nc2cccc(Cl)c2)CN1,JAG-UCB-ef2c0e8e-10,20200530_moonshot_to_enamine.csv,
O=C(NCCc1cccc2ccccc12)c1cc(=O)[nH]c2ccccc12,DAR-DIA-8e329c92-9,20200530_moonshot_to_enamine.csv,
O=C(Cc1cccnc1)N1CCC[C@H]1c1noc(C2CC2)n1,JAG-UCB-cedd89ab-4,20200530_moonshot_to_enamine.csv,
Cc1ccncc1NC(=O)CN1CCCCC1,BEN-DND-93268d01-11,20200530_moonshot_to_mcule.csv,
Cc1ccncc1NC(=O)CCc1cccc(F)c1,BEN-DND-93268d01-6,20200530_moonshot_to_mcule.csv,
CC(=O)N1CCN(CC(=O)Nc2cnccc2C)CC1,BEN-DND-93268d01-8,20200530_moonshot_to_mcule.csv,
O[C@H](Cc1cccc(Cl)c1)Cn1cncn1,JAG-UCB-cedd89ab-2,20200530_moonshot_to_mcule.csv,
Cc1cc2c(N)nc(=O)n(CC(=O)Nc3cccc(Cl)c3)c2s1,JAG-UCB-77729364-1,20200530_moonshot_to_mcule.csv,
Cc1ccc(-n2ncc3c(=O)n(CC(N)=O)cnc32)cc1C,JAG-UCB-ef2c0e8e-4,20200530_moonshot_to_mcule.csv,
Cc1cc2c(cc1C)[C@H](C(=O)N1CCCC[C@@H]1c1cn[nH]c1)CO2,JAG-UCB-1d922829-7,20200530_moonshot_to_mcule.csv,
Cc1cc(-c2nc3ccccc3[nH]2)ccc1O,CAS-DEP-751a2458-2,20200518_moonshot_to_wuxi.csv,
O=C(CC1(C#C[C@H]2CCCN2)CCCCC1)Nc1cccnc1,CHR-SOS-54d5cf3e-2,20200518_moonshot_to_wuxi.csv,imperfect match for CHR-SOS-54d5cf3e-2
CC(=O)NCCc1c[nH]c2c(NCc3ccc4nc[nH]c4c3)cc(F)cc12,GAB-REV-4a4e2ff3-20,20200518_moonshot_to_wuxi.csv,
Cc1c(C(C)C(=O)O)ccc2c1[nH]c1ccc(Cl)cc12,MAK-UNK-0d6072ac-20,20200518_moonshot_to_wuxi.csv,imperfect match for MAK-UNK-0d6072ac-20
Cc1cc(C(C)C(=O)O)cc2[nH]c3ccc(Cl)cc3c12,MAK-UNK-0d6072ac-21,20200518_moonshot_to_wuxi.csv,imperfect match for MAK-UNK-0d6072ac-21
CN1CCN(C(=O)Cc2c[nH]c3ncccc23)CC1C(=O)NCCc1c[nH]c2ccc(F)cc12,MAK-UNK-10572812-7,20200518_moonshot_to_wuxi.csv,
CN1CCN(C(=O)Cc2c[nH]c3ncc(C(=O)NCCc4c[nH]c5ccc(F)cc45)cc23)CC1,MAK-UNK-10572812-16,20200518_moonshot_to_wuxi.csv,
Cc1ccncc1NC(=O)C[C@H](c1ccsc1)N1CCC(O)CC1,PET-SGC-a8a902d9-1,20200518_moonshot_to_wuxi.csv,imperfect match for PET-SGC-a8a902d9-1
O=C(Cc1cccnc1)N([C@H]1CC[C@@H](O)CC1)C1(C#CC2CCCCC2)CCCCC1,WAR-XCH-b0339bbe-6,20200518_moonshot_to_wuxi.csv,imperfect match for WAR-XCH-b0339bbe-6
Cc1ccncc1NC(=O)C[C@H](c1ccccc1)N1CCC(O)CC1,ALP-POS-90c18d1d-1,20200518_moonshot_to_wuxi.csv,
CN1CCN(C(=O)[C@@H](C(=O)NCCc2c[nH]c3ccc(F)cc23)c2c[nH]c3ncccc23)CC1,MAK-UNK-10572812-3,20200518_moonshot_to_wuxi.csv,imperfect match for MAK-UNK-10572812-3
O=C(Cn1nnc2ccccc21)N(Cc1ccsc1)c1ccc(-c2ccccc2)cc1,ALP-POS-c59291d4-1,20200416_moonshot_to_sai.csv,
CCC(=O)Nc1ccc(N(Cc2ccsc2)C(=O)Cn2nnc3ccccc32)cc1,ALP-POS-c59291d4-2,20200416_moonshot_to_sai.csv,
O=C(Nc1ccc(N(Cc2ccsc2)C(=O)Cn2nnc3ccccc32)cc1)C1CC1,ALP-POS-c59291d4-3,20200416_moonshot_to_sai.csv,
CNc1ccc(N(Cc2ccsc2)C(=O)Cn2nnc3ccccc32)cc1,ALP-POS-c59291d4-4,20200416_moonshot_to_sai.csv,
O=C(Oc1cncc(Cl)c1)c1cccc2[nH]ccc12,ALP-POS-c59291d4-5,20200416_moonshot_to_sai.csv,
CC(C)(C)NC(=O)C(c1cccnc1)N(C(=O)c1ccco1)c1ccc(C(C)(C)C)cc1,ALP-POS-c59291d4-6,20200416_moonshot_to_sai.csv,
COc1cccc2[nH]c(C(=O)N[C@@H](CC(C)C)C(=O)N[C@@H](C[C@@H]3CCNC3=O)C(=O)CO)cc12,ALP-POS-c59291d4-7,20200416_moonshot_to_sai.csv,
Cc1ccc(S(=O)(=O)Nc2c(-c3cccnc3)nc3ccccn23)c(C)c1,FRA-BIO-8bf1eac9-1,"20200518_biosolveit_to_enamine.csv, 20200431_moonshot_to_enamine.csv",
CCN1CCN(Cc2ccccc2CNC2=NC[C@@H](C3CCCC3)N2)CC1,FRA-BIO-8bf1eac9-2,20200518_biosolveit_to_enamine.csv,
CCN1CCN(Cc2ccccc2CNC(=O)[C@@]2(C)CCN2C(=O)OC(C)(C)C)CC1,FRA-BIO-8bf1eac9-3,20200518_biosolveit_to_enamine.csv,
CCOC(=O)[C@@H](CCc1ccccc1)N[C@H](C)C(=O)Nc1cccc(CN2CCCC2)c1,FRA-BIO-8bf1eac9-4,20200518_biosolveit_to_enamine.csv,
O=C(O)[C@@H](Cc1nc(=O)cc[nH]1)NCc1ccc(Cl)s1,FRA-BIO-8bf1eac9-5,20200518_biosolveit_to_enamine.csv,
Cc1ccc(NCc2cc(NC(=O)OC(C)(C)C)ccc2Br)cn1,FRA-BIO-8bf1eac9-6,20200518_biosolveit_to_enamine.csv,
Cc1cc(C(C)(C)C)ccc1OC[C@H](O)Cn1cnccc1=O,FRA-BIO-8bf1eac9-7,20200518_biosolveit_to_enamine.csv,
C[C@H]1CN(Cc2ccccc2)CC[C@@H]1NC(=O)C(=O)NCc1ccccc1CN1CCCC[C@@H]1C,FRA-BIO-8bf1eac9-8,20200518_biosolveit_to_enamine.csv,
O=C(O)[C@@H](Cc1nc(=O)cc[nH]1)NC[C@@H]1C[C@@H]2C=C[C@H]1C2,FRA-BIO-8bf1eac9-9,20200518_biosolveit_to_enamine.csv,
O=C(NCc1ccccc1OCCO)C(=O)N[C@H]1C[C@H]1C1CCOCC1,FRA-BIO-8bf1eac9-10,20200518_biosolveit_to_enamine.csv,
CC[C@@H]1CN=C(NCc2ccccc2CN2CCN(CC)CC2)N1,FRA-BIO-8bf1eac9-11,20200518_biosolveit_to_enamine.csv,
O=S(=O)(Cc1nc(-c2ccncc2)no1)Nc1ccc(N2CCCCC2)cc1,FRA-BIO-8bf1eac9-12,"20200518_biosolveit_to_enamine.csv, 20200431_moonshot_to_enamine.csv",
O=C(c1ccccc1)N1C[C@@H](CNCc2c[nH]cn2)N2CC[C@H]1C2,FRA-BIO-8bf1eac9-13,20200518_biosolveit_to_enamine.csv,
Cc1ccncc1NC(=O)Cc1cccc(OC2CC(=O)N2)c1,BRU-LEF-c49414a7-1,20200603_moonshot_to_enamine.csv,
CC(C)C[C@H](NC(=O)OCc1ccccc1)C(=O)N[C@H](C(=O)NCC(=O)C=[N+]=[N-])C(C)C,MAT-POS-bfefc3ea-3,20200424_moonshot_to_bachem.csv,
CNS(=O)(=O)Cc1ccc2[nH]cc(CCN(C)C)c2c1,LON-WEI-b8d98729-34,20200331_moonshot_to_enamine.csv,
Cc1ccc(-c2cc(C(F)(F)F)nn2-c2ccc(S(N)(=O)=O)cc2)cc1,GER-UNI-05c7e912-1,20200331_moonshot_to_enamine.csv,
CCC(=O)NCC[C@@H]1CCc2ccc3c(c21)CCO3,JOH-MSK-ec639444-2,20200331_moonshot_to_enamine.csv,
COc1ccc2[nH]cc(CCNS(C)(=O)=O)c2c1,MAR-UNI-9ca61fdc-1,20200331_moonshot_to_enamine.csv,
CC(=O)N1CCN(S(=O)(=O)c2cccc(F)c2)CC1,MAK-UNK-6435e6c2-5,20200331_moonshot_to_enamine.csv,
CCCNC(=O)C(C)NC(=O)N(C)Cc1csc(C)n1,ALE-UNK-fca05062-9,20200331_moonshot_to_enamine.csv,
O=C(Cc1c[nH]c2ncccc12)NCc1ccc(Cl)cn1,TRY-UNI-1fd04853-11,20200331_moonshot_to_enamine.csv,
O=C(Cc1ccc(Cl)s1)Nc1cccnc1,DAR-DIA-842b4336-13,20200331_moonshot_to_enamine.csv,
Cc1ccnc(NC(=O)Cc2ccc3ccccc3c2)c1,ALV-UNI-7ff1a6f9-45,20200331_moonshot_to_enamine.csv,
N#Cc1ccc(CNC(=O)Cc2c[nH]c3ncccc23)nc1,TRY-UNI-1fd04853-12,20200331_moonshot_to_enamine.csv,
Cc1ccncc1NC(=O)Cc1cccc(Cl)c1,TRY-UNI-714a760b-6,20200331_moonshot_to_enamine.csv,
CS(=O)(=O)Cc1ccc(C(=O)Nc2cccnc2)o1,ANT-DIA-3c79be55-4,20200331_moonshot_to_enamine.csv,
O=C(Cc1c[nH]c2ncccc12)Nc1cccc(Cl)c1,DAR-DIA-23aa0b97-12,20200331_moonshot_to_enamine.csv,
N#Cc1cccc(NC(=O)Cc2c[nH]c3ncccc23)c1,DAR-DIA-23aa0b97-1,20200331_moonshot_to_enamine.csv,
O=C(Cc1c[nH]c2ncccc12)NCc1cc(Cl)ccn1,TRY-UNI-1fd04853-9,20200331_moonshot_to_enamine.csv,
Cc1ccncc1NC(=O)C(C)c1cccc(Cl)c1,TRY-UNI-714a760b-18,20200331_moonshot_to_enamine.csv,
O=C(Cc1c[nH]c2ncccc12)NCc1cccc(Cl)c1,TRY-UNI-1fd04853-5,20200331_moonshot_to_enamine.csv,
CC(C)N(C)C(=O)C1CCN(C(=O)CCl)CC1,VIR-GIT-7b3d3065-3,20200331_moonshot_to_enamine.csv,
O=C(C1CCN(S(=O)(=O)c2ccccc2)CC1)N1CCOCC1,GIA-UNK-eaadd1d4-3,20200331_moonshot_to_enamine.csv,
O=C(Nc1ccccc1Cl)c1cc(Cl)ccc1O,CHR-SOS-7098f804-4,20200331_moonshot_to_enamine.csv,
O=C(Cc1c[nH]c2ncccc12)NCc1ccc(Cl)cc1,TRY-UNI-1fd04853-7,20200331_moonshot_to_enamine.csv,
N#Cc1ccc(CNC(=O)Cc2c[nH]c3ncccc23)cc1,TRY-UNI-1fd04853-8,20200331_moonshot_to_enamine.csv,
O=C(CCl)N1CCC(C(=O)N2CCCCC2)CC1,VIR-GIT-7b3d3065-2,20200331_moonshot_to_enamine.csv,
CC(C(=O)O)c1ccc2c(c1)[nH]c1ccc(Cl)cc12,MAK-UNK-0d6072ac-4,20200331_moonshot_to_enamine.csv,
CS(=O)(=O)Nc1cccc(C(=O)Nc2cccc(N3CCCC3=O)c2)c1,MAK-UNK-9159f8ed-6,20200331_moonshot_to_enamine.csv,
CC(=O)N1CCN(S(=O)(=O)c2cccs2)CC1,MAK-UNK-6435e6c2-1,20200331_moonshot_to_enamine.csv,
Cc1cccc(C)c1OCC(=O)N[C@@H](Cc1ccccc1)[C@@H](O)C[C@H](Cc1ccccc1)NC(=O)[C@H](C(C)C)N1CCCNC1=O,ALE-UNK-fca05062-1,20200331_moonshot_to_enamine.csv,
CC(C)c1nc(CN(C)C(=O)N[C@H](C(=O)N[C@@H](Cc2ccccc2)C[C@H](O)[C@H](Cc2ccccc2)NC(=O)OCc2cncs2)C(C)C)cs1,ALE-UNK-fca05062-2,20200331_moonshot_to_enamine.csv,
N#Cc1ccc(NC(=O)Nc2cccnc2)cc1,ANN-UNI-26382800-3,20200331_moonshot_to_enamine.csv,
O=C(Nc1cccnc1)c1cc(Cl)ccc1O,CHR-SOS-7098f804-11,20200331_moonshot_to_enamine.csv,
O=C(Nc1cccnc1)c1cccc(Cl)c1,CHR-SOS-7098f804-12,20200331_moonshot_to_enamine.csv,
O=C(Nc1ccccc1)c1cc(Cl)ccc1O,CHR-SOS-7098f804-7,20200331_moonshot_to_enamine.csv,
O=C(CCl)NC(CO)c1cccc(Cl)c1,DAV-CRI-3edb475e-4,20200331_moonshot_to_enamine.csv,
CCC(=O)OC(OP(=O)(CCCCc1ccccc1)CC(=O)N1C[C@H](C2CCCCC2)C[C@H]1C(=O)O)C(C)C,DAV-UNI-bdcebb58-2,20200331_moonshot_to_enamine.csv,
CC(=O)N1CCN(CC(=O)Nc2cccc(S(N)(=O)=O)c2)CC1,LON-WEI-b8d98729-4,20200331_moonshot_to_enamine.csv,
COc1ccc2[nH]cc(CCNC(C)=O)c2c1,JOH-MSK-35a8745a-1,20200331_moonshot_to_enamine.csv,
CC(=O)N1CCN(Cc2cccc(C#N)c2)CC1,PAT-UNK-b2d83456-1,20200331_moonshot_to_enamine.csv,
N#Cc1cccc(NC(=O)Nc2cccnc2)c1,DAR-DIA-23aa0b97-5,20200331_moonshot_to_enamine.csv,
CC(=O)N1CCN(C2CCNc3ccc(Cl)cc32)CC1,KIM-UNI-7d12df64-4,20200331_moonshot_to_enamine.csv,
O=C(Nc1cccnc1)c1cc(Cl)ccc1-c1ccccc1,CHR-SOS-7098f804-14,20200331_moonshot_to_enamine.csv,
N#Cc1cccc(NC(=O)Nc2cncc(N)c2)c1,DAR-DIA-23aa0b97-8,20200331_moonshot_to_enamine.csv,
Cc1ccncc1NC(=O)Cc1ccc2nc[nH]c2c1,GAB-REV-70cc3ca5-18,20200331_moonshot_to_enamine.csv,
Cc1ccncc1NC(=O)NCCBr,ALE-HEI-f28a35b5-13,20200331_moonshot_to_enamine.csv,
Cc1ccncc1NC(=O)CC(C)(C)NC(=O)c1cccc2[nH]ccc12,GAB-REV-70cc3ca5-6,20200331_moonshot_to_enamine.csv,
Cc1ccncc1NC(=O)CNc1ccnc2ccccc12,GAB-REV-70cc3ca5-4,20200331_moonshot_to_enamine.csv,
Cc1ccncc1NC(=O)CN(C)S(=O)(=O)c1cccc2cccnc12,GAB-REV-70cc3ca5-8,20200331_moonshot_to_enamine.csv,
NC(=O)CCN(C(=O)CCl)C1CCS(=O)(=O)C1,DAN-PUR-6788a628-2,20200331_moonshot_to_enamine.csv,
CCC(C)(C)CCN(Cc1ccsc1)C(=O)Cn1nnc2ccccc21,RUT-UNI-630c5802-20,20200331_moonshot_to_enamine.csv,
O=C(C1CCCN(c2ccncc2)C1)N1CCCCC1,GIA-UNK-30c7cb75-4,20200331_moonshot_to_enamine.csv,
O=C(Nc1cnccc1Cl)c1cc(Cl)ccc1O,CHR-SOS-7098f804-10,20200331_moonshot_to_enamine.csv,
O=C(Nc1cccnc1)Oc1cc(O)cc(Cl)c1,AGN-NEW-891393a6-2,20200331_moonshot_to_enamine.csv,
Nc1cncc(NC(=O)Nc2cccc(Cl)c2)c1,DAR-DIA-23aa0b97-13,20200331_moonshot_to_enamine.csv,
O=C(NCCN1CCN(C(=O)CCl)CC1)c1cccnc1,STE-KUL-2e0d2e88-3,20200331_moonshot_to_enamine.csv,
N#Cc1ncccc1NC(=O)Cc1cccc(Cl)c1,AGN-NEW-c7b24fe3-4,20200331_moonshot_to_enamine.csv,
O=C(NCCN1CCN(C(=O)CCl)CC1)c1cccc2ccccc12,STE-KUL-2e0d2e88-2,20200331_moonshot_to_enamine.csv,
O=C(CCl)N(c1cccnc1)C1CCS(=O)(=O)C1,DAN-PUR-3907f623-3,20200331_moonshot_to_enamine.csv,
Cc1cc(Cl)cc(NC(=O)Nc2cccnc2)c1,WAR-XCH-eb7b662f-5,20200331_moonshot_to_enamine.csv,
Cc1ccc(NC(=O)Cc2cc3cccnc3[nH]2)s1,DAR-DIA-842b4336-18,20200331_moonshot_to_enamine.csv,
O=C(NCCNc1ccnc2cc(Cl)ccc12)Nc1ccc(F)cc1,GAB-FAC-880f6604-1,20200331_moonshot_to_enamine.csv,
O=C(C1CCCN(c2ccncc2)C1)N1CCOCC1,GIA-UNK-30c7cb75-5,20200331_moonshot_to_enamine.csv,
N#Cc1cccc(NC(=O)Nc2c[nH]c3ncccc23)c1,DAR-DIA-23aa0b97-11,20200331_moonshot_to_enamine.csv,
O=C(CC(=O)Nc1ccncc1)Nc1ccccc1,GIA-UNK-3f36037a-7,20200331_moonshot_to_enamine.csv,
Cc1c(N)cncc1NC(=O)Nc1cccc(Cl)c1,TRY-UNI-714a760b-9,20200331_moonshot_to_enamine.csv,
O=C(Nc1cccnc1)Nc1cc(O)cc(Cl)c1,WAR-XCH-eb7b662f-4,20200331_moonshot_to_enamine.csv,
CNC(=O)OC1CCN(S(=O)(=O)c2ccccc2)CC1,GIA-UNK-595fac82-4,20200331_moonshot_to_enamine.csv,
Cc1ccncc1NC(=O)CNC(=O)Cc1cccnc1,GAB-REV-70cc3ca5-13,20200331_moonshot_to_enamine.csv,
O=C(Nc1cccnc1)N(CCC1CCCCC1)c1cccc(Cl)c1,JOR-UNI-2fc98d0b-12,20200331_moonshot_to_enamine.csv,
O=C(NCCN1CCN(C(=O)CCl)CC1)c1ccccc1,STE-KUL-2e0d2e88-1,20200331_moonshot_to_enamine.csv,
N#Cc1cccc(NC(=O)Cc2cncc(N)c2)c1,DAR-DIA-23aa0b97-3,20200331_moonshot_to_enamine.csv,
N#Cc1cncc(NC(=O)Cc2c[nH]c3ncccc23)c1,DAR-DIA-23aa0b97-2,20200331_moonshot_to_enamine.csv,
N#Cc1cncc(NC(=O)Cc2cncc(N)c2)c1,DAR-DIA-23aa0b97-7,20200331_moonshot_to_enamine.csv,
CNC(=O)OC1CCN(C(=O)c2ccncc2)CC1,GIA-UNK-595fac82-3,20200331_moonshot_to_enamine.csv,
O=C(CC(=O)N1CCOCC1)NC1CCCCC1,GIA-UNK-3f36037a-1,20200331_moonshot_to_enamine.csv,
Cc1c(N)cncc1NC(=O)C(C)c1cccc(C#N)c1,TRY-UNI-714a760b-21,20200331_moonshot_to_enamine.csv,
Cc1ccncc1NC(=O)CCNC(=O)c1ccccc1F,PET-SGC-2e937068-1,20200331_moonshot_to_enamine.csv,
O=C(Nc1cnccc1Cl)c1cccc(Cl)c1,CHR-SOS-7098f804-21,20200331_moonshot_to_enamine.csv,
Cc1ccncc1NC(=O)CCNc1ccc(S(N)(=O)=O)cc1,GAB-REV-70cc3ca5-3,20200331_moonshot_to_enamine.csv,
Cc1ccncc1NC(=O)CCCBr,ALE-HEI-f28a35b5-12,20200331_moonshot_to_enamine.csv,
CNC(=O)OC1CCN(C(=O)c2ccccc2)CC1,GIA-UNK-595fac82-2,20200331_moonshot_to_enamine.csv,
N#Cc1ccnc(CNC(=O)Cc2c[nH]c3ncccc23)c1,TRY-UNI-1fd04853-10,20200331_moonshot_to_enamine.csv,
O=C(Nc1cccnc1)N(CCN1CCOCC1)c1cccc(Cl)c1,JOR-UNI-2fc98d0b-6,20200331_moonshot_to_enamine.csv,
CC(=O)Nc1ccc(NCC(=O)Nc2cnccc2C)cc1,GAB-REV-70cc3ca5-21,20200331_moonshot_to_enamine.csv,
Cc1cccc(CC(=O)Nc2cccnc2C#N)c1,AGN-NEW-c7b24fe3-3,20200331_moonshot_to_enamine.csv,
Cc1c(N)cncc1NC(=O)Cc1cccc(Cl)c1,TRY-UNI-714a760b-3,20200331_moonshot_to_enamine.csv,
CS(=O)(=O)NCCC(C(=O)Nc1cccnc1)c1ccccc1,ADA-UNI-f8e79267-2,20200331_moonshot_to_enamine.csv,
CNCCC(C(=O)Nc1cccnc1)c1ccccc1,ADA-UNI-f8e79267-5,20200331_moonshot_to_enamine.csv,
O=C(Nc1cccnc1)Nc1ccc(Cl)s1,DAR-DIA-842b4336-4,20200331_moonshot_to_enamine.csv,
Cc1ccncc1NC(=O)Nc1cccc(Cl)c1,TRY-UNI-714a760b-12,20200331_moonshot_to_enamine.csv,
Cc1ccncc1NC(=O)Nc1cccc(C#N)c1,TRY-UNI-714a760b-24,20200331_moonshot_to_enamine.csv,
Cc1ccncc1NC(=O)CCc1nc2cc(Cl)ccc2o1,GAB-REV-70cc3ca5-22,20200331_moonshot_to_enamine.csv,
Cc1c(N)cncc1NC(=O)C(C)c1ccccc1,TRY-UNI-714a760b-14,20200331_moonshot_to_enamine.csv,
COc1cc(Cl)cc(OC(=O)Nc2cccnc2)c1,AGN-NEW-891393a6-1,20200331_moonshot_to_enamine.csv,
Cc1c(N)cncc1NC(=O)Cc1cccc(C#N)c1,TRY-UNI-714a760b-19,20200331_moonshot_to_enamine.csv,
Cc1c(N)cncc1NC(=O)C(C)c1cccc(Cl)c1,TRY-UNI-714a760b-15,20200331_moonshot_to_enamine.csv,
Cc1ccncc1NC(=O)Nc1cncc(C#N)c1,CHR-SOS-363cfb78-2,20200331_moonshot_to_enamine.csv,
Cc1c(N)cncc1NC(=O)Cc1ccccc1,TRY-UNI-714a760b-2,20200331_moonshot_to_enamine.csv,
N#Cc1cncc(NC(=O)Cc2cccnc2)c1,DAR-DIA-23aa0b97-6,20200331_moonshot_to_enamine.csv,
COc1ccc2nccc(C(=O)NN)c2c1,AMD-UAU-3d234461-1,20200331_moonshot_to_enamine.csv,
CS(=O)(=O)NCCc1cccc(O)c1,ANT-DIA-b7f58f21-2,20200331_moonshot_to_enamine.csv,
CNC(=O)OC1CCN(Cc2ccccc2)CC1,GIA-UNK-595fac82-5,20200331_moonshot_to_enamine.csv,
O=C(Nc1cccnc1)Nc1cncc(Cl)c1,DAR-DIA-23aa0b97-15,20200331_moonshot_to_enamine.csv,
N#Cc1ccc(Nc2ccc(NC(=O)Nc3cccnc3)cc2)nc1,MAK-UNK-30aad1f1-12,20200331_moonshot_to_enamine.csv,
O=C(CC(=O)N1CCOCC1)Nc1ccccc1,GIA-UNK-3f36037a-2,20200331_moonshot_to_enamine.csv,
Cc1c(N)cncc1NC(=O)CC1CCCCC1,TRY-UNI-714a760b-1,20200331_moonshot_to_enamine.csv,
Cc1ncncc1NC(=O)Nc1ccccc1,HAN-NEW-5f56c3bc-1,20200331_moonshot_to_enamine.csv,
CN(C)CCc1c[nH]c2ccccc12,JOH-MSK-a63bdd1d-10,20200331_moonshot_to_enamine.csv,
Cc1ccncc1NC(=O)c1cccc(NC(=O)Nc2cccnc2)c1,MAK-UNK-129dcd6f-9,20200331_moonshot_to_enamine.csv,
Cc1c(N)cncc1NC(=O)Nc1ccccc1,TRY-UNI-714a760b-8,20200331_moonshot_to_enamine.csv,
CN(C)CCc1c[nH]c2ccc(O)cc12,JOH-MSK-a63bdd1d-9,20200331_moonshot_to_enamine.csv,
Cc1ccncc1NC(=O)C(C)C1CCCCC1,TRY-UNI-714a760b-16,20200331_moonshot_to_enamine.csv,
Cc1c(N)cncc1NC(=O)NC1CCCCC1,TRY-UNI-714a760b-7,20200331_moonshot_to_enamine.csv,
O=C(CCCBr)Nc1cccnc1,ALE-HEI-f28a35b5-14,20200331_moonshot_to_enamine.csv,
Cc1ccncc1NC(=O)c1ccc(NC(=O)Nc2cccnc2)cc1,MAK-UNK-129dcd6f-12,20200331_moonshot_to_enamine.csv,
Cc1coc(NC(=O)Nc2cccnc2)n1,DAR-DIA-842b4336-7,20200331_moonshot_to_enamine.csv,
N#Cc1cncc(NC(=O)Nc2cccnc2)c1,CHR-SOS-363cfb78-1,20200331_moonshot_to_enamine.csv,
N#Cc1cc(Cl)cc(NC(=O)Nc2cccnc2)c1,WAR-XCH-eb7b662f-2,20200331_moonshot_to_enamine.csv,
N#Cc1cccc(C(=O)Nc2ncc([N+](=O)[O-])s2)c1,GAB-FAC-0d239413-1,20200331_moonshot_to_enamine.csv,
CS(=O)(=O)Nc1cccc(C(=O)Oc2cccc(N3CCCC3=O)c2)c1,MAK-UNK-9159f8ed-7,20200331_moonshot_to_enamine.csv,
O=C(Nc1ccc([N+](=O)[O-])cc1Cl)c1cccc(Cl)c1,CHR-SOS-7098f804-2,20200331_moonshot_to_enamine.csv,
N#Cc1cccc(CNc2ccc(O)cc2)c1,MIH-UNI-6b9ca91a-5,20200331_moonshot_to_enamine.csv,
Cc1nnc(NC(=O)Nc2cccnc2)s1,ALE-HEI-f28a35b5-4,20200331_moonshot_to_enamine.csv,
NS(=O)(=O)c1ccc(N2CCC(CN3CCCCCC3)CC2)cc1,WAR-XCH-b72a1bbc-20,20200331_moonshot_to_enamine.csv,
CC(=O)N1CCN(S(=O)(=O)c2ccsc2)CC1,MAK-UNK-4c6b313a-1,20200331_moonshot_to_enamine.csv,
COc1ccnc(NC(=O)Cc2ccc3ccccc3c2)c1,ALV-UNI-7ff1a6f9-47,20200331_moonshot_to_enamine.csv,
NS(=O)(=O)c1ccc(N2CCC([C@@H]3CCCO3)CC2)cc1,WAR-XCH-b72a1bbc-18,20200331_moonshot_to_enamine.csv,
NS(=O)(=O)c1ccc(N2CCC(CN3CCCCC3)CC2)cc1,WAR-XCH-b72a1bbc-19,20200331_moonshot_to_enamine.csv,
COCC1CCN(c2ccc(S(N)(=O)=O)cc2)CC1,WAR-XCH-b72a1bbc-23,20200331_moonshot_to_enamine.csv,
NS(=O)(=O)c1ccc(N2CCC(c3ccsc3)CC2)cc1,WAR-XCH-b72a1bbc-16,20200331_moonshot_to_enamine.csv,
NS(=O)(=O)c1ccc(N2CCC(c3nc4ccccc4s3)CC2)cc1,WAR-XCH-b72a1bbc-8,20200331_moonshot_to_enamine.csv,
Cc1ccccc1CN1CCN(C(=O)C(F)C(C)C)CC1,JON-UIO-066ce08b-9,20200331_moonshot_to_enamine.csv,
COC1CCN(c2ccc(S(N)(=O)=O)cc2)CC1,WAR-XCH-b72a1bbc-9,20200331_moonshot_to_enamine.csv,
C[C@H](NC(=O)[C@@H](C)c1ccc(F)c(F)c1)c1cccc(F)c1,JON-UIO-066ce08b-7,20200331_moonshot_to_enamine.csv,
O=C(Cc1ccc2ccccc2c1)Nc1cc(C(F)(F)F)ccn1,ALV-UNI-7ff1a6f9-46,20200331_moonshot_to_enamine.csv,
CC(C)N(C)CC1CCN(c2ccc(S(N)(=O)=O)cc2)CC1,WAR-XCH-b72a1bbc-48,20200331_moonshot_to_enamine.csv,
CC(=O)N1CCN(Cc2cc(O)cc(Cl)c2)CC1,KIM-UNI-2ee5d8f9-1,20200331_moonshot_to_enamine.csv,
CCN(C)CC1CCN(c2ccc(S(N)(=O)=O)cc2)CC1,WAR-XCH-b72a1bbc-49,20200331_moonshot_to_enamine.csv,
CC(NC1CCN(c2ccc(S(N)(=O)=O)cc2)CC1)c1ccc(F)cc1,WAR-XCH-b6889685-48,20200331_moonshot_to_enamine.csv,
NS(=O)(=O)c1ccc(N2CCC(N3CCCCC3)CC2)cc1,WAR-XCH-b72a1bbc-10,20200331_moonshot_to_enamine.csv,
NS(=O)(=O)c1ccc(N2CCSCC2)cc1,WAR-XCH-b72a1bbc-1,20200331_moonshot_to_enamine.csv,
NS(=O)(=O)c1ccc(N2CCC(Nc3ccc(F)cc3)CC2)cc1,WAR-XCH-b6889685-26,20200331_moonshot_to_enamine.csv,
CNS(=O)(=O)c1ccc(C(C)NC(=O)NC(C)(C)C)cc1,VIJ-CYC-1a381570-11,20200331_moonshot_to_enamine.csv,
NS(=O)(=O)c1ccc(N2CCC(Nc3ccccc3)CC2)cc1,WAR-XCH-b6889685-29,20200331_moonshot_to_enamine.csv,
Cc1cccc(NC2CCN(c3ccc(S(N)(=O)=O)cc3)CC2)c1,WAR-XCH-b6889685-27,20200331_moonshot_to_enamine.csv,
NS(=O)(=O)c1ccc(N2CCC(N3CCCCCC3)CC2)cc1,WAR-XCH-b72a1bbc-11,20200331_moonshot_to_enamine.csv,
NS(=O)(=O)c1ccc(N2CCC(c3ccncc3)CC2)cc1,WAR-XCH-b72a1bbc-15,20200331_moonshot_to_enamine.csv,
CC(=O)N1CCCc2cc(NCc3ccc(F)cc3Cl)ccc21,MIC-IOC-304754b1-2,20200331_moonshot_to_enamine.csv,
CC(=O)N1CCN(S(=O)(=O)c2c(F)cccc2F)CC1,MAK-UNK-6435e6c2-6,20200331_moonshot_to_enamine.csv,
CC(C)NC1CCN(c2ccc(S(N)(=O)=O)cc2)CC1,WAR-XCH-b6889685-23,20200331_moonshot_to_enamine.csv,
NS(=O)(=O)c1ccc(N2CCC(CO)CC2)cc1,WAR-XCH-b72a1bbc-14,20200331_moonshot_to_enamine.csv,
O=C(NCCN1CCN(c2ccccc2)CC1)NCc1ccccn1,TRI-UNI-97428359-1,20200331_moonshot_to_enamine.csv,
Cc1cccc(NC2CCN(C(=O)CCl)CC2)c1,NIR-THE-0d6461ce-1,20200331_moonshot_to_enamine.csv,
CS(=O)(=O)NCCCN1CCCc2ccc(S(N)(=O)=O)cc21,PET-SGC-abcbce68-1,20200331_moonshot_to_enamine.csv,
O=C(NCc1cccnn1)NC(Cc1ccccc1)c1cccs1,BAR-COM-4e090d3a-29,20200331_moonshot_to_enamine.csv,
Cc1ccccc1CNc1ccccc1NC(=O)C(O)c1cccnc1,BAR-COM-4e090d3a-3,20200331_moonshot_to_enamine.csv,
CCC(NC(=O)C(C)n1cncn1)c1ccccc1OCC(=O)N1CCCC1,BAR-COM-4e090d3a-31,20200331_moonshot_to_enamine.csv,
O=C(NCc1cccnn1)Nc1cccc(-c2ncc3n2CCCC3)c1,BAR-COM-4e090d3a-23,20200331_moonshot_to_enamine.csv,
CN1CCN(C(=O)c2ccccc2NC(=O)C(O)c2cccnc2)CC1,BAR-COM-4e090d3a-24,20200331_moonshot_to_enamine.csv,
CCC(NC(=O)NCc1cnccn1)c1ccccc1OCC(=O)N1CCCC1,BAR-COM-4e090d3a-27,20200331_moonshot_to_enamine.csv,
O=C(NCc1ccno1)c1ccccc1Oc1ccc(Cl)cc1Cl,BAR-COM-4e090d3a-42,20200331_moonshot_to_enamine.csv,
O=C(NCc1noc2ccccc12)c1ccccc1OCC1CC1,BAR-COM-4e090d3a-43,20200331_moonshot_to_enamine.csv,
CC1CC(C)CN(C(=O)c2ccccc2NC(=O)NCc2ccoc2)C1,BAR-COM-4e090d3a-44,20200331_moonshot_to_enamine.csv,
O=C(Cc1cccnc1Br)Nc1cccc(OCCn2cncn2)c1,BAR-COM-4e090d3a-35,20200331_moonshot_to_enamine.csv,
COC(=O)C(Cc1ccccc1)C(C)NC(=O)C(C)n1ccnc1,BAR-COM-4e090d3a-36,20200331_moonshot_to_enamine.csv,
Cc1noc(CC(NC(=O)C(C)Cn2ccnc2)c2ccccc2)n1,BAR-COM-4e090d3a-38,20200331_moonshot_to_enamine.csv,
O=C(NCCNc1cccnn1)c1ccccc1NS(=O)(=O)c1cc(F)ccc1F,BAR-COM-4e090d3a-10,20200331_moonshot_to_enamine.csv,
O=C(Cc1cncnc1)Nc1cccc(CCCc2ccccc2)c1,BAR-COM-4e090d3a-11,20200331_moonshot_to_enamine.csv,
N#Cc1cnn(-c2ccccc2NC(=O)Cc2ccn[nH]2)c1N,BAR-COM-4e090d3a-14,20200331_moonshot_to_enamine.csv,
Cc1cccc(C)c1OCC(=O)NCCc1ccccc1,ALE-UNK-fca05062-3,20200331_moonshot_to_enamine.csv,
O=C(COc1ccccc1)NCCc1ccccc1,ALE-UNK-fca05062-4,20200331_moonshot_to_enamine.csv,
COc1cccc(NC(=O)Nc2cccc(C#N)c2)c1,ANN-UNI-26382800-6,20200331_moonshot_to_enamine.csv,
CC(C(=O)Nc1cccc(NC2CCCC2)c1)c1cnccn1,BAR-COM-4e090d3a-20,20200331_moonshot_to_enamine.csv,
NC(=O)C1Cc2ccccc2N(CC(=O)Nc2cnccn2)C1,BAR-COM-4e090d3a-21,20200331_moonshot_to_enamine.csv,
COc1cc(CNC(=O)Cc2ncc[nH]2)c2ccccc2n1,BAR-COM-4e090d3a-22,20200331_moonshot_to_enamine.csv,
CCc1nnnn1-c1ccccc1NC(=O)C1(c2cncc(Br)c2)CC1,BAR-COM-4e090d3a-16,20200331_moonshot_to_enamine.csv,
CC1CC(C)CN(C(=O)c2ccccc2NC(=O)NCc2ccncn2)C1,BAR-COM-4e090d3a-17,20200331_moonshot_to_enamine.csv,
O=C(NC(Cc1ccccc1)C(=O)NCc1ccno1)OCc1ccccc1,BAR-COM-4e090d3a-19,20200331_moonshot_to_enamine.csv,
CS(=O)(=O)NCC[C@H]1CCCCN1CC(=O)Nc1cccnc1,BEN-DND-362d364a-10,20200331_moonshot_to_enamine.csv,
NC(=O)[C@@H]1CN(Cc2cccnc2)C[C@H]1c1ccccc1,DUN-NEW-d8381160-1,20200331_moonshot_to_enamine.csv,
CS(=O)(=O)NCCN1CCCc2ccc(S(N)(=O)=O)cc21,DUN-NEW-f8ce3686-14,20200331_moonshot_to_enamine.csv,
O=C(NCc1cccnc1)Nc1cccc(OCC(F)F)n1,BAR-COM-4e090d3a-69,20200331_moonshot_to_enamine.csv,
Cc1cccc(-c2nnnn2C2CC2C)c1NC(=O)CCc1cccnc1,BAR-COM-4e090d3a-8,20200331_moonshot_to_enamine.csv,
Cc1noc(C)c1COc1ccccc1C(=O)NC(C)c1nnc2ncccn12,BAR-COM-4e090d3a-9,20200331_moonshot_to_enamine.csv,
O=C(C1CCCN1C(=O)c1ccccc1)N1CCOCC1,GIA-UNK-d2defdc3-6,20200331_moonshot_to_enamine.csv,
O=C(c1ccccc1)N1CCN(C(=O)C2CCOCC2)CC1,GIA-UNK-eaadd1d4-1,20200331_moonshot_to_enamine.csv,
O=C(CC(=O)N1CCOCC1)NCc1ccccc1,GIA-UNK-3f36037a-6,20200331_moonshot_to_enamine.csv,
Cc1ccncc1NC(=O)Cc1ccc(S(N)(=O)=O)cc1,GAB-REV-70cc3ca5-20,20200331_moonshot_to_enamine.csv,
O=C(NC1CCCCC1NC(=O)c1ccncc1)c1ccccc1,GIA-UNK-d2defdc3-2,20200331_moonshot_to_enamine.csv,
CN1CCC(C(=O)NC2CCCCC2NC(=O)c2ccccc2)CC1,GIA-UNK-d2defdc3-4,20200331_moonshot_to_enamine.csv,
Cn1cncc1CNC(=O)Nc1cccc(OCC(F)F)n1,BAR-COM-4e090d3a-52,20200331_moonshot_to_enamine.csv,
CC(C(=O)Nc1cccc(OC2CC(=O)N2)c1)c1cnccn1,BAR-COM-4e090d3a-53,20200331_moonshot_to_enamine.csv,
O=C(NCc1cccnn1)Nc1cccc(OCCN2CCOCC2)c1,BAR-COM-4e090d3a-54,20200331_moonshot_to_enamine.csv,
O=C(CCn1ccnn1)NC(CN1CCOCC1)c1ccccc1,BAR-COM-4e090d3a-45,20200331_moonshot_to_enamine.csv,
Nc1ncncc1CNC(=O)Nc1ccccc1OCCn1ccnc1,BAR-COM-4e090d3a-5,20200331_moonshot_to_enamine.csv,
CCn1c(=O)n(CC(=O)NCc2cnccn2)c2ccccc21,BAR-COM-4e090d3a-51,20200331_moonshot_to_enamine.csv,
O=C(NCc1cccnn1)Nc1cccc(N2CCC2=O)c1,BAR-COM-4e090d3a-60,20200331_moonshot_to_enamine.csv,
CC(NC(=O)c1ccccc1OCC(N)=O)c1cnn(C)c1,BAR-COM-4e090d3a-62,20200331_moonshot_to_enamine.csv,
CC(c1cccc(NC(=O)Cc2cnccc2Cl)c1)N1CCOCC1,BAR-COM-4e090d3a-66,20200331_moonshot_to_enamine.csv,
CC(OCC1CCCCO1)C(=O)N(CCc1ccccc1)Cc1cccnc1,BAR-COM-4e090d3a-55,20200331_moonshot_to_enamine.csv,
O=C(Nc1ccnnc1)NC(Cc1ccccc1)C(=O)N1CCCC1,BAR-COM-4e090d3a-56,20200331_moonshot_to_enamine.csv,
O=C(Nc1ccccc1NS(=O)(=O)c1ccc(F)cc1)C(O)c1cccnc1,BAR-COM-4e090d3a-57,20200331_moonshot_to_enamine.csv,
Cc1ccncc1NC(=O)Nc1ccccc1,ALE-HEI-f28a35b5-1,20200331_moonshot_to_enamine.csv,
Cc1nnc(CC(=O)Nc2cccnc2)s1,ALE-HEI-f28a35b5-5,20200331_moonshot_to_enamine.csv,
N#Cc1cccc(CC(=O)Nc2cccnc2)c1,ANN-UNI-26382800-5,20200331_moonshot_to_enamine.csv,
CS(=O)(=O)NCCc1ccccc1O,ANT-DIA-b7f58f21-3,20200331_moonshot_to_enamine.csv,
O=C(Cc1cccnc1Cl)Nc1cccc(OCCc2ccccc2)c1,BAR-COM-4e090d3a-15,20200331_moonshot_to_enamine.csv,
Nc1nnnn1-c1cccc(C(=O)Nc2c(-c3cccnc3)nc3ccccn23)c1,BAR-COM-4e090d3a-2,20200331_moonshot_to_enamine.csv,
CC(NC(=O)c1ccccc1OC1CCCCC1)c1cnccn1,BAR-COM-4e090d3a-26,20200331_moonshot_to_enamine.csv,
O=C(CCc1cnn[nH]1)NC(Cn1cccn1)c1ccccc1,BAR-COM-4e090d3a-30,20200331_moonshot_to_enamine.csv,
O=C(NCC(O)Cn1ccnn1)c1ccccc1OC1CCC1,BAR-COM-4e090d3a-34,20200331_moonshot_to_enamine.csv,
O=C(Cc1cncnc1)Nc1cccc(OC2CC(=O)N2)c1,BAR-COM-4e090d3a-39,20200331_moonshot_to_enamine.csv,
CC1CN(Cc2ccccc2NC(=O)NCc2cnsc2)CC(C)O1,BAR-COM-4e090d3a-4,20200331_moonshot_to_enamine.csv,
O=C(NCc1cnn2ccccc12)c1cccnc1OCCO,BAR-COM-4e090d3a-40,20200331_moonshot_to_enamine.csv,
Cn1cc(CNC(=O)N(CCc2ccccc2)Cc2cccnc2)nn1,BAR-COM-4e090d3a-47,20200331_moonshot_to_enamine.csv,
N#CCOc1ccccc1C(=O)NCc1cnsc1,BAR-COM-4e090d3a-49,20200331_moonshot_to_enamine.csv,
O=C(Cc1ccccc1OC1CCOC1)OCc1cnn[nH]1,BAR-COM-4e090d3a-50,20200331_moonshot_to_enamine.csv,
O=C(NCc1cncs1)Nc1cccc(N2CCOCC2)c1,BAR-COM-4e090d3a-58,20200331_moonshot_to_enamine.csv,
Cn1nncc1CC(=O)NC(c1ccccc1)c1nc2ccccc2n1C,BAR-COM-4e090d3a-6,20200331_moonshot_to_enamine.csv,
O=C(NCc1ccns1)Nc1cccc(CN2CCCC2=O)c1,BAR-COM-4e090d3a-61,20200331_moonshot_to_enamine.csv,
CC1CCCC(OCc2cccc(NC(=O)NC(C)c3ccn[nH]3)c2)C1,BAR-COM-4e090d3a-63,20200331_moonshot_to_enamine.csv,
O=C(NCc1cnccn1)c1sc2cccc(F)c2c1COc1ccccc1,BAR-COM-4e090d3a-64,20200331_moonshot_to_enamine.csv,
O=C(NCc1ccno1)c1ccccc1OC1CCCCC1,BAR-COM-4e090d3a-65,20200331_moonshot_to_enamine.csv,
O=C(Nc1cccc(-c2cc[nH]n2)c1)C(O)c1cccnc1,BAR-COM-4e090d3a-68,20200331_moonshot_to_enamine.csv,
CC(NC(=O)C(Cc1ccccc1)NC(=O)c1ccco1)c1ncco1,BAR-COM-4e090d3a-7,20200331_moonshot_to_enamine.csv,
O=C(CC1(c2ccccc2)CCCC1)Nc1cccnc1,CHR-SOS-f7373dd1-4,20200331_moonshot_to_enamine.csv,
O=C(Nc1ccc([N+](=O)[O-])cc1)c1cc(Cl)ccc1O,CHR-SOS-7098f804-3,20200331_moonshot_to_enamine.csv,
O=C(Nc1ccc([N+](=O)[O-])cc1)c1ccccc1O,CHR-SOS-7098f804-5,20200331_moonshot_to_enamine.csv,
N#Cc1cncc(CC(=O)Nc2cccnc2)c1,DAR-DIA-23aa0b97-17,20200331_moonshot_to_enamine.csv,
N#Cc1cccc(NC(=O)Cc2cncc3ccccc23)c1,DAR-DIA-23aa0b97-19,20200331_moonshot_to_enamine.csv,
O=C(Cc1cncc2ccccc12)Nc1ccccc1,DAR-DIA-23aa0b97-20,20200331_moonshot_to_enamine.csv,
Cc1cnc(CC(=O)Nc2cccnc2)o1,DAR-DIA-842b4336-16,20200331_moonshot_to_enamine.csv,
Cc1ccc(NC(=O)Nc2cccnc2)s1,DAR-DIA-842b4336-3,20200331_moonshot_to_enamine.csv,
O=C(C1CCN(c2ccncc2)CC1)N1CCCCC1,GIA-UNK-30c7cb75-1,20200331_moonshot_to_enamine.csv,
O=C(C1CCN(c2ccncc2)CC1)N1CCOCC1,GIA-UNK-30c7cb75-2,20200331_moonshot_to_enamine.csv,
O=C(C1CCN(c2ccncc2)CC1)N1CCS(=O)(=O)CC1,GIA-UNK-30c7cb75-3,20200331_moonshot_to_enamine.csv,
CC(=O)N1CCN(C(=O)Cc2ccccn2)CC1,JON-UIO-066ce08b-3,20200331_moonshot_to_enamine.csv,
O=S(=O)(NCCc1ccccc1)c1ccoc1,MIH-UNI-6b9ca91a-6,20200331_moonshot_to_enamine.csv,
CC(=O)N1CCN(Cc2cn(-c3cccc(S(N)(=O)=O)c3)nn2)CC1,NIM-UNI-02269248-3,20200331_moonshot_to_enamine.csv,
C#Cc1ccc(CNC(=O)N2CCOCC2)cc1,PAT-GYR-359dbb24-1,20200331_moonshot_to_enamine.csv,
Cc1ccncc1NC(=O)Cc1cccc(C#N)c1,TRY-UNI-714a760b-20,20200331_moonshot_to_enamine.csv,
Cc1ccncc1NC(=O)C(C)c1cccc(C#N)c1,TRY-UNI-714a760b-22,20200331_moonshot_to_enamine.csv,
Cc1ccncc1NC(=O)Cc1ccccc1,TRY-UNI-714a760b-5,20200331_moonshot_to_enamine.csv,
C=CC(=O)NCc1ccc(C(C)NC(=O)OC(C)(C)C)cc1,VIJ-CYC-1a381570-10,20200331_moonshot_to_enamine.csv,
CC(C)[C@@H](C#N)NS(=O)(=O)c1ccc(CF)cc1,VIJ-CYC-1a381570-12,20200331_moonshot_to_enamine.csv,
COC(=O)c1sc(NS(=O)(=O)c2ccc(CF)cc2)nc1C(C)(C)C,VIJ-CYC-1a381570-13,20200331_moonshot_to_enamine.csv,
C=C1CC1C(=O)NC(C)c1ccc(S(=O)(=O)NC)cc1,VIJ-CYC-1a381570-5,20200331_moonshot_to_enamine.csv,
CCOCC1CCN(c2ccc(S(N)(=O)=O)cc2)CC1,WAR-XCH-b6889685-20,20200331_moonshot_to_enamine.csv,
Cc1ccc(NC2CCN(c3ccc(S(N)(=O)=O)cc3)CC2)cc1,WAR-XCH-b6889685-25,20200331_moonshot_to_enamine.csv,
Cc1ccccc1NC1CCN(c2ccc(S(N)(=O)=O)cc2)CC1,WAR-XCH-b6889685-30,20200331_moonshot_to_enamine.csv,
NS(=O)(=O)c1ccc(-c2ccsc2)cc1,WAR-XCH-b72a1bbc-3,20200331_moonshot_to_enamine.csv,
CCSCC1CCN(c2ccc(S(N)(=O)=O)cc2)CC1,WAR-XCH-b72a1bbc-39,20200331_moonshot_to_enamine.csv,
Cc1ccncc1-c1ccc(S(N)(=O)=O)cc1,WAR-XCH-b72a1bbc-4,20200331_moonshot_to_enamine.csv,
NS(=O)(=O)c1ccc(N2CCC(c3ccco3)CC2)cc1,WAR-XCH-b72a1bbc-7,20200331_moonshot_to_enamine.csv,
NC(=O)[C@@H]1CN(C2CCOCC2)C[C@H]1c1ccccc1,DUN-NEW-f8ce3686-1,20200331_moonshot_to_enamine.csv,
O=C(NC1CCCCC1NC(=O)C1CCCCC1)c1ccncc1,GIA-UNK-d2defdc3-1,20200331_moonshot_to_enamine.csv,
CN1CCC(C(=O)NC2CCCCC2NC(=O)C2CCCCC2)CC1,GIA-UNK-d2defdc3-3,20200331_moonshot_to_enamine.csv,
COc1cc(NC(=O)C(=O)Nc2cc(OC)c(OC)c(OC)c2)cc(OC)c1OC,ANT-LOU-17aa1493-2,20200431_moonshot_to_enamine.csv,
O=S1(=O)CCC(N2CCN(c3nc(-c4cccnc4)nc4ccccc34)CC2)C1,AUS-ARG-7cfdce8f-15,20200431_moonshot_to_enamine.csv,
Cc1ccccc1C(C(=O)NCC(O)Cn1ccnn1)c1ccccc1,BAR-COM-4e090d3a-12,20200431_moonshot_to_enamine.csv,
Cc1ccc(Oc2cccc(NC(=O)NCc3cnnn3C)c2)c(C)c1,BAR-COM-4e090d3a-48,20200431_moonshot_to_enamine.csv,
COC(=O)[C@H](CO)NC(=O)[C@H](Cc1ccccc1)NC(=O)OCc1ccccc1,FAR-UNI-a04c1544-1,20200431_moonshot_to_enamine.csv,
O=C(Cn1cccn1)N1CCN(S(=O)(=O)c2cccc(F)c2)CC1,IND-SYN-6c8299e8-7,20200431_moonshot_to_enamine.csv,
NS(=O)(=O)c1ccc(C(=O)N2Cc3ccccc3C(c3ccccc3)C2)cc1,JAR-IMP-ed466bb3-13,20200431_moonshot_to_enamine.csv,
O=C(c1cc2sccc2s1)N1CCOC(CN2CCOCC2)C1,JAR-KUA-672ec752-1,20200431_moonshot_to_enamine.csv,
CN1CCN(C(=O)CNc2c(S(N)(=O)=O)ccc3ccccc23)CC1,JAR-KUA-672ec752-3,20200431_moonshot_to_enamine.csv,
CCSc1cc(Cn2c(C3CCC(=O)N3)nnc2N2CCC(C(N)=O)CC2)ccn1,KUS-THE-322b9b63-12,20200431_moonshot_to_enamine.csv,
CC(C)N1CCC(O)(Cn2c(-c3ccc[nH]3)nnc2N(C)Cc2cnn(C)c2)CC1,KUS-THE-322b9b63-13,20200431_moonshot_to_enamine.csv,
CC(C)(Cn1c(C2CCC(=O)N2)nnc1N1CCCC(C(N)=O)C1)c1ccccc1F,KUS-THE-322b9b63-14,20200431_moonshot_to_enamine.csv,
CC(=O)N1CCN(c2nnc(C3CCC(=O)N3)n2CC(=O)Nc2c(C)cccc2C)CC1,KUS-THE-322b9b63-15,20200431_moonshot_to_enamine.csv,
NC(=O)C1CCN(c2nnc(C3CCC(=O)N3)n2CCc2cc(F)cc(F)c2)CC1,KUS-THE-322b9b63-16,20200431_moonshot_to_enamine.csv,
O=S(=O)(NC1CCCCCC1)c1ccsc1-c1nc(C2CCCN2)no1,KUS-THE-322b9b63-20,20200431_moonshot_to_enamine.csv,
Cc1nc(Cn2c(C3CCC(=O)N3)nnc2N2CCNC(=O)C2)sc1C,KUS-THE-322b9b63-21,20200431_moonshot_to_enamine.csv,
Cc1nnc(Cn2c(C3CCC(=O)N3)nnc2N2CCNC(=O)C2)s1,KUS-THE-322b9b63-22,20200431_moonshot_to_enamine.csv,
Cc1nc(CCn2c(C3CCC(=O)N3)nnc2N2CCOC(C)(C)C2)n[nH]1,KUS-THE-322b9b63-5,20200431_moonshot_to_enamine.csv,
OC1(Cn2c(-c3cc(Br)c[nH]3)nnc2N2CCCC2)CCCCCC1,KUS-THE-322b9b63-6,20200431_moonshot_to_enamine.csv,
O=C1CN(c2nnc(C3CCC(=O)N3)n2CCn2cc(Cl)cn2)CCN1,KUS-THE-322b9b63-7,20200431_moonshot_to_enamine.csv,
COc1cccc(CNC(=O)N2CCN(C(=O)N3CCCCC3)CC2)c1,LUI-IND-2c46affe-3,20200431_moonshot_to_enamine.csv,
CS(=O)(=O)Nc1cccc(C(=O)OCC(=O)Nc2cccc(N3CCCC3=O)c2)c1,MAK-UNK-9159f8ed-4,20200431_moonshot_to_enamine.csv,
O=C(Nc1ccc(Oc2ncccn2)cc1)C(=O)N1CCN(Cc2cccs2)CC1,MAK-UNK-b1d4dcd7-3,20200431_moonshot_to_enamine.csv,
CC(=O)N[C@@H](Cc1ccc(O)cc1)C(=O)NCc1ccc(Br)cc1,NIC-BIO-a68395b7-5,20200431_moonshot_to_enamine.csv,
CN(C)C(=O)C[C@@H]1CN(C(=O)c2cnn3c2CCC3)c2ccc(Cl)cc21,RAI-NOV-2f6a9876-1,20200431_moonshot_to_enamine.csv,
NCCn1cc(C(=O)N2CC3(CCC3)c3cc(Br)ccc32)cn1,RAI-NOV-2f6a9876-5,20200431_moonshot_to_enamine.csv,
OC[C@@]1(F)CCN(c2nc(-c3cccnc3)nc3sc4c(c23)CCC4)C1,RAI-NOV-2f6a9876-7,20200431_moonshot_to_enamine.csv,
CNCCN(C)C(=O)C(=O)N1Cc2ccccc2C(c2ccccc2)C1,REN-UFA-aaaed2d6-5,20200431_moonshot_to_enamine.csv,
CN(CCC(N)=O)C(=O)C(=O)N1Cc2ccccc2C(c2ccccc2)C1,REN-UFA-aaaed2d6-6,20200431_moonshot_to_enamine.csv,
CCc1ccccc1Nc1nc(N)nc(CSc2nnc3ccccn23)n1,SER-UNI-985a0e14-4,20200431_moonshot_to_enamine.csv,
Cc1ccc(S(=O)(=O)N2CCC(NC(=O)N(C)Cc3cc(C)on3)CC2)cc1,SIM-SYN-3099a863-1,20200431_moonshot_to_enamine.csv,
Cc1ccc(S(=O)(=O)N2CCN(C(=O)N(C)Cc3cccnc3)CC2)cc1,SIM-SYN-3099a863-3,20200431_moonshot_to_enamine.csv,
O=C(Cc1c[nH]c2ncccc12)N1CCN(S(=O)(=O)c2c(F)cccc2F)CC1,SWA-SYN-d2e6fa14-4,20200431_moonshot_to_enamine.csv,
O=C(Cc1c[nH]c2ncccc12)N1CCC(N2CCCS2(=O)=O)CC1,SWA-SYN-d2e6fa14-9,20200431_moonshot_to_enamine.csv,
CNC(=O)c1ccc(CS(=O)(=O)NCC(F)(F)c2ccc(F)cc2F)cc1,VIJ-CYC-1a381570-3,20200431_moonshot_to_enamine.csv,
Cc1nc[nH]c1CN1CCN(Cc2cccc(Cl)c2)C1=O,ALP-POS-91609ae9-1,20200528_moonshot_to_wuxi.csv,
Cc1nc(N)sc1CN1CCN(Cc2cccc(Cl)c2)C1=O,ALP-POS-91609ae9-2,20200528_moonshot_to_wuxi.csv,
O=C1N(Cc2cccc(Cl)c2)CCN1c1nccc2[nH]ncc12,ALP-POS-91609ae9-3,20200528_moonshot_to_wuxi.csv,
Cc1ccc(NC2=C(c3ccccc3)C(=O)N(Cc3cccnc3)C2=O)cc1C,JAG-UCB-1d922829-1,20200530_moonshot_to_molport.csv,
Cc1ccc(NC2=C(c3ccccc3)C(=O)N(Cc3cccnc3)C2=O)c(C)c1,JAG-UCB-1d922829-2,20200530_moonshot_to_molport.csv,
Cc1ccc(NC2=C(c3ccccc3)C(=O)N(Cc3cccnc3)C2=O)cc1Cl,JAG-UCB-1d922829-3,20200530_moonshot_to_molport.csv,
CC(=O)N(CC(=O)Nc1ccc(F)c(Cl)c1)c1cccc(Cl)c1,JAG-UCB-1d922829-4,20200530_moonshot_to_molport.csv,
CC(=O)N(CC(=O)Nc1ccc(F)c(Cl)c1)c1cccc(C#N)c1,JAG-UCB-1d922829-5,20200530_moonshot_to_molport.csv,
CC(=O)N(CC(=O)Nc1ccc(F)c(Cl)c1)c1cccc(C(F)(F)F)c1,JAG-UCB-1d922829-6,20200530_moonshot_to_molport.csv,
COc1ccc2nnn(CC(=O)N(Cc3ccccn3)c3ccc(C4CCNCC4)cc3)c2c1,ALP-POS-c0c213c9-1,20200526_moonshot_to_sai.csv,
COc1ccc2nnc(CC(=O)N(CC(=O)N3CCNCC3)c3ccc(-c4ccncc4)cc3)n2c1,ALP-POS-c0c213c9-2,20200526_moonshot_to_sai.csv,
O=C(CN(C(=O)Cn1nnc2ccccc21)c1ccc(-c2ccccc2)cc1)N1CCNCC1,ALP-POS-c0c213c9-3,20200526_moonshot_to_sai.csv,
NCc1cn(CC(=O)N(Cc2cscn2)c2ccc(-c3ccccc3)nc2)nn1,ALP-POS-c0c213c9-4,20200526_moonshot_to_sai.csv,
NCc1cn(CC(=O)N(Cc2ccsc2)c2ccc(-c3ccccc3)cc2)nn1,ALP-POS-c0c213c9-5,20200526_moonshot_to_sai.csv,
CC(C)(C(N)=O)c1ccc(N(Cc2ccsc2)C(=O)Cn2nnc3ccccc32)cc1,ALP-POS-c0c213c9-6,20200526_moonshot_to_sai.csv,
NCc1cn(CC(=O)N(CC(=O)N2CCNCC2)c2ccc(-c3ccccc3)cc2)nn1,ALP-POS-c0c213c9-7,20200526_moonshot_to_sai.csv,
O=C(Cn1nnc2c1CCNC2)N(CC1CCOC1)c1ccc(-c2ccccc2)cc1,ALP-POS-c0c213c9-8,20200526_moonshot_to_sai.csv,
Cn1cnc(CN(C(=O)c2cnnn2-c2ccccc2)c2ccc(OCc3ccccc3)cc2)c1,ALP-POS-c0c213c9-9,20200526_moonshot_to_sai.csv,
O=C(CN(C(=O)Cc1cccnc1)c1ccc(-c2ncccn2)cc1)N1CCNCC1,ALP-POS-c0c213c9-10,20200526_moonshot_to_sai.csv,
NCc1cn(CC(=O)N(Cc2ccsc2)c2ccc(-n3cnnc3)cc2)nn1,ALP-POS-c0c213c9-11,20200526_moonshot_to_sai.csv,
NCc1cn(CC(=O)N(Cc2ccsc2)c2ccc(N3CCOCC3)cc2)nn1,ALP-POS-c0c213c9-12,20200526_moonshot_to_sai.csv,
O=C(Cn1nnc2ccccc21)N(CC1CCOC1)c1ccc(C2CCNCC2)cc1,ALP-POS-c0c213c9-13,20200526_moonshot_to_sai.csv,
Cn1ccc(CN(C(=O)Cc2cccnc2)c2ccc(-c3ccccn3)cc2)n1,ALP-POS-c0c213c9-14,20200526_moonshot_to_sai.csv,
O=C(Cn1nnc2ccccc21)N(Cc1ccccn1)c1cnc(-c2ccccc2)nc1,ALP-POS-c0c213c9-15,20200526_moonshot_to_sai.csv,
O=C(CN(C(=O)Cn1ccnn1)c1ccc(N2CCOCC2)cc1)N1CCNCC1,ALP-POS-c0c213c9-16,20200526_moonshot_to_sai.csv,
O=C(CN(C(=O)Cn1nnc2ccc(O)cc21)c1cnc(-c2ccccc2)nc1)N1CCNCC1,ALP-POS-c0c213c9-17,20200526_moonshot_to_sai.csv,
O=C(Cn1nnc2ccccc21)N(Cc1ccccn1)c1ccc(-n2cnnc2)cc1,ALP-POS-c0c213c9-18,20200526_moonshot_to_sai.csv,
O=C(CN(C(=O)Cc1cccnc1)c1ccc(-n2cnnc2)cc1)N1CCNCC1,ALP-POS-c0c213c9-19,20200526_moonshot_to_sai.csv,
O=C(CN(C(=O)Cn1ccnn1)c1ccc(-c2ccccn2)cc1)N1CCNCC1,ALP-POS-c0c213c9-20,20200526_moonshot_to_sai.csv,
Cc1ccc2nc(-c3ccc(N)cc3)sc2c1S(=O)(=O)O,AAR-POS-dddeddbf-1,20200414_moonshot_to_molport.csv,
Cc1cc(S(=O)(=O)c2c([N+](=O)[O-])cc(C(F)(F)F)cc2[N+](=O)[O-])c(Cl)cc1Cl,AAR-POS-dddeddbf-2,20200414_moonshot_to_molport.csv,
Nc1ncc(S(=O)(=O)c2ccc(Cl)cc2)c(N)n1,AAR-POS-dddeddbf-3,20200414_moonshot_to_molport.csv,
