SMILES,CID,structure_ID,structure_LINK,ORIGIN
CS(=O)(=O)NCCC=1C=CC=CC1,AAR-POS-d2a4d1df-1,x0072,https://fragalysis.diamond.ac.uk/viewer/react/preview/direct/target/Mpro/mols/x0072/L/P/C,MOONSHOT
CC(=O)NCCC1=CNC=2C=CC(F)=CC12,AAR-POS-d2a4d1df-2,x0104,https://fragalysis.diamond.ac.uk/viewer/react/preview/direct/target/Mpro/mols/x0104/L/P/C,MOONSHOT
CC(=O)NC=1C=NC=CC1C,MAK-UNK-6435e6c2-8,x0107,https://fragalysis.diamond.ac.uk/viewer/react/preview/direct/target/Mpro/mols/x0107/L/P/C,MOONSHOT
COC(=O)C=1C=CC(=CC1)S(=O)(=O)N,MAT-POS-7dfc56d9-1,x0161,https://fragalysis.diamond.ac.uk/viewer/react/preview/direct/target/Mpro/mols/x0161/L/P/C,MOONSHOT
CN1CCN(CC1)C(=O)NC=2C=CC=CC2,AAR-POS-0daf6b7e-44,x0165,https://fragalysis.diamond.ac.uk/viewer/react/preview/direct/target/Mpro/mols/x0165/L/P/C,MOONSHOT
NC(=O)C1CCN(CC1)C(=O)NC=2C=CC=CC2,AAR-POS-0daf6b7e-32,x0177,https://fragalysis.diamond.ac.uk/viewer/react/preview/direct/target/Mpro/mols/x0177/L/P/C,MOONSHOT
CC(=O)NC=1C=CC(OC=2N=CC=CN2)=CC1,AAR-POS-0daf6b7e-33,x0194,https://fragalysis.diamond.ac.uk/viewer/react/preview/direct/target/Mpro/mols/x0194/L/P/C,MOONSHOT
CN1CCCC=2C=CC(=CC12)S(=O)(=O)N,AAR-POS-d2a4d1df-4,x0195,https://fragalysis.diamond.ac.uk/viewer/react/preview/direct/target/Mpro/mols/x0195/L/P/C,MOONSHOT
CCNC=1C=CC(C#N)=CN1,AAR-POS-d2a4d1df-5,x0305,https://fragalysis.diamond.ac.uk/viewer/react/preview/direct/target/Mpro/mols/x0305/L/P/C,MOONSHOT
CC(=O)NCC=1C=CC(=CC1)S(=O)(=O)N,AAR-POS-0daf6b7e-45,x0336,https://fragalysis.diamond.ac.uk/viewer/react/preview/direct/target/Mpro/mols/x0336/L/P/C,MOONSHOT
FC=1C=CC=C(CNCC2=CC=CO2)C1,AAR-POS-0daf6b7e-36,x0350,https://fragalysis.diamond.ac.uk/viewer/react/preview/direct/target/Mpro/mols/x0350/L/P/C,MOONSHOT
CN1CCN(CC1)C(=O)COC=2C=CC(C)=CC2,AAR-POS-d2a4d1df-6,x0354,https://fragalysis.diamond.ac.uk/viewer/react/preview/direct/target/Mpro/mols/x0354/L/P/C,MOONSHOT
O=C(N1CCCCCC1)C=2C=CC=3OCOC3C2,AAR-POS-0daf6b7e-43,x0376,https://fragalysis.diamond.ac.uk/viewer/react/preview/direct/target/Mpro/mols/x0376/L/P/C,MOONSHOT
OC1CCN(CC=2C=CSC2)CC1,AAR-POS-d2a4d1df-7,x0387,https://fragalysis.diamond.ac.uk/viewer/react/preview/direct/target/Mpro/mols/x0387/L/P/C,MOONSHOT
OC=1C=CC=CC1CNC2=NC=3C=CC=CC3N2,AAR-POS-0daf6b7e-25,x0390,https://fragalysis.diamond.ac.uk/viewer/react/preview/direct/target/Mpro/mols/x0390/L/P/C,MOONSHOT
CC1=NN=C(CN2CCC=C(F)C2)S1,AAR-POS-d2a4d1df-8,x0395,https://fragalysis.diamond.ac.uk/viewer/react/preview/direct/target/Mpro/mols/x0395/L/P/C,MOONSHOT
CN(CC=1C=C(C)ON1)C(=O)NC2CC2,AAR-POS-d2a4d1df-9,x0397,https://fragalysis.diamond.ac.uk/viewer/react/preview/direct/target/Mpro/mols/x0397/L/P/C,MOONSHOT
C(CN1CCOCC1)SC=2C=CC=CC2,AAR-POS-0daf6b7e-28,x0398,https://fragalysis.diamond.ac.uk/viewer/react/preview/direct/target/Mpro/mols/x0398/L/P/C,MOONSHOT
C1CC2(CCN(C2)C=3C=NC=CN3)CO1,AAR-POS-0daf6b7e-27,x0425,https://fragalysis.diamond.ac.uk/viewer/react/preview/direct/target/Mpro/mols/x0425/L/P/C,MOONSHOT
FC=1C=CC=CC1C(=O)NCCC=2C=CN=CC2,AAR-POS-d2a4d1df-10,x0426,https://fragalysis.diamond.ac.uk/viewer/react/preview/direct/target/Mpro/mols/x0426/L/P/C,MOONSHOT
O=C(NC=1C=CC=CC1)NC=2C=CC=NC2,AAR-POS-d2a4d1df-11,x0434,https://fragalysis.diamond.ac.uk/viewer/react/preview/direct/target/Mpro/mols/x0434/L/P/C,MOONSHOT
CC1C(O)CCCN1CC=2C=CC=CC2,MAK-UNK-6435e6c2-9,x0464,https://fragalysis.diamond.ac.uk/viewer/react/preview/direct/target/Mpro/mols/x0464/L/P/C,MOONSHOT
COC(=O)C=1C=CC=C(NS(=O)(=O)C)C1,MAK-UNK-6435e6c2-7,x0478,https://fragalysis.diamond.ac.uk/viewer/react/preview/direct/target/Mpro/mols/x0478/L/P/C,MOONSHOT
NC(=O)C=1C=CC(NC(=O)[C@@H]2CCCO2)=CC1,AAR-POS-0daf6b7e-41,x0499,https://fragalysis.diamond.ac.uk/viewer/react/preview/direct/target/Mpro/mols/x0499/L/P/C,MOONSHOT
O=C(NCCC=1C=CN=CC1)NC2CCCCC2,AAR-POS-d2a4d1df-12,x0540,https://fragalysis.diamond.ac.uk/viewer/react/preview/direct/target/Mpro/mols/x0540/L/P/C,MOONSHOT
ClC=1C=CC=C(CN2CCOCC2)C1,AAR-POS-0daf6b7e-29,x0669,https://fragalysis.diamond.ac.uk/viewer/react/preview/direct/target/Mpro/mols/x0669/L/P/C,MOONSHOT
O=C(CC1CCCCC1)NC=2C=CC=NC2,ALE-HEI-f28a35b5-9,x0678,https://fragalysis.diamond.ac.uk/viewer/react/preview/direct/target/Mpro/mols/x0678/L/P/C,MOONSHOT
CC(=O)N1CCN(CC1)S(=O)(=O)c2cccs2,LON-WEI-8f408cad-3,x0689,https://fragalysis.diamond.ac.uk/viewer/react/preview/direct/target/Mpro/mols/x0689/L/P/C,MOONSHOT
Fc1cccc(c1)S(=O)(=O)N2CCN(CC2)C(=O)C,LON-WEI-8f408cad-4,x0691,https://fragalysis.diamond.ac.uk/viewer/react/preview/direct/target/Mpro/mols/x0691/L/P/C,MOONSHOT
Cc1cccc(CN2CCN(CC2)C(=O)C)c1,AAR-POS-d2a4d1df-24,x0692,https://fragalysis.diamond.ac.uk/viewer/react/preview/direct/target/Mpro/mols/x0692/L/P/C,MOONSHOT
CC(=O)N1CCN(CC1)C(=O)c1ccc(C)cc1,AAR-POS-d2a4d1df-25,x0705,https://fragalysis.diamond.ac.uk/viewer/react/preview/direct/target/Mpro/mols/x0705/L/P/C,MOONSHOT
CC(=O)NNC(=O)c1cc2CCCCc2s1,AAR-POS-d2a4d1df-26,x0708,https://fragalysis.diamond.ac.uk/viewer/react/preview/direct/target/Mpro/mols/x0708/L/P/C,MOONSHOT
CC(=O)N1CCN(CC1)S(=O)(=O)c1ccc(C)cc1,AAR-POS-d2a4d1df-27,x0731,https://fragalysis.diamond.ac.uk/viewer/react/preview/direct/target/Mpro/mols/x0731/L/P/C,MOONSHOT
[O-][N+](=O)c1ccccc1N2CCN(CC2)C(=O)C,AAR-POS-d2a4d1df-28,x0734,https://fragalysis.diamond.ac.uk/viewer/react/preview/direct/target/Mpro/mols/x0734/L/P/C,MOONSHOT
CC(=O)N1CCN(CC1)C(=O)c1ccco1,AAR-POS-d2a4d1df-29,x0736,https://fragalysis.diamond.ac.uk/viewer/react/preview/direct/target/Mpro/mols/x0736/L/P/C,MOONSHOT
CC(=O)N1CCCC(C1)c2nc3ccccc3s2,AAR-POS-d2a4d1df-30,x0749,https://fragalysis.diamond.ac.uk/viewer/react/preview/direct/target/Mpro/mols/x0749/L/P/C,MOONSHOT
CC(=O)NCc1ccc2OCOc2c1,AAR-POS-d2a4d1df-31,x0752,https://fragalysis.diamond.ac.uk/viewer/react/preview/direct/target/Mpro/mols/x0752/L/P/C,MOONSHOT
Fc1cccc(F)c1S(=O)(=O)N2CCN(CC2)C(=O)C,LON-WEI-8f408cad-2,x0755,https://fragalysis.diamond.ac.uk/viewer/react/preview/direct/target/Mpro/mols/x0755/L/P/C,MOONSHOT
Fc1ccc(cc1)C2CN(CCO2)C(=O)C,AAR-POS-d2a4d1df-33,x0759,https://fragalysis.diamond.ac.uk/viewer/react/preview/direct/target/Mpro/mols/x0759/L/P/C,MOONSHOT
Fc1ccccc1S(=O)(=O)N2CCN(CC2)C(=O)C,AAR-POS-d2a4d1df-34,x0769,https://fragalysis.diamond.ac.uk/viewer/react/preview/direct/target/Mpro/mols/x0769/L/P/C,MOONSHOT
CC(=O)N1CCN(Cc2cccc(Cl)c2)CC1,MED-COV-4280ac29-15,x0770,https://fragalysis.diamond.ac.uk/viewer/react/preview/direct/target/Mpro/mols/x0770/L/P/C,MOONSHOT
CC(=O)N1CCN(CC1)S(=O)(=O)c1ccc(C)cc1C,AAR-POS-d2a4d1df-36,x0771,https://fragalysis.diamond.ac.uk/viewer/react/preview/direct/target/Mpro/mols/x0771/L/P/C,MOONSHOT
CC(=O)N1CCN(CC1)S(=O)(=O)c2ccccc2C#N,AAR-POS-d2a4d1df-37,x0774,https://fragalysis.diamond.ac.uk/viewer/react/preview/direct/target/Mpro/mols/x0774/L/P/C,MOONSHOT
CC(=O)Nc1cccc(c1)C(=O)N1CCSCC1,AAR-POS-d2a4d1df-38,x0786,https://fragalysis.diamond.ac.uk/viewer/react/preview/direct/target/Mpro/mols/x0786/L/P/C,MOONSHOT
CC(NC(=O)C)c1cccc2ccccc12,AAR-POS-d2a4d1df-39,x0820,https://fragalysis.diamond.ac.uk/viewer/react/preview/direct/target/Mpro/mols/x0820/L/P/C,MOONSHOT
CC(=O)N1CCN(Cc2cccc3ccccc23)CC1,MED-COV-4280ac29-31,x0830,https://fragalysis.diamond.ac.uk/viewer/react/preview/direct/target/Mpro/mols/x0830/L/P/C,MOONSHOT
Cc1ccccc1CN2CCCN(CC2)C(=O)C,AAR-POS-d2a4d1df-41,x0831,https://fragalysis.diamond.ac.uk/viewer/react/preview/direct/target/Mpro/mols/x0831/L/P/C,MOONSHOT
O=C([C@@H]1[C@H](C2=CSC=C2)CCC1)N,AAR-POS-d2a4d1df-14,x0874,https://fragalysis.diamond.ac.uk/viewer/react/preview/direct/target/Mpro/mols/x0874/L/P/C,MOONSHOT
OCC1(C2=NC=CC=C2)CCCC1,AAR-POS-0daf6b7e-22,x0887,https://fragalysis.diamond.ac.uk/viewer/react/preview/direct/target/Mpro/mols/x0887/L/P/C,MOONSHOT
BrC1=CC=C(S(N)(=O)=O)C=C1,AAR-POS-d2a4d1df-15,x0946,https://fragalysis.diamond.ac.uk/viewer/react/preview/direct/target/Mpro/mols/x0946/L/P/C,MOONSHOT
CC(=O)NC(Cc1ccc(cc1)O)C(=O)NCC#CBr,AAR-POS-d2a4d1df-16,x0967,https://fragalysis.diamond.ac.uk/viewer/react/preview/direct/target/Mpro/mols/x0967/L/P/C,MOONSHOT
C[C@@H](O)[C@@H](NC(C)=O)C(=O)NCC=C,AAR-POS-d2a4d1df-42,x0978,https://fragalysis.diamond.ac.uk/viewer/react/preview/direct/target/Mpro/mols/x0978/L/P/C,MOONSHOT
CC(=O)NC(CC(N)=O)C(=O)NCC=C,AAR-POS-d2a4d1df-43,x0981,https://fragalysis.diamond.ac.uk/viewer/react/preview/direct/target/Mpro/mols/x0981/L/P/C,MOONSHOT
CCC(=N)N,AAR-POS-d2a4d1df-17,x0991,https://fragalysis.diamond.ac.uk/viewer/react/preview/direct/target/Mpro/mols/x0991/L/P/C,MOONSHOT
NC=1C=NC=NC1,AAR-POS-d2a4d1df-18,x0995,https://fragalysis.diamond.ac.uk/viewer/react/preview/direct/target/Mpro/mols/x0995/L/P/C,MOONSHOT
CC=1C=CN=CC1NC(=O)CNC=2C=CN=C3C=CC=CC23,GAB-REV-70cc3ca5-4,x10019,https://fragalysis.diamond.ac.uk/viewer/react/preview/direct/target/Mpro/mols/x10019/L/P/C,MOONSHOT
OC=1C=CC=CN1,AAR-POS-0daf6b7e-37,x1002,https://fragalysis.diamond.ac.uk/viewer/react/preview/direct/target/Mpro/mols/x1002/L/P/C,MOONSHOT
C=C(C(=O)NC=1C=CC=CC1)C=2C=CC=NC2,BEN-DND-031a96cc-8,x10022,https://fragalysis.diamond.ac.uk/viewer/react/preview/direct/target/Mpro/mols/x10022/L/P/C,MOONSHOT
CS(=O)(=O)NCCN1CCCC=2C=CC(=CC12)S(=O)(=O)N,DUN-NEW-f8ce3686-14,x10049,https://fragalysis.diamond.ac.uk/viewer/react/preview/direct/target/Mpro/mols/x10049/L/P/C,MOONSHOT
CCC(N(C(C(NC(C)(C)C)=O)c1cnccc1)c1ccc(CCC#N)cc1)=O,MAT-POS-c0143b99-1,x10082,https://fragalysis.diamond.ac.uk/viewer/react/preview/direct/target/Mpro/mols/x10082/L/P/C,MOONSHOT
OC1CS(=O)(=O)C1,AAR-POS-0daf6b7e-24,x1012,https://fragalysis.diamond.ac.uk/viewer/react/preview/direct/target/Mpro/mols/x1012/L/P/C,MOONSHOT
CC(N1CCN(CCNC(c2cccc3ccccc23)=O)CC1)=O,STE-KUL-2e0d2e88-2,x10150,https://fragalysis.diamond.ac.uk/viewer/react/preview/direct/target/Mpro/mols/x10150/L/P/C,MOONSHOT
CC(N1CCN(Cc2cnc(Cc3ccccc3)s2)CC1)=O,MED-COV-4280ac29-25,x10155,https://fragalysis.diamond.ac.uk/viewer/react/preview/direct/target/Mpro/mols/x10155/L/P/C,MOONSHOT
CC(c1cc(Cl)cc(F)c1)NC(C)=O,DAV-CRI-3edb475e-6,x10172,https://fragalysis.diamond.ac.uk/viewer/react/preview/direct/target/Mpro/mols/x10172/L/P/C,MOONSHOT
O=C(CC=1C=CC=NC1)NC=2C=NC=C(C#N)C2,DAR-DIA-23aa0b97-6,x10178,https://fragalysis.diamond.ac.uk/viewer/react/preview/direct/target/Mpro/mols/x10178/L/P/C,MOONSHOT
ClC=1C=CC=C(CC(=O)NC=2C=CC=NC2)C1,EDG-MED-0da5ad92-2,x10201,https://fragalysis.diamond.ac.uk/viewer/react/preview/direct/target/Mpro/mols/x10201/L/P/C,MOONSHOT
ClC=1C=CC=C(C1)N(CCC2CCCCC2)C(=O)NC=3C=CC=NC3,JOR-UNI-2fc98d0b-12,x10236,https://fragalysis.diamond.ac.uk/viewer/react/preview/direct/target/Mpro/mols/x10236/L/P/C,MOONSHOT
ClC=1C=CC=C(C1)N(CCN2CCOCC2)C(=O)NC=3C=CC=NC3,JOR-UNI-2fc98d0b-6,x10237,https://fragalysis.diamond.ac.uk/viewer/react/preview/direct/target/Mpro/mols/x10237/L/P/C,MOONSHOT
CC=1C=CN=CC1NC(=O)CC=2C=CC=C(C2)C(F)(F)F,JAN-GHE-83b26c96-14,x10247,https://fragalysis.diamond.ac.uk/viewer/react/preview/direct/target/Mpro/mols/x10247/L/P/C,MOONSHOT
CC=1C=CC(CC(=O)NC=2C=NC=CC2C)=CC1,JAN-GHE-83b26c96-11,x10248,https://fragalysis.diamond.ac.uk/viewer/react/preview/direct/target/Mpro/mols/x10248/L/P/C,MOONSHOT
CCC(N1CCN(Cc(cc2)ccc2F)CC1)=O,ANT-OPE-d972fbad-1,x10296,https://fragalysis.diamond.ac.uk/viewer/react/preview/direct/target/Mpro/mols/x10296/L/P/C,MOONSHOT
CC(C)CC1CN(CCN1CC=2C=CC=C(Cl)C2)C(=O)CCl,DAN-LON-a5fc619e-3,x10306,https://fragalysis.diamond.ac.uk/viewer/react/preview/direct/target/Mpro/mols/x10306/L/P/C,MOONSHOT
CC=1C=CN=CC1NC(=O)CC=2C=NC=C(C#N)C2,TRY-UNI-2eddb1ff-1,x10314,https://fragalysis.diamond.ac.uk/viewer/react/preview/direct/target/Mpro/mols/x10314/L/P/C,MOONSHOT
CC=1C=C(NC(=O)CC=2C=NC=NC2)C=C(OC3CC(=O)N3)C1,RAL-MED-2de63afb-2,x10322,https://fragalysis.diamond.ac.uk/viewer/react/preview/direct/target/Mpro/mols/x10322/L/P/C,MOONSHOT
ClC=1C=CC=2OCCC(C(=O)NC3=NN=CN3C4CC4)C2C1,JAG-UCB-a3ef7265-20,x10324,https://fragalysis.diamond.ac.uk/viewer/react/preview/direct/target/Mpro/mols/x10324/L/P/C,MOONSHOT
CC(C)C(C(=O)NC=1C=NC=CC1C)C=2C=CC=C(Cl)C2,JAN-GHE-83b26c96-9,x10327,https://fragalysis.diamond.ac.uk/viewer/react/preview/direct/target/Mpro/mols/x10327/L/P/C,MOONSHOT
CCC(C(=O)NC=1C=NN=CC1C)C=2C=CC=C(Cl)C2,JAN-GHE-83b26c96-1,x10329,https://fragalysis.diamond.ac.uk/viewer/react/preview/direct/target/Mpro/mols/x10329/L/P/C,MOONSHOT
CC=1C=CN=C(C)C1NC(=O)CC=2C=CC=C(Cl)C2,EDJ-MED-49816e9b-2,x10334,https://fragalysis.diamond.ac.uk/viewer/react/preview/direct/target/Mpro/mols/x10334/L/P/C,MOONSHOT
OCC=1C=CN=CC1NC(=O)C2COC=3C=CC(Cl)=CC23,JAG-UCB-a3ef7265-3,x10338,https://fragalysis.diamond.ac.uk/viewer/react/preview/direct/target/Mpro/mols/x10338/L/P/C,MOONSHOT
COC=1C=CC=CC1OCCNC(=O)C2=CC(=O)NC=3C=C(F)C=CC23,MAT-POS-590ac91e-32,x10355,https://fragalysis.diamond.ac.uk/viewer/react/preview/direct/target/Mpro/mols/x10355/L/P/C,MOONSHOT
CC=1C=CN=CC1NC(=O)CC=2C=CC=C(O)C2,ALP-POS-95b75b4d-2,x10359,https://fragalysis.diamond.ac.uk/viewer/react/preview/direct/target/Mpro/mols/x10359/L/P/C,MOONSHOT
O=C(CC=1C=CC=NC1)NC=2C=CC=C(OC3CC(=O)N3)C2,RAL-MED-2de63afb-1,x10371,https://fragalysis.diamond.ac.uk/viewer/react/preview/direct/target/Mpro/mols/x10371/L/P/C,MOONSHOT
CC(C(=O)NC=1C=NC=CC1N2C=CC=N2)C=3C=CC=C(Cl)C3,JAN-GHE-83b26c96-3,x10377,https://fragalysis.diamond.ac.uk/viewer/react/preview/direct/target/Mpro/mols/x10377/L/P/C,MOONSHOT
FC=1C=C(NC(=O)CC=2C=NC=NC2)C=C(OC3CC(=O)N3)C1,RAL-MED-2de63afb-14,x10387,https://fragalysis.diamond.ac.uk/viewer/react/preview/direct/target/Mpro/mols/x10387/L/P/C,MOONSHOT
CC=1C=CN=CC1NC(=O)C2(CC2)C=3C=CC=C(Cl)C3,JAN-GHE-83b26c96-20,x10392,https://fragalysis.diamond.ac.uk/viewer/react/preview/direct/target/Mpro/mols/x10392/L/P/C,MOONSHOT
CN(C)C(C(=O)NC=1C=NC=CC1C)C=2C=CC=C(Cl)C2,JAN-GHE-83b26c96-10,x10395,https://fragalysis.diamond.ac.uk/viewer/react/preview/direct/target/Mpro/mols/x10395/L/P/C,MOONSHOT
CC=1C=CN=CC1NC(=O)C(F)(F)C=2C=CC=C(Cl)C2,JAN-GHE-83b26c96-23,x10396,https://fragalysis.diamond.ac.uk/viewer/react/preview/direct/target/Mpro/mols/x10396/L/P/C,MOONSHOT
O=C(NCCNC=1C=CC=CC1)C2=CC(=O)NC=3C=CC=CC23,BEN-DND-7e92b6ca-4,x10403,https://fragalysis.diamond.ac.uk/viewer/react/preview/direct/target/Mpro/mols/x10403/L/P/C,MOONSHOT
CC=1C=CN=CC1NC(=O)CC=2C=CC=C(F)C2,ALP-POS-95b75b4d-1,x10417,https://fragalysis.diamond.ac.uk/viewer/react/preview/direct/target/Mpro/mols/x10417/L/P/C,MOONSHOT
COC=1C=CC=CC1OCCN(C)C(=O)C2=CC(=O)NC=3C=CC=CC23,BEN-DND-7e92b6ca-2,x10419,https://fragalysis.diamond.ac.uk/viewer/react/preview/direct/target/Mpro/mols/x10419/L/P/C,MOONSHOT
CNCCC(C(=O)NC=1C=CC=NC1)C=2C=CC=CC2,ADA-UNI-f8e79267-5,x10421,https://fragalysis.diamond.ac.uk/viewer/react/preview/direct/target/Mpro/mols/x10421/L/P/C,MOONSHOT
CC=1C=CN=CC1NC(=O)C(C)(C)C=2C=CC=C(Cl)C2,JAN-GHE-83b26c96-22,x10422,https://fragalysis.diamond.ac.uk/viewer/react/preview/direct/target/Mpro/mols/x10422/L/P/C,MOONSHOT
CCCC(C(=O)NC=1C=NC=CC1C)C=2C=CC=C(Cl)C2,JAN-GHE-83b26c96-8,x10423,https://fragalysis.diamond.ac.uk/viewer/react/preview/direct/target/Mpro/mols/x10423/L/P/C,MOONSHOT
ClC=1C=CC=C(CC(=O)NN2C=NC=3C=CC=CC23)C1,JAN-GHE-5a013bed-2,x10466,https://fragalysis.diamond.ac.uk/viewer/react/preview/direct/target/Mpro/mols/x10466/L/P/C,MOONSHOT
CC(CC1CC1)C(=O)NC=2C=NC=CC2C,MAT-POS-590ac91e-5,x10473,https://fragalysis.diamond.ac.uk/viewer/react/preview/direct/target/Mpro/mols/x10473/L/P/C,MOONSHOT
CC(C)C(C)CC(=O)NC=1C=NC=CC1C,MAT-POS-590ac91e-11,x10474,https://fragalysis.diamond.ac.uk/viewer/react/preview/direct/target/Mpro/mols/x10474/L/P/C,MOONSHOT
CC=1C=CN=CC1NC(=O)C2CCC3(CC3)C2,MAT-POS-590ac91e-21,x10476,https://fragalysis.diamond.ac.uk/viewer/react/preview/direct/target/Mpro/mols/x10476/L/P/C,MOONSHOT
CC=1C=CN=CC1NC(=O)CC23CC3CCC2,MAT-POS-590ac91e-25,x10478,https://fragalysis.diamond.ac.uk/viewer/react/preview/direct/target/Mpro/mols/x10478/L/P/C,MOONSHOT
CC=1C=CN=CC1NC(=O)CC(C)(C)C=2C=CC=CC2,BEN-DND-93268d01-13,x10484,https://fragalysis.diamond.ac.uk/viewer/react/preview/direct/target/Mpro/mols/x10484/L/P/C,MOONSHOT
O=C(CC=1C=CC=NC1)N2CCCC2C3=NOC(=N3)C4CC4,JAG-UCB-cedd89ab-4,x10488,https://fragalysis.diamond.ac.uk/viewer/react/preview/direct/target/Mpro/mols/x10488/L/P/C,MOONSHOT
CC=1C=CN=C(N)C1NC(=O)CC=2C=CC=C(Cl)C2,EDG-MED-0da5ad92-18,x10494,https://fragalysis.diamond.ac.uk/viewer/react/preview/direct/target/Mpro/mols/x10494/L/P/C,MOONSHOT
CC(=O)NCCC1=CNC=2C(CN3CCN(CC3)C(=O)CCl)=CC=CC12,DUN-NEW-f8ce3686-24,x10506,https://fragalysis.diamond.ac.uk/viewer/react/preview/direct/target/Mpro/mols/x10506/L/P/C,MOONSHOT
CC=1C=CC=C(C1)C2CN(CC=3C=CC=CC23)C(=O)CCl,NIR-THE-c331be7a-6,x10513,https://fragalysis.diamond.ac.uk/viewer/react/preview/direct/target/Mpro/mols/x10513/L/P/C,MOONSHOT
COC=1C=CC=CC1OC(C)CNC(=O)C2=CC(=O)NC=3C=CC(F)=CC23,MAT-POS-590ac91e-39,x10525,https://fragalysis.diamond.ac.uk/viewer/react/preview/direct/target/Mpro/mols/x10525/L/P/C,MOONSHOT
Cl.ClC=1C=CC=C(C1)N2C(=O)NC(C2=O)C=3C=CC=NC3,JAN-GHE-83b26c96-18,x10535,https://fragalysis.diamond.ac.uk/viewer/react/preview/direct/target/Mpro/mols/x10535/L/P/C,MOONSHOT
CC=1C=CN=CC1NC(=O)C2CCC32CCC3,MAT-POS-590ac91e-22,x10555,https://fragalysis.diamond.ac.uk/viewer/react/preview/direct/target/Mpro/mols/x10555/L/P/C,MOONSHOT
CC=1C=CN=CC1NC(=O)C2CC(C2)C3CC3,MAT-POS-590ac91e-18,x10559,https://fragalysis.diamond.ac.uk/viewer/react/preview/direct/target/Mpro/mols/x10559/L/P/C,MOONSHOT
CC=1C=CN=CC1NC(=O)CC=2C=CC=C(I)C2,JAN-GHE-83b26c96-13,x10565,https://fragalysis.diamond.ac.uk/viewer/react/preview/direct/target/Mpro/mols/x10565/L/P/C,MOONSHOT
CC=1C=CN=CC1NC(=O)CC=2C=CC=C(C2)C3CC3,ALP-POS-95b75b4d-4,x10566,https://fragalysis.diamond.ac.uk/viewer/react/preview/direct/target/Mpro/mols/x10566/L/P/C,MOONSHOT
CC=1C=CN=CC1NC(=O)CC2CC3CC3C2,MAT-POS-590ac91e-23,x10575,https://fragalysis.diamond.ac.uk/viewer/react/preview/direct/target/Mpro/mols/x10575/L/P/C,MOONSHOT
CC=1C=CN=CC1NC(=O)CCC=2C=CC=CC2F,BEN-DND-93268d01-7,x10598,https://fragalysis.diamond.ac.uk/viewer/react/preview/direct/target/Mpro/mols/x10598/L/P/C,MOONSHOT
ClC=1C=CC=C(CC(=O)NN2C=NNC2=O)C1,JAN-GHE-5a013bed-4,x10604,https://fragalysis.diamond.ac.uk/viewer/react/preview/direct/target/Mpro/mols/x10604/L/P/C,MOONSHOT
CC=1C=CN=CC1NS(=O)(=O)C=2C=CC=C(Cl)C2,JAN-GHE-83b26c96-21,x10606,https://fragalysis.diamond.ac.uk/viewer/react/preview/direct/target/Mpro/mols/x10606/L/P/C,MOONSHOT
CC=1C=CN=CC1NC(=O)C2(CCOC2)C#N,MAT-POS-590ac91e-27,x10610,https://fragalysis.diamond.ac.uk/viewer/react/preview/direct/target/Mpro/mols/x10610/L/P/C,MOONSHOT
CC=1C=CN=CC1NC(=O)[C@H]2[C@@H]3CCCC[C@H]23,MAT-POS-590ac91e-19,x10626,https://fragalysis.diamond.ac.uk/viewer/react/preview/direct/target/Mpro/mols/x10626/L/P/C,MOONSHOT
CC=1C=CN=CC1NC(=O)CN2C(=O)COC=3C=CC(Cl)=CC23,BAR-COM-0f94fc3d-48,x10638,https://fragalysis.diamond.ac.uk/viewer/react/preview/direct/target/Mpro/mols/x10638/L/P/C,MOONSHOT
CC(=O)NC=1C=CN=CC1NC(=O)C2CC=3C=CC(F)=CC23,BAR-COM-0f94fc3d-59,x10645,https://fragalysis.diamond.ac.uk/viewer/react/preview/direct/target/Mpro/mols/x10645/L/P/C,MOONSHOT
ClCC(=O)N1CC(C=2C=CC=C(C#N)C2)C=3C=CC=CC3C1,NIR-THE-c331be7a-2,x10678,https://fragalysis.diamond.ac.uk/viewer/react/preview/direct/target/Mpro/mols/x10678/L/P/C,MOONSHOT
CC=1C=CN=CC1NC(=O)CN2C=CC=3C=CC(Cl)=CC23,BAR-COM-0f94fc3d-41,x10679,https://fragalysis.diamond.ac.uk/viewer/react/preview/direct/target/Mpro/mols/x10679/L/P/C,MOONSHOT
COC=1C=CC=CC1OCCNC(=O)C=2C=CNC(=O)C2,BEN-DND-7e92b6ca-1,x10700,https://fragalysis.diamond.ac.uk/viewer/react/preview/direct/target/Mpro/mols/x10700/L/P/C,MOONSHOT
CC(=O)NNC(=O)C1CC2=C(CN1C(=O)CCl)C=CC=C2,NAU-LAT-64f4b287-5,x10710,https://fragalysis.diamond.ac.uk/viewer/react/preview/direct/target/Mpro/mols/x10710/L/P/C,MOONSHOT
CC=1C=CN=CC1NC(=O)CC=2C=NC=C(Cl)C2,TRY-UNI-2eddb1ff-2,x10723,https://fragalysis.diamond.ac.uk/viewer/react/preview/direct/target/Mpro/mols/x10723/L/P/C,MOONSHOT
OC1CCC(CC1)N(CC2CCCCC2)C3CCCN(C3)C(=O)CCl,WAR-XCH-72a8c209-5,x10728,https://fragalysis.diamond.ac.uk/viewer/react/preview/direct/target/Mpro/mols/x10728/L/P/C,MOONSHOT
CC=1C=CN=CC1NC(=O)CN2C=CC=3C=CC(F)=CC23,BAR-COM-0f94fc3d-18,x10733,https://fragalysis.diamond.ac.uk/viewer/react/preview/direct/target/Mpro/mols/x10733/L/P/C,MOONSHOT
CC=1C=CN=CC1NC(=O)CC=2C=CC=C(OC3CC(=O)N3)C2,BRU-LEF-c49414a7-1,x10756,https://fragalysis.diamond.ac.uk/viewer/react/preview/direct/target/Mpro/mols/x10756/L/P/C,MOONSHOT
N#CC=1C=CC(=CN1)N2CCCOCC2,AAR-POS-d2a4d1df-19,x1077,https://fragalysis.diamond.ac.uk/viewer/react/preview/direct/target/Mpro/mols/x1077/L/P/C,MOONSHOT
CC=1C=CN=CC1NC(=O)C2(CC(=O)C2)C=3C=CC=C(Cl)C3,BAR-COM-0f94fc3d-25,x10787,https://fragalysis.diamond.ac.uk/viewer/react/preview/direct/target/Mpro/mols/x10787/L/P/C,MOONSHOT
CC=1C=CN=CC1NC(=O)CC=2C=C(Cl)C=C(OC3CC(=O)N3)C2,TRY-UNI-2eddb1ff-7,x10789,https://fragalysis.diamond.ac.uk/viewer/react/preview/direct/target/Mpro/mols/x10789/L/P/C,MOONSHOT
O=C(NC=1C=CC=NC1)NC2(CC=3C=CC=CC3)CCOCC2,NAU-LAT-445f63e5-6,x10800,https://fragalysis.diamond.ac.uk/viewer/react/preview/direct/target/Mpro/mols/x10800/L/P/C,MOONSHOT
CC=1C=CN=CC1NC(=O)CC2CC3(CC3)C2,MAT-POS-590ac91e-24,x10801,https://fragalysis.diamond.ac.uk/viewer/react/preview/direct/target/Mpro/mols/x10801/L/P/C,MOONSHOT
ClC=1C=NC=C(OC(=O)C=2C=CC=C3NC=CC23)C1,ALP-POS-c59291d4-5,x10812,https://fragalysis.diamond.ac.uk/viewer/react/preview/direct/target/Mpro/mols/x10812/L/P/C,MOONSHOT
CNC=1C=CC(=CC1)N(CC=2C=CSC2)C(=O)CN3N=NC=4C=CC=CC34,ALP-POS-c59291d4-4,x10820,https://fragalysis.diamond.ac.uk/viewer/react/preview/direct/target/Mpro/mols/x10820/L/P/C,MOONSHOT
COC=1C=CN=CC1NC(=O)C(O)C=2C=CC=C(Br)C2,BAR-COM-0f94fc3d-23,x10834,https://fragalysis.diamond.ac.uk/viewer/react/preview/direct/target/Mpro/mols/x10834/L/P/C,MOONSHOT
COC=1C=CC(Br)=CC1C(N)C(=O)NC=2C=NC=CC2C,BAR-COM-0f94fc3d-58,x10856,https://fragalysis.diamond.ac.uk/viewer/react/preview/direct/target/Mpro/mols/x10856/L/P/C,MOONSHOT
CC=1C=C(F)C=CC1CS(=O)(=O)N,AAR-POS-0daf6b7e-46,x1086,https://fragalysis.diamond.ac.uk/viewer/react/preview/direct/target/Mpro/mols/x1086/L/P/C,MOONSHOT
COCC(NC(=O)CC1C(=O)NC=2C=CC(F)=CC12)C=3C=CC=C(Br)C3,BAR-COM-0f94fc3d-3,x10862,https://fragalysis.diamond.ac.uk/viewer/react/preview/direct/target/Mpro/mols/x10862/L/P/C,MOONSHOT
O=C(CN1N=NC=2C=CC=CC12)N(CC=3C=CSC3)C=4C=CC(NC(=O)C5CC5)=CC4,ALP-POS-c59291d4-3,x10870,https://fragalysis.diamond.ac.uk/viewer/react/preview/direct/target/Mpro/mols/x10870/L/P/C,MOONSHOT
CCC(=O)NC=1C=CC(=CC1)N(CC=2C=CSC2)C(=O)CN3N=NC=4C=CC=CC34,ALP-POS-c59291d4-2,x10871,https://fragalysis.diamond.ac.uk/viewer/react/preview/direct/target/Mpro/mols/x10871/L/P/C,MOONSHOT
CN(C)C1=CC=C(C=C1)N(CC1=CSC=C1)C(=O)CN1N=NC2=C1C=CC=C2,ALP-POS-d2866bdf-1,x10876,https://fragalysis.diamond.ac.uk/viewer/react/preview/direct/target/Mpro/mols/x10876/L/P/C,MOONSHOT
CCC(O)(C(=O)NC=1C=NC=CC1C)C=2C=CC=C(Cl)C2,BAR-COM-0f94fc3d-38,x10888,https://fragalysis.diamond.ac.uk/viewer/react/preview/direct/target/Mpro/mols/x10888/L/P/C,MOONSHOT
CS(=O)(=O)NCCC(C(=O)NC=1C=CC=NC1)C=2C=CC=CC2,ADA-UNI-f8e79267-2,x10889,https://fragalysis.diamond.ac.uk/viewer/react/preview/direct/target/Mpro/mols/x10889/L/P/C,MOONSHOT
ClC=1C=CC=2OCC[C@@H](C(=O)NC3=NN=CN3C4CC4)C2C1,JAG-UCB-119787ef-1,x10898,https://fragalysis.diamond.ac.uk/viewer/react/preview/direct/target/Mpro/mols/x10898/L/P/C,MOONSHOT
ClCC(=O)NC1=NC=2C(=CC=CC2S1)S(=O)(=O)NCCC=3C=CC=CC3,DUN-NEW-f8ce3686-23,x10899,https://fragalysis.diamond.ac.uk/viewer/react/preview/direct/target/Mpro/mols/x10899/L/P/C,MOONSHOT
CC(C(=O)NC=1C=NC=CC1C)C=2C=NC=C(Cl)C2,TRY-UNI-2eddb1ff-3,x10900,https://fragalysis.diamond.ac.uk/viewer/react/preview/direct/target/Mpro/mols/x10900/L/P/C,MOONSHOT
ClC=1C=CC=2OCC[C@H](C(=O)NC3=NN=CN3C4CC4)C2C1,MAT-POS-968e8d9c-1,x10906,https://fragalysis.diamond.ac.uk/viewer/react/preview/direct/target/Mpro/mols/x10906/L/P/C,MOONSHOT
CN1CCN(CC1)C(=O)CC1=CNC2=NC=CC=C12,AAR-POS-d2a4d1df-20,x1093,https://fragalysis.diamond.ac.uk/viewer/react/preview/direct/target/Mpro/mols/x1093/L/P/C,MOONSHOT
OCC=1C=CN=CC1NC(=O)C2CCOC=3C=CC(Cl)=CC23,LON-WEI-0a73fcb8-7,x10942,https://fragalysis.diamond.ac.uk/viewer/react/preview/direct/target/Mpro/mols/x10942/L/P/C,MOONSHOT
ClC=1C=CC=C(CC(=O)NC=2C=NC=C3C=CC=CC23)C1,ADA-UCB-6c2cb422-1,x10959,https://fragalysis.diamond.ac.uk/viewer/react/preview/direct/target/Mpro/mols/x10959/L/P/C,MOONSHOT
CC=1C=NC=C(NC(=O)CC=2C=CC=C(Cl)C2)C1,EDG-MED-0da5ad92-12,x10976,https://fragalysis.diamond.ac.uk/viewer/react/preview/direct/target/Mpro/mols/x10976/L/P/C,MOONSHOT
CCC=1C=CN=CC1NC(=O)CC=2C=CC=C(N2)C(F)(F)F,JAG-UCB-a3ef7265-23,x10995,https://fragalysis.diamond.ac.uk/viewer/react/preview/direct/target/Mpro/mols/x10995/L/P/C,MOONSHOT
ClC=1C=CC=C(NC(=O)NC=2C=CC=NC2)C1,DAR-DIA-23aa0b97-14,x10996,https://fragalysis.diamond.ac.uk/viewer/react/preview/direct/target/Mpro/mols/x10996/L/P/C,MOONSHOT
NS(=O)(=O)C1=CC2=C(NC(=O)C2O)C=C1,LOR-NEU-c8f11034-6,x11001,https://fragalysis.diamond.ac.uk/viewer/react/preview/direct/target/Mpro/mols/x11001/L/P/C,MOONSHOT
CC(C)N(C)C=1N=CN=C2N(C)N=CC12,AAR-POS-0daf6b7e-40,x1101,https://fragalysis.diamond.ac.uk/viewer/react/preview/direct/target/Mpro/mols/x1101/L/P/C,MOONSHOT
CC=1C=CN=CC1CC(=O)NC=2C=CC=C(Cl)C2,EDJ-MED-49816e9b-1,x11011,https://fragalysis.diamond.ac.uk/viewer/react/preview/direct/target/Mpro/mols/x11011/L/P/C,MOONSHOT
CC=1C=NN=CC1NC(=O)CC=2C=CC=C(Cl)C2,EDG-MED-0da5ad92-16,x11013,https://fragalysis.diamond.ac.uk/viewer/react/preview/direct/target/Mpro/mols/x11013/L/P/C,MOONSHOT
CC=1NN=CC1NC(=O)CC=2C=CC=C(Cl)C2,EDG-MED-0da5ad92-21,x11025,https://fragalysis.diamond.ac.uk/viewer/react/preview/direct/target/Mpro/mols/x11025/L/P/C,MOONSHOT
CN(C(=O)CC=1C=CC=C(Cl)C1)C=2C=NC=CC2C,JAN-GHE-83b26c96-15,x11041,https://fragalysis.diamond.ac.uk/viewer/react/preview/direct/target/Mpro/mols/x11041/L/P/C,MOONSHOT
CC(C1CCCCC1)C(=O)NC=2C=NC=CC2C,TRY-UNI-714a760b-16,x11044,https://fragalysis.diamond.ac.uk/viewer/react/preview/direct/target/Mpro/mols/x11044/L/P/C,MOONSHOT
O=C(NC1=NN=CN1C2CC2)C3CCOC=4C=CC=CC34,EDJ-MED-0e996074-1,x11159,https://fragalysis.diamond.ac.uk/viewer/react/preview/direct/target/Mpro/mols/x11159/L/P/C,MOONSHOT
CN1C=CC(CN(C(=O)CC=2C=CC=NC2)C=3C=CC(=CC3)C=4C=CC=CN4)=N1,ALP-POS-c0c213c9-14,x11164,https://fragalysis.diamond.ac.uk/viewer/react/preview/direct/target/Mpro/mols/x11164/L/P/C,MOONSHOT
ClC=1C=CC=2OCC(C(=O)NC3=NN=CN3C4CC4)C2C1,NAU-LAT-8502cac5-2,x11186,https://fragalysis.diamond.ac.uk/viewer/react/preview/direct/target/Mpro/mols/x11186/L/P/C,MOONSHOT
NC=1C=CC(=CC1)S(=O)(=O)NC=2C=CC=CN2,AAR-POS-0daf6b7e-42,x1119,https://fragalysis.diamond.ac.uk/viewer/react/preview/direct/target/Mpro/mols/x1119/L/P/C,MOONSHOT
COC(=O)C1=C2NC(=O)C(O)C2=CC(Br)=C1,LOR-NOR-30067bb9-15,x11204,https://fragalysis.diamond.ac.uk/viewer/react/preview/direct/target/Mpro/mols/x11204/L/P/C,MOONSHOT
CC1=CC(COC(=O)C2=C3NC(=O)C(O)C3=CC=C2)=CC=C1,LOR-NOR-30067bb9-2,x11208,https://fragalysis.diamond.ac.uk/viewer/react/preview/direct/target/Mpro/mols/x11208/L/P/C,MOONSHOT
OC1C(=O)N(CC2=NOC=N2)C2=C1C=C(Br)C=C2,LOR-NOR-30067bb9-18,x11212,https://fragalysis.diamond.ac.uk/viewer/react/preview/direct/target/Mpro/mols/x11212/L/P/C,MOONSHOT
C[C@@H](C(O)=O)C1=C(C)C2=C(C=C1)C1=C(N2)C=CC(Cl)=C1,MAK-UNK-0d6072ac-20,x11223,https://fragalysis.diamond.ac.uk/viewer/react/preview/direct/target/Mpro/mols/x11223/L/P/C,MOONSHOT
CC=1C=CN=CC1NC(=O)CC(N2CCC(O)CC2)C=3C=CSC3,PET-SGC-a8a902d9-1,x11225,https://fragalysis.diamond.ac.uk/viewer/react/preview/direct/target/Mpro/mols/x11225/L/P/C,MOONSHOT
ClC=1C=CC=2OCC(C(=O)NC3=NN=CN3C=4C=CC=CC4)C2C1,NAU-LAT-8502cac5-6,x11231,https://fragalysis.diamond.ac.uk/viewer/react/preview/direct/target/Mpro/mols/x11231/L/P/C,MOONSHOT
CC1(CCOC=2C=CC=CC21)C(=O)NC3=NN=CN3C4CC4,BRU-THA-a358fbdd-2,x11233,https://fragalysis.diamond.ac.uk/viewer/react/preview/direct/target/Mpro/mols/x11233/L/P/C,MOONSHOT
COC1=C(OC)C=C(CN2C(=O)C(O)C3=C2C(C)=CC(Br)=C3)C=C1,LOR-NOR-30067bb9-7,x11254,https://fragalysis.diamond.ac.uk/viewer/react/preview/direct/target/Mpro/mols/x11254/L/P/C,MOONSHOT
CCOC1=C(CN2C(=O)C(O)C3=C2C=CC(Br)=C3)C=CC=C1,LOR-NOR-30067bb9-6,x11258,https://fragalysis.diamond.ac.uk/viewer/react/preview/direct/target/Mpro/mols/x11258/L/P/C,MOONSHOT
COC=1C=C(Cl)C=C(CC(=O)NC=2C=NC=CC2C)C1,MAT-POS-c9973a83-1,x11271,https://fragalysis.diamond.ac.uk/viewer/react/preview/direct/target/Mpro/mols/x11271/L/P/C,MOONSHOT
COC=1C=CC=CC1OCCNC(=O)C2=CC(=O)NC=3C=CC=C(OC)C23,EDJ-MED-6af13d92-3,x11294,https://fragalysis.diamond.ac.uk/viewer/react/preview/direct/target/Mpro/mols/x11294/L/P/C,MOONSHOT
COC=1C=CC=CC1OCCNC(=O)C2=CC(=O)NC=3C=CC=C(C)C23,EDJ-MED-6af13d92-1,x11313,https://fragalysis.diamond.ac.uk/viewer/react/preview/direct/target/Mpro/mols/x11313/L/P/C,MOONSHOT
CC=1C(N)=CN=CC1NC(=O)CC=2C=CC=C(Cl)C2,TRY-UNI-714a760b-3,x11317,https://fragalysis.diamond.ac.uk/viewer/react/preview/direct/target/Mpro/mols/x11317/L/P/C,MOONSHOT
CC=1C(N)=CN=CC1NC(=O)CC=2C=CC=C(C#N)C2,TRY-UNI-714a760b-19,x11318,https://fragalysis.diamond.ac.uk/viewer/react/preview/direct/target/Mpro/mols/x11318/L/P/C,MOONSHOT
CC1CN(CCO1)C(=O)CN2C=CC=N2,AAR-POS-0daf6b7e-38,x1132,https://fragalysis.diamond.ac.uk/viewer/react/preview/direct/target/Mpro/mols/x1132/L/P/C,MOONSHOT
CC=1C=CN=CC1NC(=O)[C@@H]2C[C@H]2CF,ERI-UCB-5b47150d-6,x11339,https://fragalysis.diamond.ac.uk/viewer/react/preview/direct/target/Mpro/mols/x11339/L/P/C,MOONSHOT
CC=1C=C(C)C=C(CC(=O)NC2=NN=CN2C)C1,JAG-UCB-a3ef7265-18,x11346,https://fragalysis.diamond.ac.uk/viewer/react/preview/direct/target/Mpro/mols/x11346/L/P/C,MOONSHOT
CC=1C=CN=CC1CC(=O)NC=2C=CC=C3CCNCC23,ADA-UCB-6c2cb422-3,x11354,https://fragalysis.diamond.ac.uk/viewer/react/preview/direct/target/Mpro/mols/x11354/L/P/C,MOONSHOT
FC=1C=CC=CC1N2CCN(CC2)C(=O)C3=CC(=O)NC=4C=CC=CC34,BEN-DND-7e92b6ca-16,x11366,https://fragalysis.diamond.ac.uk/viewer/react/preview/direct/target/Mpro/mols/x11366/L/P/C,MOONSHOT
CC=1C=CN=CC1NC(=O)CC=2C=CC=C(Br)C2,JAN-GHE-83b26c96-12,x11368,https://fragalysis.diamond.ac.uk/viewer/react/preview/direct/target/Mpro/mols/x11368/L/P/C,MOONSHOT
CC(C(=O)NC=1C=NC=CC1NC(=O)C)C=2C=CC=C(Cl)C2,JAN-GHE-83b26c96-2,x11372,https://fragalysis.diamond.ac.uk/viewer/react/preview/direct/target/Mpro/mols/x11372/L/P/C,MOONSHOT
CC(=O)N1CCN(CC(=O)NC=2C=NC=CC2C)CC1,BEN-DND-93268d01-8,x11417,https://fragalysis.diamond.ac.uk/viewer/react/preview/direct/target/Mpro/mols/x11417/L/P/C,MOONSHOT
ClC=1C=CC=C(CC(=O)NC=2C=CC=C3NN=CC23)C1,VLA-UCB-00f2c2b3-7,x11424,https://fragalysis.diamond.ac.uk/viewer/react/preview/direct/target/Mpro/mols/x11424/L/P/C,MOONSHOT
OC(CC=1C=CC=C(Cl)C1)CN2C=NC=N2,JAG-UCB-cedd89ab-2,x11426,https://fragalysis.diamond.ac.uk/viewer/react/preview/direct/target/Mpro/mols/x11426/L/P/C,MOONSHOT
CC=1C=CN=CC1NC(=O)CCC=2C=CC=C(F)C2,BEN-DND-93268d01-5,x11427,https://fragalysis.diamond.ac.uk/viewer/react/preview/direct/target/Mpro/mols/x11427/L/P/C,MOONSHOT
CC=1C=CN=CC1NC(=O)CN2CCCCC2,BEN-DND-93268d01-11,x11428,https://fragalysis.diamond.ac.uk/viewer/react/preview/direct/target/Mpro/mols/x11428/L/P/C,MOONSHOT
ClC=1C=CC=C(CC(=O)NC=2C=NC=C3CCCCC23)C1,EDJ-MED-a364e151-1,x11431,https://fragalysis.diamond.ac.uk/viewer/react/preview/direct/target/Mpro/mols/x11431/L/P/C,MOONSHOT
CN(CC=1C=CC=C(Cl)C1)C(=O)CN2N=NC=3C=CC=CC23,EDJ-MED-06d94977-2,x11432,https://fragalysis.diamond.ac.uk/viewer/react/preview/direct/target/Mpro/mols/x11432/L/P/C,MOONSHOT
ClC=1C=CC=C(CC(=O)NC2=CN=C3C=CC=CN23)C1,PET-UNK-8df914d1-2,x11454,https://fragalysis.diamond.ac.uk/viewer/react/preview/direct/target/Mpro/mols/x11454/L/P/C,MOONSHOT
O=C(CC=1C=CC=C(C#C)C1)NC=2C=NC=C3C=CC=CC23,PET-UNK-c9c1e0d8-2,x11458,https://fragalysis.diamond.ac.uk/viewer/react/preview/direct/target/Mpro/mols/x11458/L/P/C,MOONSHOT
CN1C=NC=C1NC(=O)CC=2C=CC=C(Cl)C2,PET-UNK-8df914d1-4,x11473,https://fragalysis.diamond.ac.uk/viewer/react/preview/direct/target/Mpro/mols/x11473/L/P/C,MOONSHOT
CC=1C=CN=CC1N2CCN(C2=O)C=3C=CC=C(Cl)C3,JAG-UCB-cedd89ab-1,x11475,https://fragalysis.diamond.ac.uk/viewer/react/preview/direct/target/Mpro/mols/x11475/L/P/C,MOONSHOT
CC=1C=CN=NC1NC(=O)CC=2C=CC=C(Cl)C2,EDG-MED-0da5ad92-15,x11485,https://fragalysis.diamond.ac.uk/viewer/react/preview/direct/target/Mpro/mols/x11485/L/P/C,MOONSHOT
COC(=O)C(C(=O)NC=1C=NC=CC1C)C=2C=CC=C(Cl)C2,MAT-POS-1e5f28a7-1,x11488,https://fragalysis.diamond.ac.uk/viewer/react/preview/direct/target/Mpro/mols/x11488/L/P/C,MOONSHOT
ClC=1C=CC=C(CC(=O)NC=2N=CN3C=CC=CC23)C1,EDJ-MED-50fe53e8-3,x11493,https://fragalysis.diamond.ac.uk/viewer/react/preview/direct/target/Mpro/mols/x11493/L/P/C,MOONSHOT
ClC=1C=CC=2OCCC(C(=O)NC=3C=NC=C4C=CC=CC34)C2C1,VLA-UCB-1dbca3b4-15,x11498,https://fragalysis.diamond.ac.uk/viewer/react/preview/direct/target/Mpro/mols/x11498/L/P/C,MOONSHOT
ClC=1C=CC=C(CC(=O)NC=2C=NC=C3C=CN=CC23)C1,MAT-POS-f7918075-5,x11499,https://fragalysis.diamond.ac.uk/viewer/react/preview/direct/target/Mpro/mols/x11499/L/P/C,MOONSHOT
CC(=O)N1CCN(CC(=O)NC=2C=NC=C3C=CC=CC23)CC1,ALP-POS-6747fa38-1,x11541,https://fragalysis.diamond.ac.uk/viewer/react/preview/direct/target/Mpro/mols/x11541/L/P/C,MOONSHOT
CCCCOC=1C=CC(Cl)=CC1CC(=O)NC=2C=NC=CC2C,EDG-MED-0da5ad92-7,x11562,https://fragalysis.diamond.ac.uk/viewer/react/preview/direct/target/Mpro/mols/x11562/L/P/C,MOONSHOT
CC=1C=CC(=C(F)C1F)C=2C=C(Cl)C=C(CC(=O)NC=3C=NC=CC3C)C2,MAT-POS-f42f3716-6,x11564,https://fragalysis.diamond.ac.uk/viewer/react/preview/direct/target/Mpro/mols/x11564/L/P/C,MOONSHOT
CSC1=C(C#N)C2(CCCCC2)C(=C(NC(=O)CCl)N1)C#N,TAT-ENA-80bfd3e5-7,x11579,https://fragalysis.diamond.ac.uk/viewer/react/preview/direct/target/Mpro/mols/x11579/L/P/C,MOONSHOT
OCC1CN(CC=2C=CC=CC2)CCO1,AAR-POS-0daf6b7e-30,x1163,https://fragalysis.diamond.ac.uk/viewer/react/preview/direct/target/Mpro/mols/x1163/L/P/C,MOONSHOT
COC=1C=CC=C(OC=2C=C(Cl)C=C(NC(=O)CC=3C=NC=C4C=CC=CC34)C2)N1,MAT-POS-6344a35d-1,x11642,https://fragalysis.diamond.ac.uk/viewer/react/preview/direct/target/Mpro/mols/x11642/L/P/C,MOONSHOT
CC1=NOC(COC=2C=C(Cl)C=C(CC(=O)NC=3C=NC=CC3C)C2)=N1,CHO-MSK-6e55470f-5,x11723,https://fragalysis.diamond.ac.uk/viewer/react/preview/direct/target/Mpro/mols/x11723/L/P/C,MOONSHOT
CC=1C=CN=CC1NC(=O)CC=2C=C(Cl)C=C(NS(=O)(=O)N)C2,WIL-MOD-03b86a88-6,x11743,https://fragalysis.diamond.ac.uk/viewer/react/preview/direct/target/Mpro/mols/x11743/L/P/C,MOONSHOT
CC=1C=CN=CC1NC(=O)CC=2C=C(Cl)C=C(NC3CCCC3O)C2,MAT-POS-044491d2-1,x11764,https://fragalysis.diamond.ac.uk/viewer/react/preview/direct/target/Mpro/mols/x11764/L/P/C,MOONSHOT
CN(C)C=1C=CC(=CC1)N(CC=2C=CSC2)C(=O)CC=3C=NC=C4C=CC=CC34,PET-UNK-1901c25b-1,x11790,https://fragalysis.diamond.ac.uk/viewer/react/preview/direct/target/Mpro/mols/x11790/L/P/C,MOONSHOT
CN(C)C=1C=CC(=CC1)N(CC2=CC=NN2)C(=O)CN3N=NC=4C=CC=CC34,PET-UNK-7374c256-2,x11797,https://fragalysis.diamond.ac.uk/viewer/react/preview/direct/target/Mpro/mols/x11797/L/P/C,MOONSHOT
CNC(=O)NC=1C=CC(=CC1)N(CC=2C=CSC2)C(=O)CN3N=NC=4C=CC=CC34,ROB-IMP-e811baff-1,x11798,https://fragalysis.diamond.ac.uk/viewer/react/preview/direct/target/Mpro/mols/x11798/L/P/C,MOONSHOT
CC(=O)NCC=1C=C(Cl)C=C(CC(=O)NC=2C=NC=CC2C)C1,RAL-THA-6b94ceba-5,x11801,https://fragalysis.diamond.ac.uk/viewer/react/preview/direct/target/Mpro/mols/x11801/L/P/C,MOONSHOT
ClC=1C=C2CCOC2=C(CC(=O)NC=3C=NC=C4C=CC=CC34)C1,MAT-POS-bbbbc21a-3,x11831,https://fragalysis.diamond.ac.uk/viewer/react/preview/direct/target/Mpro/mols/x11831/L/P/C,MOONSHOT
CN1C=CC(=N1)C(=O)NC[C@@H]2CCCO2,AAR-POS-0daf6b7e-23,x1187,https://fragalysis.diamond.ac.uk/viewer/react/preview/direct/target/Mpro/mols/x1187/L/P/C,MOONSHOT
O=CC(NC(=O)C1=CC=CS1)=CC1=CC=C(S1)N1CCOCC1,MAT-POS-fa06b69f-6,x11894,https://fragalysis.diamond.ac.uk/viewer/react/preview/direct/target/Mpro/mols/x11894/L/P/C,MOONSHOT
C[C@@H]1COC2=C(C=C(Cl)C=C2)[C@@H]1C(=O)NC1=C2C=CC=CC2=CN=C1,MAT-POS-8a69d52e-7,x12073,https://fragalysis.diamond.ac.uk/viewer/react/preview/direct/target/Mpro/mols/x12073/L/P/C,MOONSHOT
COC1=CC(OC)=NC(C=N)=N1,AAR-RCN-748c104b-1,x12080,https://fragalysis.diamond.ac.uk/viewer/react/preview/direct/target/Mpro/mols/x12080/L/P/C,MOONSHOT
CCNCC1=CN(C)N=N1,AAR-POS-0daf6b7e-34,x1226,https://fragalysis.diamond.ac.uk/viewer/react/preview/direct/target/Mpro/mols/x1226/L/P/C,MOONSHOT
COC(=O)NC=1SC(C)=NC1C=2C=CC=CC2,AAR-POS-0daf6b7e-35,x1235,https://fragalysis.diamond.ac.uk/viewer/react/preview/direct/target/Mpro/mols/x1235/L/P/C,MOONSHOT
CS(=O)(=O)CC1=NC=2C=CC=CC2N1,AAR-POS-0daf6b7e-39,x1237,https://fragalysis.diamond.ac.uk/viewer/react/preview/direct/target/Mpro/mols/x1237/L/P/C,MOONSHOT
O=C(NCC=1C=CC(C#N)=CC1)N2CCOCC2,AAR-POS-d2a4d1df-21,x1249,https://fragalysis.diamond.ac.uk/viewer/react/preview/direct/target/Mpro/mols/x1249/L/P/C,MOONSHOT
CC(=O)N1CCN(CC1)S(=O)(=O)c2ccc(Cl)cc2,AAR-POS-d2a4d1df-44,x1308,https://fragalysis.diamond.ac.uk/viewer/react/preview/direct/target/Mpro/mols/x1308/L/P/C,MOONSHOT
CC(=O)N(C1CS(=O)(=O)C=C1)c2ccccc2,AAR-POS-0daf6b7e-1,x1311,https://fragalysis.diamond.ac.uk/viewer/react/preview/direct/target/Mpro/mols/x1311/L/P/C,MOONSHOT
CC(=O)N1CCN(Cc2ccc(Cl)s2)CC1,AAR-POS-0daf6b7e-2,x1334,https://fragalysis.diamond.ac.uk/viewer/react/preview/direct/target/Mpro/mols/x1334/L/P/C,MOONSHOT
Cc1ccc(C)c(c1)S(=O)(=O)N2CCN(CC2)C(=O)C,WAR-XCH-79d12f6e-6,x1336,https://fragalysis.diamond.ac.uk/viewer/react/preview/direct/target/Mpro/mols/x1336/L/P/C,MOONSHOT
COc1cccc2sc(NC(=O)C)nc12,AAR-POS-0daf6b7e-4,x1348,https://fragalysis.diamond.ac.uk/viewer/react/preview/direct/target/Mpro/mols/x1348/L/P/C,MOONSHOT
CC(=O)N1CCC(CC1)NC(=O)c2ccccc2,AAR-POS-0daf6b7e-5,x1351,https://fragalysis.diamond.ac.uk/viewer/react/preview/direct/target/Mpro/mols/x1351/L/P/C,MOONSHOT
Oc1ccccc1NC(=O)C2CCN(CC2)C(=O)C,AAR-POS-0daf6b7e-6,x1358,https://fragalysis.diamond.ac.uk/viewer/react/preview/direct/target/Mpro/mols/x1358/L/P/C,MOONSHOT
Cc1ccc(cc1)N(C2CS(=O)(=O)C=C2)C(=O)C,AAR-POS-0daf6b7e-7,x1374,https://fragalysis.diamond.ac.uk/viewer/react/preview/direct/target/Mpro/mols/x1374/L/P/C,MOONSHOT
Fc1ccc(cc1)N(C2CS(=O)(=O)C=C2)C(=O)C,AAR-POS-0daf6b7e-8,x1375,https://fragalysis.diamond.ac.uk/viewer/react/preview/direct/target/Mpro/mols/x1375/L/P/C,MOONSHOT
CC(=O)N1CCC(CC1)C(=O)N2CCCCC2,VIR-GIT-7b3d3065-2,x1380,https://fragalysis.diamond.ac.uk/viewer/react/preview/direct/target/Mpro/mols/x1380/L/P/C,MOONSHOT
CC(NC(=O)C)c1cccc(Cl)c1,AAR-POS-0daf6b7e-10,x1382,https://fragalysis.diamond.ac.uk/viewer/react/preview/direct/target/Mpro/mols/x1382/L/P/C,MOONSHOT
CC(=O)Nc1cccc(c1)N2CCCC2=O,LON-WEI-8f408cad-1,x1384,https://fragalysis.diamond.ac.uk/viewer/react/preview/direct/target/Mpro/mols/x1384/L/P/C,MOONSHOT
CC(=O)N1CCN(Cc2ccc(Br)s2)CC1,JOH-UNI-27ac80fd-23,x1385,https://fragalysis.diamond.ac.uk/viewer/react/preview/direct/target/Mpro/mols/x1385/L/P/C,MOONSHOT
CC(=O)N1CCN(Cc2ccsc2)CC1,LON-WEI-8f408cad-7,x1386,https://fragalysis.diamond.ac.uk/viewer/react/preview/direct/target/Mpro/mols/x1386/L/P/C,MOONSHOT
CC(=O)N1CC(c2ccccc2)c3ccccc3C1,AAR-POS-0daf6b7e-14,x1392,https://fragalysis.diamond.ac.uk/viewer/react/preview/direct/target/Mpro/mols/x1392/L/P/C,MOONSHOT
CC(=O)N1CCN(CC1)S(=O)(=O)c2ccc(Cl)s2,AAR-POS-0daf6b7e-15,x1402,https://fragalysis.diamond.ac.uk/viewer/react/preview/direct/target/Mpro/mols/x1402/L/P/C,MOONSHOT
CC(=O)N1CCN(CC1)C(=O)c2cccs2,AAR-POS-0daf6b7e-16,x1412,https://fragalysis.diamond.ac.uk/viewer/react/preview/direct/target/Mpro/mols/x1412/L/P/C,MOONSHOT
CC(=O)N1CCN(Cc2cccs2)CC1,LON-WEI-8f408cad-5,x1418,https://fragalysis.diamond.ac.uk/viewer/react/preview/direct/target/Mpro/mols/x1418/L/P/C,MOONSHOT
COc1ccc(cc1)N2CCN(CC2)C(=O)C,AAR-POS-0daf6b7e-18,x1425,https://fragalysis.diamond.ac.uk/viewer/react/preview/direct/target/Mpro/mols/x1425/L/P/C,MOONSHOT
CC(C)N(C)C(=O)C1CCN(CC1)C(=O)C,VIR-GIT-7b3d3065-3,x1458,https://fragalysis.diamond.ac.uk/viewer/react/preview/direct/target/Mpro/mols/x1458/L/P/C,MOONSHOT
CC(=O)Nc1cccnc1Cl,AAR-POS-0daf6b7e-20,x1478,https://fragalysis.diamond.ac.uk/viewer/react/preview/direct/target/Mpro/mols/x1478/L/P/C,MOONSHOT
CC(=O)N1CCN(CC1)C(=O)C,AAR-POS-0daf6b7e-21,x1493,https://fragalysis.diamond.ac.uk/viewer/react/preview/direct/target/Mpro/mols/x1493/L/P/C,MOONSHOT
COC1=CC=C(NC(=O)C2CCN(CC2)C(C)=O)C=N1,AAR-POS-5507155c-2,x2052,https://fragalysis.diamond.ac.uk/viewer/react/preview/direct/target/Mpro/mols/x2052/L/P/C,MOONSHOT
N=CC1=NC=CC=N1,AAR-POS-f650c5f2-3,x2097,https://fragalysis.diamond.ac.uk/viewer/react/preview/direct/target/Mpro/mols/x2097/L/P/C,MOONSHOT
N=CC1=NC=CN1,AAR-POS-f650c5f2-2,x2119,https://fragalysis.diamond.ac.uk/viewer/react/preview/direct/target/Mpro/mols/x2119/L/P/C,MOONSHOT
CS(=O)(=O)c1ccc(cc1)N1CCNCC1,AAR-POS-5507155c-1,x2193,https://fragalysis.diamond.ac.uk/viewer/react/preview/direct/target/Mpro/mols/x2193/L/P/C,MOONSHOT
CCC(=O)N(C(C(=O)NC(C)(C)C)C1=CN=CC=C1)C1=NOC(=C1)C(C)(C)C,LON-WEI-b8d98729-23,x2540,https://fragalysis.diamond.ac.uk/viewer/react/preview/direct/target/Mpro/mols/x2540/L/P/C,MOONSHOT
O=C(CC=1C=NC=NC1)NC=2C=CC=C(OC3CC(=O)N3)C2,BAR-COM-4e090d3a-39,x2562,https://fragalysis.diamond.ac.uk/viewer/react/preview/direct/target/Mpro/mols/x2562/L/P/C,MOONSHOT
O=C(CC=1C=NC=C2C=CC=CC12)NC=3C=CC=CC3,DAR-DIA-23aa0b97-20,x2563,https://fragalysis.diamond.ac.uk/viewer/react/preview/direct/target/Mpro/mols/x2563/L/P/C,MOONSHOT
O=C(CC=1C=NC=C(C#N)C1)NC=2C=CC=NC2,DAR-DIA-23aa0b97-17,x2569,https://fragalysis.diamond.ac.uk/viewer/react/preview/direct/target/Mpro/mols/x2569/L/P/C,MOONSHOT
CC=1C=CN=CC1NC(=O)CC=2C=CC=C(C#N)C2,TRY-UNI-714a760b-20,x2572,https://fragalysis.diamond.ac.uk/viewer/react/preview/direct/target/Mpro/mols/x2572/L/P/C,MOONSHOT
COC=1C=CN=C(NC(=O)CC=2C=CC=3C=CC=CC3C2)C1,ALV-UNI-7ff1a6f9-47,x2581,https://fragalysis.diamond.ac.uk/viewer/react/preview/direct/target/Mpro/mols/x2581/L/P/C,MOONSHOT
O=C(CC=1C=CC=C(C#N)C1)NC=2C=CC=NC2,ANN-UNI-26382800-5,x2600,https://fragalysis.diamond.ac.uk/viewer/react/preview/direct/target/Mpro/mols/x2600/L/P/C,MOONSHOT
CC1=CC=C(NC(=O)NC=2C=CC=NC2)S1,DAR-DIA-842b4336-3,x2608,https://fragalysis.diamond.ac.uk/viewer/react/preview/direct/target/Mpro/mols/x2608/L/P/C,MOONSHOT
ClC1=CC=C(CC(=O)NC=2C=CC=NC2)S1,DAR-DIA-842b4336-13,x2643,https://fragalysis.diamond.ac.uk/viewer/react/preview/direct/target/Mpro/mols/x2643/L/P/C,MOONSHOT
CC=1C=CN=CC1NC(=O)CC=2C=CC=C(Cl)C2,TRY-UNI-714a760b-6,x2646,https://fragalysis.diamond.ac.uk/viewer/react/preview/direct/target/Mpro/mols/x2646/L/P/C,MOONSHOT
CC(C(=O)NC=1C=NC=CC1C)C=2C=CC=C(Cl)C2,TRY-UNI-714a760b-18,x2649,https://fragalysis.diamond.ac.uk/viewer/react/preview/direct/target/Mpro/mols/x2649/L/P/C,MOONSHOT
CC(C(=O)O)C=1C=CC2=C(C1)NC=3C=CC(Cl)=CC32,MAK-UNK-0d6072ac-4,x2659,https://fragalysis.diamond.ac.uk/viewer/react/preview/direct/target/Mpro/mols/x2659/L/P/C,MOONSHOT
CCC(=O)N(C(C(=O)NC1=C(C)C=C(OC)C=C1)C1=CN=CC=C1)C1=NOC(=C1)C(C)(C)C,LON-WEI-b8d98729-43,x2694,https://fragalysis.diamond.ac.uk/viewer/react/preview/direct/target/Mpro/mols/x2694/L/P/C,MOONSHOT
CCC(=O)N(C(C(=O)NC1=C(CC)C=CC=C1C)C1=CN=CC=C1)C1=CN=C(C=C1)C(C)C,LON-WEI-b8d98729-18,x2703,https://fragalysis.diamond.ac.uk/viewer/react/preview/direct/target/Mpro/mols/x2703/L/P/C,MOONSHOT
CCC(=O)N(C(C(=O)NC1=C(CC)C=CC=C1C)C1=CN=CC=C1)C1=CC(=NN1)C(C)(C)C,LON-WEI-b8d98729-20,x2705,https://fragalysis.diamond.ac.uk/viewer/react/preview/direct/target/Mpro/mols/x2705/L/P/C,MOONSHOT
CN(C(=O)C1CCN(CC1)C(C)=O)C1=CC=CC=C1,LON-WEI-120e5cf5-5,x2754,https://fragalysis.diamond.ac.uk/viewer/react/preview/direct/target/Mpro/mols/x2754/L/P/C,MOONSHOT
O=C(NCC=1C=NSC1)C=2C=CC=CC2OCC#N,BAR-COM-4e090d3a-49,x2764,https://fragalysis.diamond.ac.uk/viewer/react/preview/direct/target/Mpro/mols/x2764/L/P/C,MOONSHOT
CCC(=O)N(C(C(=O)NC1=C(C)C=C(OC)C=C1)C1=CN=CC=C1)C1=CC=C(C=C1)C(C)OC,LON-WEI-b8d98729-8,x2776,https://fragalysis.diamond.ac.uk/viewer/react/preview/direct/target/Mpro/mols/x2776/L/P/C,MOONSHOT
CC(=O)N1CCN(CC2=CC=CS2)CC1,LON-WEI-8f408cad-5,x2779,https://fragalysis.diamond.ac.uk/viewer/react/preview/direct/target/Mpro/mols/x2779/L/P/C,MOONSHOT
CC=1C=CN=CC1NC(=O)NC=2C=CC=C(Cl)C2,TRY-UNI-714a760b-12,x2908,https://fragalysis.diamond.ac.uk/viewer/react/preview/direct/target/Mpro/mols/x2908/L/P/C,MOONSHOT
COC=1C=CC=CC1OCCNC(=O)C2=CC(=O)NC=3C=CC=CC23,MAT-POS-916a2c5a-2,x2910,https://fragalysis.diamond.ac.uk/viewer/react/preview/direct/target/Mpro/mols/x2910/L/P/C,MOONSHOT
CC(C(=O)NC=1C=NC=CC1C)C=2C=CC=C(C#N)C2,TRY-UNI-714a760b-22,x2912,https://fragalysis.diamond.ac.uk/viewer/react/preview/direct/target/Mpro/mols/x2912/L/P/C,MOONSHOT
NC(=O)[C@@H]1CN(Cc2cccnc2)C[C@H]1c1ccccc1,DUN-NEW-d8381160-1,x2929,https://fragalysis.diamond.ac.uk/viewer/react/preview/direct/target/Mpro/mols/x2929/L/P/C,MOONSHOT
NC=1C=NC=C(NC(=O)NC=2C=CC=C(Cl)C2)C1,DAR-DIA-23aa0b97-13,x2964,https://fragalysis.diamond.ac.uk/viewer/react/preview/direct/target/Mpro/mols/x2964/L/P/C,MOONSHOT
CS(=O)(=O)NCCC1CCCCN1CC(=O)NC=2C=CC=NC2,BEN-DND-362d364a-10,x2971,https://fragalysis.diamond.ac.uk/viewer/react/preview/direct/target/Mpro/mols/x2971/L/P/C,MOONSHOT
CC(=O)N1CC2CC1CN2CC1=CC(Cl)=CC=C1,DAN-LON-a5fc619e-8,x3077,https://fragalysis.diamond.ac.uk/viewer/react/preview/direct/target/Mpro/mols/x3077/L/P/C,MOONSHOT
CN(CC(=O)NC=1C=NC=CC1C)S(=O)(=O)C=2C=CC=C3C=CC=NC23,GAB-REV-70cc3ca5-8,x3080,https://fragalysis.diamond.ac.uk/viewer/react/preview/direct/target/Mpro/mols/x3080/L/P/C,MOONSHOT
CC=1C=CN=CC1NC(=O)CNC(=O)CC=2C=CC=NC2,GAB-REV-70cc3ca5-13,x3108,https://fragalysis.diamond.ac.uk/viewer/react/preview/direct/target/Mpro/mols/x3108/L/P/C,MOONSHOT
CCC(N(C(C(NCCC(OCC)=O)=O)c1cnccc1)c1ccc(C(C)(C)C)cc1)=O,LON-WEI-adc59df6-2,x3110,https://fragalysis.diamond.ac.uk/viewer/react/preview/direct/target/Mpro/mols/x3110/L/P/C,MOONSHOT
CCC(N(C(C(NCCCOC)=O)c1cnccc1)c1ccc(C(C)(C)C)cc1)=O,LON-WEI-adc59df6-27,x3113,https://fragalysis.diamond.ac.uk/viewer/react/preview/direct/target/Mpro/mols/x3113/L/P/C,MOONSHOT
CCC(N(C(C(NCCOC)=O)c1cnccc1)c1ccc(C(C)(C)C)cc1)=O,LON-WEI-adc59df6-26,x3115,https://fragalysis.diamond.ac.uk/viewer/react/preview/direct/target/Mpro/mols/x3115/L/P/C,MOONSHOT
CCC(N(C(C(NC1CCOCC1)=O)c1cnccc1)c1ccc(C(C)(C)C)cc1)=O,LON-WEI-adc59df6-39,x3117,https://fragalysis.diamond.ac.uk/viewer/react/preview/direct/target/Mpro/mols/x3117/L/P/C,MOONSHOT
CCC(N(C(C(NC)=O)c1cnccc1)c1ccc(C(C)(C)C)cc1)=O,LON-WEI-adc59df6-3,x3124,https://fragalysis.diamond.ac.uk/viewer/react/preview/direct/target/Mpro/mols/x3124/L/P/C,MOONSHOT
OC(C(=O)NC=1C=CC=CC1NS(=O)(=O)C=2C=CC(F)=CC2)C=3C=CC=NC3,BAR-COM-4e090d3a-57,x3298,https://fragalysis.diamond.ac.uk/viewer/react/preview/direct/target/Mpro/mols/x3298/L/P/C,MOONSHOT
O=C(N1CCN(CC1)C1=CC=CC=C1)C1=CC(=O)NC2=C1C=CC=C2,MAT-POS-916a2c5a-4,x3303,https://fragalysis.diamond.ac.uk/viewer/react/preview/direct/target/Mpro/mols/x3303/L/P/C,MOONSHOT
CN1C=C(CNC(=O)N(CCC=2C=CC=CC2)CC=3C=CC=NC3)N=N1,BAR-COM-4e090d3a-47,x3305,https://fragalysis.diamond.ac.uk/viewer/react/preview/direct/target/Mpro/mols/x3305/L/P/C,MOONSHOT
CC(=O)NC(CO)C1=CC(Cl)=CC=C1,DAV-CRI-3edb475e-4,x3324,https://fragalysis.diamond.ac.uk/viewer/react/preview/direct/target/Mpro/mols/x3324/L/P/C,MOONSHOT
CC(=O)N1CCN(CC#C)CC1,TOB-UNK-c2aba166-1,x3325,https://fragalysis.diamond.ac.uk/viewer/react/preview/direct/target/Mpro/mols/x3325/L/P/C,MOONSHOT
CC(=O)N(CCC(N)=O)C1CCS(=O)(=O)C1,DAN-PUR-6788a628-2,x3333,https://fragalysis.diamond.ac.uk/viewer/react/preview/direct/target/Mpro/mols/x3333/L/P/C,MOONSHOT
CC(=O)N1CCN(CC1)C(C1=CC=CC=C1)C1=CC=CC=C1,SIM-SYN-f15aaa3a-1,x3348,https://fragalysis.diamond.ac.uk/viewer/react/preview/direct/target/Mpro/mols/x3348/L/P/C,MOONSHOT
CNCC1=CNC=2C=CC(F)=CC12,DAR-DIA-eace69ff-36,x3351,https://fragalysis.diamond.ac.uk/viewer/react/preview/direct/target/Mpro/mols/x3351/L/P/C,MOONSHOT
CCNC(=O)C(N(C(=O)CC)C1=CC=C(C=C1)C(C)(C)C)C1=CN=CC=C1,LON-WEI-adc59df6-30,x3359,https://fragalysis.diamond.ac.uk/viewer/react/preview/direct/target/Mpro/mols/x3359/L/P/C,MOONSHOT
CC=1C=CN=CC1NC(=O)CC=2C=CC=3NC=NC3C2,GAB-REV-70cc3ca5-18,x3366,https://fragalysis.diamond.ac.uk/viewer/react/preview/direct/target/Mpro/mols/x3366/L/P/C,MOONSHOT
