SMILES,CID,order
COc1ccc(-c2cccc(S(=O)(=O)N3CCN(C(C)=O)CC3)c2)cc1,ANT-OPE-782-1,20200429_moonshot_to_mcule.csv
O=C(Nc1nnc(-c2ccccn2)o1)C1CCN(S(=O)(=O)c2ccc(F)cc2)CC1,DR.-CSI-7ec-18,20200429_moonshot_to_mcule.csv
O=C(Nc1ccccc1OC1CCN(Cc2ccccc2)CC1)C1CCN(C(=O)CCl)CC1,MED-COV-428-17,20200417_moonshot_to_enamine.csv
CC(=O)NCCc1c[nH]c2c(C(c3ccccc3)N3CCN(C(=O)CCl)CC3)cccc12,MED-COV-428-21,20200417_moonshot_to_enamine.csv
O=C(Nc1cccc(CN2CCN(C(=O)CCl)CC2)c1)c1cnc(Cc2ccccc2)s1,MED-COV-428-1,20200417_moonshot_to_enamine.csv
NC(=O)C1CCC(CC(NC(=O)CCl)c2cccc3ccccc23)C1c1ccccc1,MED-COV-428-9,20200417_moonshot_to_enamine.csv
O=C(CCl)N1CCN(S(=O)(=O)c2ccc(Cc3cccc4ccccc34)cc2)CC1,MED-COV-428-5,20200417_moonshot_to_enamine.csv
CCNc1ncc(C#N)cc1C(c1cccc(Cl)c1)N1CCN(C(=O)CCl)CC1,MED-COV-428-34,20200417_moonshot_to_enamine.csv
CNC(=O)C(CCN1CCN(C(=O)CCl)CC1)Nc1ccccc1,MED-COV-dea-1,20200417_moonshot_to_enamine.csv
NC(=O)C1CC(c2ccnc(Cl)c2NC(=O)CCl)CC1c1ccccc1,MED-COV-428-20,20200417_moonshot_to_enamine.csv
O=C(CCl)N1CCN(Cc2cccc(Cl)c2)C[C@@H]1Cc1ccc(O)cc1,MED-COV-428-2,20200417_moonshot_to_enamine.csv
O=C(CCl)Nc1nc(=O)n(Cc2cccc(Cl)c2)cc1-c1cccnc1,MED-COV-428-3,20200417_moonshot_to_enamine.csv
Cc1cccc(N(c2cccc(N)c2)C2CCN(C(=O)CCl)CC2)c1,MED-COV-428-4,20200417_moonshot_to_enamine.csv
Nc1nc(CN2CCN(C(=O)CCl)CC2)ncc1Cc1ccccc1,MED-COV-428-19,20200417_moonshot_to_enamine.csv
COc1ccc(C2CC(c3ccccc3)=NN2C(=O)CCl)cc1OC,MED-COV-428-30,20200417_moonshot_to_enamine.csv
O=C(CCl)N1CCN(C(c2cccc(Cl)c2)c2cccc(Cl)c2)CC1,MED-COV-428-6,20200417_moonshot_to_enamine.csv
O=C(CCl)N1CCN([C@H](c2ccc(Cl)cc2)c2cccc(Cl)c2)CC1,MED-COV-428-18,20200417_moonshot_to_enamine.csv
Cc1ccc(C(c2cccc(C)c2)N2CCN(C(=O)CCl)CC2)cc1,MED-COV-428-23,20200417_moonshot_to_enamine.csv
Cc1cccc([C@H](c2cccc(Cl)c2)N2CCN(C(=O)CCl)CC2)c1,MED-COV-428-7,20200417_moonshot_to_enamine.csv
O=C(CCl)Nc1nc(=O)n(Cc2ccccc2)cc1-c1cccnc1,MED-COV-428-28,20200417_moonshot_to_enamine.csv
C=CC(=O)NCC(=O)N(CCN1CCOCC1)Cc1ccccc1Cl,MED-COV-428-22,20200417_moonshot_to_enamine.csv
C=CC(=O)NCC(=O)N(Cc1ccccc1)C[C@H](O)c1ccccc1,MED-COV-428-26,20200417_moonshot_to_enamine.csv
O=C(CCl)N1CCN(Cc2cnc(Cc3ccccc3)s2)CC1,MED-COV-428-25,20200417_moonshot_to_enamine.csv
O=C(CCl)N1CCN(Cc2ncc(Cc3ccccc3)s2)CC1,MED-COV-428-8,20200417_moonshot_to_enamine.csv
NC(=O)C1CC2(CCCN(C(=O)CCl)C2)CC1c1ccccc1,MED-COV-428-27,20200417_moonshot_to_enamine.csv
COCCc1ccc(Cl)cc1CN1CCN(C(=O)CCl)CC1,MED-COV-428-37,20200417_moonshot_to_enamine.csv
CCNc1cccc(C#N)c1CN1CCN(C(=O)CCl)CC1,MED-COV-428-24,20200417_moonshot_to_enamine.csv
N#Cc1cnc(CCO)cc1CN1CCN(C(=O)CCl)CC1,MED-COV-428-35,20200417_moonshot_to_enamine.csv
O=C(CCl)Nc1cccc(-c2ccc3c(c2)CCCC3)c1,MED-COV-428-10,20200417_moonshot_to_enamine.csv
O=C(CCl)N1CCN(Cc2cccc3ccccc23)CC1,MED-COV-428-31,20200417_moonshot_to_enamine.csv
C=CC(=O)N1CCN(C2(c3cccc(Cl)c3)CCO2)CC1,MED-COV-428-32,20200417_moonshot_to_enamine.csv
O=C(CCl)N1CCN(C2(c3cccc(Cl)c3)CCO2)CC1,MED-COV-428-11,20200417_moonshot_to_enamine.csv
CC1CN(C(=O)CCl)CCN1C(F)(F)c1cccc(Cl)c1,MED-COV-428-38,20200417_moonshot_to_enamine.csv
COCc1cc(Cl)cc(CN2CCN(C(=O)CCl)CC2)c1,MED-COV-428-33,20200417_moonshot_to_enamine.csv
N#C/C=C/C[C@H](c1cccc(Cl)c1)c1cccc(C#N)c1,MED-COV-428-36,20200417_moonshot_to_enamine.csv
O=C(CCl)N1CCN(C(F)(F)c2cccc(Cl)c2)CC1,MED-COV-428-29,20200417_moonshot_to_enamine.csv
O=C(CCl)N1CCN(C2(c3cccc(Cl)c3)CC2)CC1,MED-COV-428-12,20200417_moonshot_to_enamine.csv
CC1CN(Cc2cccc(Cl)c2)CCN1C(=O)CCl,MED-COV-428-13,20200417_moonshot_to_enamine.csv
C=CC(=O)N1CCN(C(=O)c2cccc(Cl)c2)CC1,MED-COV-428-14,20200417_moonshot_to_enamine.csv
O=C(CCl)N1CCN(Cc2cccc(Cl)c2)CC1,MED-COV-428-15,20200417_moonshot_to_enamine.csv
Cc1ncc(C2(N3CCN(C(=O)CCl)CC3)CCCCC2)s1,WAR-XCH-79d-9,20200417_moonshot_to_enamine.csv
O=C(CCl)N1CC[C@H](C(=O)N2CCCCC2)[C@@H](CCc2ccccc2)C1,PAU-WEI-c6d-1,20200417_moonshot_to_enamine.csv
O=C(CCl)NCC(=O)C1CCCN1C(=O)c1ccccc1,GIA-UNK-d2d-7,20200417_moonshot_to_enamine.csv
CN(CC(=O)C1CCCN1C(=O)c1ccccc1)C(=O)CCl,GIA-UNK-d2d-9,20200417_moonshot_to_enamine.csv
N#Cc1cc(CN2CCN(C(=O)CCl)CC2)c2ccccc2c1,DAR-DIA-fb2-6,20200417_moonshot_to_enamine.csv
NS(=O)(=O)c1ccc2cccc(CN3CCN(C(=O)CCl)CC3)c2c1,MIH-UNI-e57-4,20200417_moonshot_to_enamine.csv
O=C(CCl)N1CCN(Cc2cc(Cl)cc3cnccc23)CC1,JOO-PER-58e-1,20200417_moonshot_to_enamine.csv
O=C(CCl)N1CCN(Cc2cc(Cl)cc(Cl)c2)CC1,PAU-UNI-8cd-1,20200417_moonshot_to_enamine.csv
COc1cc(CN2CCN(C(=O)CCl)CC2)c2ccccc2c1,DAR-DIA-fb2-7,20200417_moonshot_to_enamine.csv
O=C(CCl)N1CCN(Cc2cnc(-c3ccccc3)nc2)CC1,MAK-UNK-af8-1,20200417_moonshot_to_enamine.csv
CNS(=O)(=O)c1ccc2ccc(CN3CCN(C(=O)CCl)CC3)cc2c1,TAM-UNI-d1c-6,20200417_moonshot_to_enamine.csv
CCNc1ccc(Nc2cc(C)cc(CN3CCN(C(=O)CCl)CC3)c2)c(C#N)c1,MAK-UNK-af8-22,20200417_moonshot_to_enamine.csv
CS(=O)(=O)N1CCN(C(=O)CCl)CC1c1ccccc1,DUN-NEW-f8c-22,20200417_moonshot_to_enamine.csv
C=CC(=O)N1CCN(S(C)(=O)=O)CC1c1ccccc1,NAU-LAT-f72-4,20200417_moonshot_to_enamine.csv
CC(NC(=O)CCl)c1cc(Cl)cc(-c2ccc(S(N)(=O)=O)cc2)c1,DAV-CRI-14a-1,20200417_moonshot_to_enamine.csv
Cc1ccc(C)c(S(=O)(=O)N2CCN(C(=O)CCl)CC2)c1,WAR-XCH-79d-6,20200417_moonshot_to_enamine.csv
CCNc1ccc(C#N)cc1CN1CCN(C(=O)CCl)CC1,DAR-DIA-fb2-3,20200417_moonshot_to_enamine.csv
CC(=O)Nc1ccc(C#N)cc1CN1CCN(C(=O)CCl)CC1,TAM-UNI-d1c-18,20200417_moonshot_to_enamine.csv
CCNc1ncc(C#N)cc1CN1CCN(C(=O)CCl)CC1,BRU-LEF-ae0-1,20200417_moonshot_to_enamine.csv
CCNc1ncc(OC)cc1CN1CCN(C(=O)CCl)CC1,DAR-DIA-fb2-5,20200417_moonshot_to_enamine.csv
NS(=O)(=O)CCc1ccccc1CN1CCN(C(=O)CCl)CC1,MIH-UNI-e57-5,20200417_moonshot_to_enamine.csv
NS(=O)(=O)CCNc1ncccc1CN1CCN(C(=O)CCl)CC1,STU-CHA-464-1,20200417_moonshot_to_enamine.csv
CNC(=O)c1ccc(C#N)cc1CN1CCN(C(=O)CCl)CC1,TAM-UNI-d1c-17,20200417_moonshot_to_enamine.csv
CC(=O)N1CCCc2cccc(CN3CCN(C(=O)CCl)CC3)c2C1,TAM-UNI-d1c-13,20200417_moonshot_to_enamine.csv
O=C1Cc2c(cccc2CN2CCN(C(=O)CCl)CC2)CCN1,TAM-UNI-d1c-14,20200417_moonshot_to_enamine.csv
O=C(CCl)N1CCN(Cc2cc(O)ccc2O)CC1,NEH-REV-107-5,20200417_moonshot_to_enamine.csv
Cc1cccc(CN2CCN(C(=O)CCl)C[C@H]2CC(N)=O)c1,STU-CHA-0be-1,20200417_moonshot_to_enamine.csv
CC(=O)N1CCN(C(=O)CCl)C[C@@H]1CC(N)=O,DAN-PUR-390-1,20200417_moonshot_to_enamine.csv
CC(=O)[C@@H]1CN(C(=O)CCl)C[C@H](CC(N)=O)N1C(C)=O,DAN-PUR-390-2,20200417_moonshot_to_enamine.csv
CC(C)C[C@@H]1CN(C(=O)CCl)CCN1Cc1cccc(Cl)c1,DAN-LON-a5f-3,20200417_moonshot_to_enamine.csv
O=C(CCl)N1CC2CC1CN2Cc1cccc(Cl)c1,DAN-LON-a5f-8,20200417_moonshot_to_enamine.csv
Cc1cccc(C(CNS(C)(=O)=O)N2CCN(C(=O)CCl)CC2)c1,SEL-UNI-cd3-9,20200417_moonshot_to_enamine.csv
CS(=O)(=O)NCC(c1ccccc1)N1CCN(C(=O)CCl)CC1,SEL-UNI-cd3-2,20200417_moonshot_to_enamine.csv
NC(=O)C1CN(C(=O)CCl)CCN1Cc1cccc(Cl)c1,DAN-LON-a5f-1,20200417_moonshot_to_enamine.csv
Cc1cc(Cl)cc(CC2CCN(C(=O)CCl)CC2)c1,NIR-THE-0d6-8,20200417_moonshot_to_enamine.csv
Cc1cccc(CC2CCN(C(=O)CCl)CC2)c1,MAK-UNK-af8-6,20200417_moonshot_to_enamine.csv
NS(=O)(=O)c1ccc2ccc(CC3CCN(C(=O)CCl)CC3)cc2c1,NIR-THE-0d6-4,20200417_moonshot_to_enamine.csv
CCNc1ncc(C#N)cc1CC1CCN(C(=O)CCl)CC1,NIR-THE-0d6-6,20200417_moonshot_to_enamine.csv
O=C(C(F)Cl)N1CCN(Cc2cccc3ccccc23)CC1,JOO-IND-637-6,20200417_moonshot_to_enamine.csv
CN1CCC(C(c2ccccc2)N2CCN(C(=O)CCl)CC2)CC1,GIA-UNK-20b-5,20200417_moonshot_to_enamine.csv
O=C(CCl)N1CCN(C(c2ccccc2)C2CCCCC2)CC1,GIA-UNK-20b-6,20200417_moonshot_to_enamine.csv
O=C(CCl)N1CCN(C(c2ccccc2)C2CCOCC2)CC1,GIA-UNK-20b-2,20200417_moonshot_to_enamine.csv
O=C(CCl)N1CCN(C(c2ccccc2)C(CO)CO)CC1,GIA-UNK-20b-7,20200417_moonshot_to_enamine.csv
O=C1CC(C(c2ccccc2)N2CCN(C(=O)CCl)CC2)CCN1,GIA-UNK-20b-9,20200417_moonshot_to_enamine.csv
NS(=O)(=O)c1ccc2ccc(NC3CCN(C(=O)CCl)CC3)cc2c1,NIR-THE-0d6-5,20200417_moonshot_to_enamine.csv
Cc1cc(C)nc(NC2CCN(C(=O)CCl)CC2)n1,GIA-UNK-a79-1,20200417_moonshot_to_enamine.csv
CCNc1ncc(C#N)c2ccc(N(C(=O)CCl)c3cccc(C(=O)N4CCSCC4)c3)cc12,NIR-THE-ed2-2,20200417_moonshot_to_enamine.csv
O=C(Nc1cccc(C(=O)N2CCSCC2)c1)C(F)Cl,JOO-IND-637-2,20200417_moonshot_to_enamine.csv
NC(=O)CCCC(Cl)C(=O)N1CCN(Cc2cccc(F)c2)CC1,VIT-UNK-cff-2,20200417_moonshot_to_enamine.csv
O=C1NC(=O)C(CCC(Cl)C(=O)N2CCN(Cc3cccc(F)c3)CC2)N1,VIT-UNK-cff-1,20200417_moonshot_to_enamine.csv
C=CC(=O)N1CCN(Cc2cccc3ccccc23)CC1,JOO-IND-637-4,20200417_moonshot_to_enamine.csv
C=CC(=O)N1CCN(Cc2ccc(F)cc2)CC1,ANT-OPE-d97-1,20200417_moonshot_to_enamine.csv
C#CCN1CCN(C(=O)C=C)CC1,TOB-UNK-c2a-2,20200417_moonshot_to_enamine.csv
COC(=O)C1CC(Cc2cccc(C)c2)CCN1C(=O)CCl,MAK-UNK-af8-9,20200417_moonshot_to_enamine.csv
CC(Cl)C(=O)N1CCC(C(=O)N2CCCCC2)CC1,BRU-LEF-cf9-1,20200417_moonshot_to_enamine.csv
C=CC(=O)NC(=O)CNc1cc(C)cc(Cc2nc(NCC)ccc2F)c1,BEN-VAN-ed8-10,20200417_moonshot_to_enamine.csv
NC(=O)/C=C/CCC(O)C1COC(Nc2cc(O)cc(O)c2)C(F)C1,VIT-UNK-525-6,20200417_moonshot_to_enamine.csv
CS(=O)(=O)N(CCc1ccccc1)CC1CCN(C(=O)CCl)CC1,DUN-NEW-f8c-25,20200417_moonshot_to_enamine.csv
CC(NC(=O)CCl)c1cc(O)cc(Cl)c1,DAV-CRI-3ed-2,20200417_moonshot_to_enamine.csv
CC(NC(=O)CCl)c1cc(F)cc(Cl)c1,DAV-CRI-3ed-6,20200417_moonshot_to_enamine.csv
C#CCN1CCN(C(=O)CCl)CC1,TOB-UNK-c2a-1,20200417_moonshot_to_enamine.csv
O=C(CCl)CNC(=O)CC(=O)NCc1ccccc1,GIA-UNK-3f3-5,20200417_moonshot_to_enamine.csv
N#Cc1ccc(CNC(=O)N2CCOCC2)c(CN2CCN(C(=O)CCl)CC2)c1,DAR-DIA-fb2-16,20200417_moonshot_to_enamine.csv
O=C(CCl)N1CCN(Cc2cccc(CNC(=O)N3CCOCC3)c2)CC1,TAM-UNI-d1c-12,20200417_moonshot_to_enamine.csv
O=C(CCl)N1CCN(Cc2cc(Cl)ccc2CNS(=O)(=O)N2CCOCC2)CC1,STU-CHA-6d5-1,20200417_moonshot_to_enamine.csv
O=C(CCl)N1CCN(Cc2cc(Cl)ccc2CNC(=O)N2CCOCC2)CC1,STU-CHA-6ca-1,20200417_moonshot_to_enamine.csv
O=C1CN(C(=O)NCc2ccc(Cl)cc2CN2CCN(C(=O)CCl)CC2)CCN1,STU-CHA-535-1,20200417_moonshot_to_enamine.csv
O=C(NCc1ccc(Cl)cc1CN1CCN(C(=O)CCl)CC1)[C@@H]1CCCOC1,STU-CHA-7b3-1,20200417_moonshot_to_enamine.csv
CC(=O)N[C@@H](Cc1ccc(O)cc1)C(=O)NC(CN1CCN(C(=O)CCl)CC1)c1ccccc1,NIM-UNI-ed9-4,20200417_moonshot_to_enamine.csv
Cc1ccc(CCC(c2cccc(C#N)c2)N2CCN(C(=O)CCl)CC2)cc1,PAU-WEI-b9b-6,20200417_moonshot_to_enamine.csv
Cc1ccc(CCC(c2cccc(Cl)c2)N2CCN(C(=O)CCl)CC2)cc1,PAU-WEI-b9b-3,20200417_moonshot_to_enamine.csv
N#Cc1cccc(C(CCc2ccccc2)N2CCN(C(=O)CCl)CC2)c1,PAU-WEI-b9b-4,20200417_moonshot_to_enamine.csv
O=C(CCl)N1CCN(C(CCc2ccccc2)c2cccc(Cl)c2)CC1,PAU-WEI-b9b-1,20200417_moonshot_to_enamine.csv
CC(CCc1ccccc1)N1CCN(C(=O)CCl)CC1,MAK-UNK-af8-2,20200417_moonshot_to_enamine.csv
N#Cc1cccc(C(CCc2ccc(C(F)(F)F)cc2)N2CCN(C(=O)CCl)CC2)c1,PAU-WEI-b9b-5,20200417_moonshot_to_enamine.csv
CC(NC(=O)CCl)c1ccccc1CNC(=O)N1CCOCC1,TAM-UNI-d1c-21,20200417_moonshot_to_enamine.csv
C=CC(=O)Nc1c(C)cccc1CC(=O)Nc1cccnc1Cl,AGN-NEW-cce-1,20200417_moonshot_to_enamine.csv
C=C(C(=O)Nc1ccccc1)c1cccnc1,BEN-DND-031-8,20200417_moonshot_to_enamine.csv
NS(=O)(=O)c1ccc2c(c1)N(CCCN1CCN(C(=O)CCl)CC1)CCC2,PAU-UNI-2d6-1,20200417_moonshot_to_enamine.csv
NS(=O)(=O)c1cccc(-n2cc(CN3CCN(C(=O)CCl)CC3)nn2)c1,NIM-UNI-594-3,20200417_moonshot_to_enamine.csv
COc1ccc(-n2cc(CN3CCN(C(=O)CCl)CC3)nn2)cc1,ANT-STE-dbb-1,20200417_moonshot_to_enamine.csv
O=C(NC1CCN(C(=O)CCl)CC1NCc1ccccc1)c1ccccc1,SIM-SYN-7db-1,20200417_moonshot_to_enamine.csv
Cc1ccc(S(=O)(=O)NC2CCN(C(=O)CCl)CC2)cc1,WAR-XCH-79d-4,20200417_moonshot_to_enamine.csv
NC(=O)/C=C/CCC(O)c1ccc(/C=C/c2cc(O)cc(O)c2)cc1,VIT-UNK-026-3,20200417_moonshot_to_enamine.csv
NC(=O)C1CCCC1c1ccccc1CNC(=O)CCl,NIR-THE-99f-3,20200417_moonshot_to_enamine.csv
CC(=O)NCCc1c[nH]c2c(CNC(=O)CCl)cccc12,DUN-NEW-f8c-21,20200417_moonshot_to_enamine.csv
CC(=O)NCCc1cn(C)c2cc(C(C)NC(=O)CCl)ccc12,TAM-UNI-d1c-23,20200417_moonshot_to_enamine.csv
CC(NC(=O)CCl)C1=CC(Cl)=CC2CC=NC12,DAV-CRI-eab-6,20200417_moonshot_to_enamine.csv
CC(NC(=O)CCl)C1=CC(Cl)=CC2CNCC12,DAV-CRI-eab-5,20200417_moonshot_to_enamine.csv
CN(C)C/C=C/C(=O)NCc1c[nH]c2ccccc12,ANT-OPE-ab3-2,20200417_moonshot_to_enamine.csv
C=CC(=O)N1CCN(CC2=CNC3C=CC(C#N)=CC23)CC1,JAN-GHE-bf4-9,20200417_moonshot_to_enamine.csv
C=CC(=O)N1CC(NCC2=CNC3C=CC(C#N)=CC23)C1,JAN-GHE-bf4-10,20200417_moonshot_to_enamine.csv
CN(C)C/C=C/C(=O)Nc1c[nH]c2ccccc12,ANT-OPE-ab3-1,20200417_moonshot_to_enamine.csv
N#Cc1cccc(C2CN(C(=O)CCl)Cc3ccccc32)c1,NIR-THE-c33-2,20200417_moonshot_to_enamine.csv
Cc1cccc(C2CN(C(=O)CCl)Cc3ccccc32)c1,NIR-THE-c33-6,20200417_moonshot_to_enamine.csv
Nc1cccc(C2CN(C(=O)CCl)Cc3ccccc32)c1,NIR-THE-c33-1,20200417_moonshot_to_enamine.csv
CNS(=O)(=O)c1ccc(C#N)c(C2CN(C(=O)CCl)Cc3ccccc32)c1,TAM-UNI-d1c-10,20200417_moonshot_to_enamine.csv
O=C(CCl)N1CCOc2cccc(-c3cccnc3)c21,TIM-UNK-6bd-2,20200417_moonshot_to_enamine.csv
C=C(CN(C)C)C(=O)N1Cc2ccccc2C(c2ccccc2)C1,REN-UFA-aaa-3,20200417_moonshot_to_enamine.csv
C=C(CCN(C)C)C(=O)N1Cc2ccccc2C(c2ccccc2)C1,REN-UFA-aaa-2,20200417_moonshot_to_enamine.csv
NS(=O)(=O)c1ccc2c(c1)N(CCCCC1CCCN(C(=O)CCl)C1)CCC2,PAU-UNI-f43-1,20200417_moonshot_to_enamine.csv
NS(=O)(=O)c1ccc2cccc(CN3CCN(C(=O)CCl)C(c4cccnc4)C3)c2c1,NIM-UNI-363-1,20200417_moonshot_to_enamine.csv
CC(=O)NCCc1c[nH]c2c(CN3CCN(C(=O)CCl)CC3)cccc12,DUN-NEW-f8c-24,20200417_moonshot_to_enamine.csv
C=CC(=O)N1CCCN(Cc2ccccc2)CC1,ANT-OPE-c0c-1,20200417_moonshot_to_enamine.csv
O=C(Nc1ccccc1)C1CCN(C(=O)C(Cl)c2cccnc2)CC1,BEN-DND-031-2,20200417_moonshot_to_enamine.csv
O=C(Nc1ccccc1)C1CCN(C(=O)C(Cl)Cc2cccnc2)CC1,BEN-DND-031-1,20200417_moonshot_to_enamine.csv
N#Cc1ccc(/C=C/C2=CC(N3CCN(C(=O)CCl)CC3)OC2=O)cc1,FAB-N/A-a03-1,20200417_moonshot_to_enamine.csv
C=CC(=O)N1CCO[C@@H](c2cc(F)c(F)cc2C[C@H](C)Nc2ccc(C#N)cn2)C1,BEN-VAN-77c-11,20200417_moonshot_to_enamine.csv
C=CC(=O)N1CCO[C@H](c2ccc(F)c(CO[C@H](C)Nc3cccnc3Cl)c2)C1,BEN-VAN-77c-4,20200417_moonshot_to_enamine.csv
CC(=O)N(CCc1ccc(C(=O)N2CCSCC2)cc1NC(=O)CCl)c1cnccc1C,NIR-THE-ed2-1,20200417_moonshot_to_enamine.csv
NS(=O)(=O)CCc1cccc2sc(C3CCCN(C(=O)CCl)C3)nc12,SEA-TRI-f74-1,20200417_moonshot_to_enamine.csv
O=C(C(F)Cl)N1CCCC(c2nc3ccccc3s2)C1,JOO-IND-b13-2,20200417_moonshot_to_enamine.csv
C=CC(=O)N1CCCC(c2nc3ccccc3s2)C1,JOO-IND-b13-1,20200417_moonshot_to_enamine.csv
NCC1CCc2nc(C3CCCN(C(=O)CCl)C3)sc2C1,HAR-NEW-972-2,20200417_moonshot_to_enamine.csv
O=C(c1ccc[nH]1)N1CC2CCCN(C(=O)CCl)C2C1,TIM-UNK-6bd-1,20200417_moonshot_to_enamine.csv
CC(=O)NCCc1c[nH]c2c(NC3CCN(C(=O)CCl)CC3)cc(F)cc12,NIR-THE-0d6-3,20200417_moonshot_to_enamine.csv
CC(=O)NCCc1c[nH]c2c(CC3CCN(C(=O)CCl)CC3)cc(F)cc12,NIR-THE-0d6-2,20200417_moonshot_to_enamine.csv
CC(=O)NCCC1C=Nc2c(CN3CCN(C(=O)CCl)CC3)cc(F)cc21,JOO-PER-d7a-1,20200417_moonshot_to_enamine.csv
NS(=O)(=O)Cc1nc2cccc(CN3CCN(C(=O)CCl)CC3)c2[nH]1,STU-CHA-0f7-1,20200417_moonshot_to_enamine.csv
C=CC(=O)N1CCN(Cc2cccc3c(CCNS(C)(=O)=O)c[nH]c23)CC1,JAN-GHE-641-7,20200417_moonshot_to_enamine.csv
C=CC(=O)N1CCN(Cc2cccc3c(CCNC(C)=O)c[nH]c23)CC1,JAN-GHE-641-5,20200417_moonshot_to_enamine.csv
CNC(=O)c1cc2cccc(CN3CCN(C(=O)CCl)CC3)c2nc1N1CCOCC1,BOG-INS-bdb-1,20200417_moonshot_to_enamine.csv
O=C(CCl)N1CCN(Cc2cccc(Cl)c2)C[C@@H]1Cc1ccccc1,DAN-LON-a5f-10,20200417_moonshot_to_enamine.csv
O=C(CCl)N1CCO[C@H](c2cc(F)cc3c2CO[C@@H]3Cc2cc(O)cc(F)c2)C1,BOG-INS-8eb-1,20200417_moonshot_to_enamine.csv
O=C(CCl)N1CCCC(c2nc(-c3cccnc3)nc3ccccc23)C1,WAR-XCH-bdd-16,20200417_moonshot_to_enamine.csv
CS(=O)(=O)N1CCc2ccc(CN3CCN(C(=O)CCl)CC3)cc2C1,TAM-UNI-d1c-5,20200417_moonshot_to_enamine.csv
NS(=O)(=O)c1ccc2c(c1)CN(CC1CCN(C(=O)CCl)CC1)CC2,STU-CHA-83d-1,20200417_moonshot_to_enamine.csv
Cc1cc2c(cc1S(N)(=O)=O)CN(CC1CCN(C(=O)CCl)CC1)CC2,STU-CHA-09b-1,20200417_moonshot_to_enamine.csv
NS(=O)(=O)c1cc2c(cc1C(F)F)CCN(CC1CCN(C(=O)CCl)CC1)C2,STU-CHA-814-1,20200417_moonshot_to_enamine.csv
CC1Cc2ccc(S(N)(=O)=O)cc2CN1CC1CCN(C(=O)CCl)CC1,STU-CHA-7e7-1,20200417_moonshot_to_enamine.csv
COC1CCCC(Oc2cccc(CN3CCN(C(=O)CCl)CC3)c2)C1,MAK-UNK-176-4,20200417_moonshot_to_enamine.csv
CC(=O)NCCc1c[nH]c2c([C@@H]3CN(C(=O)CCl)Cc4ccccc43)cc(Cl)cc12,DAR-DIA-cab-5,20200417_moonshot_to_enamine.csv
CC(=O)NCCc1c[nH]c2c(C3CN(C(=O)CCl)Cc4ccccc43)c(F)ccc12,NIR-THE-c33-3,20200417_moonshot_to_enamine.csv
O=C(CCl)N1Cc2ccccc2C(c2ccccc2)C1Cc1cccnc1,DAV-CRI-1c7-1,20200417_moonshot_to_enamine.csv
NS(=O)(=O)C1CCc2cc(C3CN(C(=O)CCl)Cc4ccccc43)ccc2C1,DAV-CRI-3fe-2,20200417_moonshot_to_enamine.csv
CC(=O)NCCc1c[nH]c2c(C(CCc3ccc(C)cc3)N3CCN(C(=O)CCl)CC3)cccc12,PAU-WEI-b9b-8,20200417_moonshot_to_enamine.csv
CC(=O)NCCc1c[nH]c2c(C(CCc3ccccc3)N3CCN(C(=O)CCl)CC3)cccc12,PAU-WEI-b9b-7,20200417_moonshot_to_enamine.csv
CC(=O)NCCc1c[nH]c2c(C(CCc3ccc(C(F)(F)F)cc3)N3CCN(C(=O)CCl)CC3)cccc12,PAU-WEI-b9b-9,20200417_moonshot_to_enamine.csv
O=C(CCl)Nc1nc2c(S(=O)(=O)NCCc3ccccc3)cccc2s1,DUN-NEW-f8c-23,20200417_moonshot_to_enamine.csv
O=C(CCl)Nc1nc2c(C(=O)NCCc3cccc(F)c3)cccc2s1,WAL-WAB-df1-1,20200417_moonshot_to_enamine.csv
N#Cc1ccccc1CN(C1CCC(O)CC1)C1CCN(C(=O)CCl)CC1,WAR-XCH-72a-6,20200417_moonshot_to_enamine.csv
C=CC(=O)N1CCC(N(Cc2ccccc2C#N)C2CCC(O)CC2)CC1,WAR-XCH-72a-10,20200417_moonshot_to_enamine.csv
O=C(CCl)N1CCCC(N(CC2CCCCC2)C2CCC(O)CC2)C1,WAR-XCH-72a-5,20200417_moonshot_to_enamine.csv
C=CC(=O)N1CCCC(N(CC2CCCCC2)C2CCC(O)CC2)C1,WAR-XCH-72a-9,20200417_moonshot_to_enamine.csv
O=C(CCl)N1CCN(C(c2ccccc2)c2ccccc2)CC1,SIM-SYN-f15-1,20200417_moonshot_to_enamine.csv
C=CC(=O)NC1CN(Cc2cccc3c(CCNC(=O)c4ccc[nH]4)c[nH]c23)C1,JAN-GHE-641-3,20200417_moonshot_to_enamine.csv
C=CC(=O)N1CCN(S(=O)(=O)c2ccccc2-c2ccc(Nc3ccc(C#N)cn3)cc2)CC1,JAN-GHE-bf4-2,20200417_moonshot_to_enamine.csv
Cc1cccc(CN2CCN(C(=O)CCl)CC2)c1C(=O)N1CCC(O)CC1,MAK-UNK-e4a-26,20200417_moonshot_to_enamine.csv
O=C(CCl)N1CCC(c2nc(-c3cccnc3)nc3ccccc23)CC1,WAR-XCH-b03-19,20200417_moonshot_to_enamine.csv
C=CC(=O)Nc1cc(C(=O)NC[C@H](Cc2ccccc2)c2ccccn2)ccc1O,JUA-UNI-bc0-5,20200417_moonshot_to_enamine.csv
O=C(CNCc1c[nH]c2ccc(F)cc12)NCc1ccc(CN2CCN(C(=O)CCl)CC2)cc1,MAK-UNK-176-5,20200417_moonshot_to_enamine.csv
NS(=O)(=O)c1ccc(Br)c(CCN2CCCN(C(=O)CCl)CC2)c1,PED-UNI-89d-1,20200417_moonshot_to_enamine.csv
Cc1cccc(CC2CC3CCC(C2)N3C(=O)CCl)c1,MAK-UNK-af8-8,20200417_moonshot_to_enamine.csv
C=C(Cc1ccno1)C(=O)N1CCN(Cc2cccc(Cl)c2)CC1,SEA-TRI-9e6-1,20200417_moonshot_to_enamine.csv
C=C(Cc1ccon1)C(=O)N1CCN(Cc2cccc(Cl)c2)CC1,SEA-TRI-146-1,20200417_moonshot_to_enamine.csv
C=C(Cc1ccno1)C(=O)N1CCN(Cc2cccc(C#N)c2)CC1,SEA-TRI-f93-1,20200417_moonshot_to_enamine.csv
NC(=O)/C=C/CCC(O)C1CNC(Cc2cc(O)cc(O)c2)CC1CC1CCNC1,VIT-UNK-525-7,20200417_moonshot_to_enamine.csv
O=C(CCl)N1Cc2c(OCCN3CCOCC3)cccc2[C@H](c2cccc(Cl)c2)C1,SEA-TRI-fac-1,20200417_moonshot_to_enamine.csv
C=CC(=O)N1Cc2c(OCCN3CCOCC3)cccc2[C@H](c2cccc(Cl)c2)C1,SEA-TRI-078-1,20200417_moonshot_to_enamine.csv
O=C(CCl)N1CCN(Cc2cc(Cl)cc3cccc(OCCN4CCOCC4)c23)CC1,SEA-TRI-67e-1,20200417_moonshot_to_enamine.csv
Cc1cccc(C2(N3CCN(C(=O)CCl)CC3)CC(C(N)=O)C2)c1,STU-CHA-073-1,20200417_moonshot_to_enamine.csv
O=C(CCl)N1CCN(C2(c3ccccc3)CCCCC2)CC1,WAR-XCH-79d-7,20200417_moonshot_to_enamine.csv
Cc1ccnc2[nH]c(CC3CCN(C(=O)CCl)CC3)nc12,WAR-XCH-b03-3,20200417_moonshot_to_enamine.csv
O=C(NC[C@]1(COc2ccc(C(F)(F)F)cn2)C[C@H](O)[C@H](O)C1)Nc1cccnc1,FAR-UNI-736-6,20200429_moonshot_to_molport.csv
O=C(O)c1cn(-c2ccc(F)cc2)c2cc(N3CCNCC3)c(F)cc2c1=O,GER-UNI-cae-1,20200429_moonshot_to_molport.csv
CNS(=O)(=O)Cc1ccc2[nH]cc(CCN(C)C)c2c1,ANT-OPE-47f-1,20200331_moonshot_to_enamine.csv
Cc1ccc(-c2cc(C(F)(F)F)nn2-c2ccc(S(N)(=O)=O)cc2)cc1,GER-UNI-05c-1,20200331_moonshot_to_enamine.csv
CCC(=O)NCC[C@@H]1CCc2ccc3c(c21)CCO3,JOH-MSK-ec6-2,20200331_moonshot_to_enamine.csv
COc1ccc2[nH]cc(CCNS(C)(=O)=O)c2c1,MAR-UNI-9ca-1,20200331_moonshot_to_enamine.csv
CC(=O)N1CCN(S(=O)(=O)c2cccc(F)c2)CC1,MAK-UNK-643-5,20200331_moonshot_to_enamine.csv
CCCNC(=O)C(C)NC(=O)N(C)Cc1csc(C)n1,ALE-UNK-fca-9,20200331_moonshot_to_enamine.csv
O=C(Cc1c[nH]c2ncccc12)NCc1ccc(Cl)cn1,TRY-UNI-1fd-11,20200331_moonshot_to_enamine.csv
O=C(Cc1ccc(Cl)s1)Nc1cccnc1,DAR-DIA-842-13,20200331_moonshot_to_enamine.csv
Cc1ccnc(NC(=O)Cc2ccc3ccccc3c2)c1,ÁLV-UNI-7ff-45,20200331_moonshot_to_enamine.csv
N#Cc1ccc(CNC(=O)Cc2c[nH]c3ncccc23)nc1,TRY-UNI-1fd-12,20200331_moonshot_to_enamine.csv
Cc1ccncc1NC(=O)Cc1cccc(Cl)c1,TRY-UNI-714-6,20200331_moonshot_to_enamine.csv
CS(=O)(=O)Cc1ccc(C(=O)Nc2cccnc2)o1,ANT-DIA-3c7-4,20200331_moonshot_to_enamine.csv
O=C(Cc1c[nH]c2ncccc12)Nc1cccc(Cl)c1,DAR-DIA-23a-12,20200331_moonshot_to_enamine.csv
N#Cc1cccc(NC(=O)Cc2c[nH]c3ncccc23)c1,DAR-DIA-23a-1,20200331_moonshot_to_enamine.csv
O=C(Cc1c[nH]c2ncccc12)NCc1cc(Cl)ccn1,TRY-UNI-1fd-9,20200331_moonshot_to_enamine.csv
Cc1ccncc1NC(=O)C(C)c1cccc(Cl)c1,TRY-UNI-714-18,20200331_moonshot_to_enamine.csv
O=C(Cc1c[nH]c2ncccc12)NCc1cccc(Cl)c1,TRY-UNI-1fd-5,20200331_moonshot_to_enamine.csv
CC(C)N(C)C(=O)C1CCN(C(=O)CCl)CC1,VIR-GIT-7b3-3,20200331_moonshot_to_enamine.csv
O=C(C1CCN(S(=O)(=O)c2ccccc2)CC1)N1CCOCC1,GIA-UNK-eaa-3,20200331_moonshot_to_enamine.csv
O=C(Nc1ccccc1Cl)c1cc(Cl)ccc1O,CHR-SOS-709-4,20200331_moonshot_to_enamine.csv
O=C(Cc1c[nH]c2ncccc12)NCc1ccc(Cl)cc1,TRY-UNI-1fd-7,20200331_moonshot_to_enamine.csv
N#Cc1ccc(CNC(=O)Cc2c[nH]c3ncccc23)cc1,TRY-UNI-1fd-8,20200331_moonshot_to_enamine.csv
O=C(CCl)N1CCC(C(=O)N2CCCCC2)CC1,VIR-GIT-7b3-2,20200331_moonshot_to_enamine.csv
CC(C(=O)O)c1ccc2c(c1)[nH]c1ccc(Cl)cc12,GER-UNI-ec7-1,20200331_moonshot_to_enamine.csv
CS(=O)(=O)Nc1cccc(C(=O)Nc2cccc(N3CCCC3=O)c2)c1,MAK-UNK-915-6,20200331_moonshot_to_enamine.csv
CC(=O)N1CCN(S(=O)(=O)c2cccs2)CC1,MAK-UNK-643-1,20200331_moonshot_to_enamine.csv
Cc1cccc(C)c1OCC(=O)N[C@@H](Cc1ccccc1)[C@@H](O)C[C@H](Cc1ccccc1)NC(=O)[C@H](C(C)C)N1CCCNC1=O,ALE-UNK-fca-1,20200331_moonshot_to_enamine.csv
CC(C)c1nc(CN(C)C(=O)N[C@H](C(=O)N[C@@H](Cc2ccccc2)C[C@H](O)[C@H](Cc2ccccc2)NC(=O)OCc2cncs2)C(C)C)cs1,ALE-UNK-fca-2,20200331_moonshot_to_enamine.csv
N#Cc1ccc(NC(=O)Nc2cccnc2)cc1,ANN-UNI-263-3,20200331_moonshot_to_enamine.csv
O=C(Nc1cccnc1)c1cc(Cl)ccc1O,CHR-SOS-709-11,20200331_moonshot_to_enamine.csv
O=C(Nc1cccnc1)c1cccc(Cl)c1,CHR-SOS-709-12,20200331_moonshot_to_enamine.csv
O=C(Nc1ccccc1)c1cc(Cl)ccc1O,CHR-SOS-709-7,20200331_moonshot_to_enamine.csv
O=C(CCl)NC(CO)c1cccc(Cl)c1,DAV-CRI-3ed-4,20200331_moonshot_to_enamine.csv
CCC(=O)OC(OP(=O)(CCCCc1ccccc1)CC(=O)N1C[C@H](C2CCCCC2)C[C@H]1C(=O)O)C(C)C,DAV-UNI-bdc-2,20200331_moonshot_to_enamine.csv
CC(=O)N1CCN(CC(=O)Nc2cccc(S(N)(=O)=O)c2)CC1,JAN-GHE-1d9-7,20200331_moonshot_to_enamine.csv
COc1ccc2[nH]cc(CCNC(C)=O)c2c1,ALE-ACE-261-1,20200331_moonshot_to_enamine.csv
CC(=O)N1CCN(Cc2cccc(C#N)c2)CC1,PAT-UNK-b2d-1,20200331_moonshot_to_enamine.csv
N#Cc1cccc(NC(=O)Nc2cccnc2)c1,ANN-UNI-263-4,20200331_moonshot_to_enamine.csv
CC(=O)N1CCN(C2CCNc3ccc(Cl)cc32)CC1,KIM-UNI-7d1-4,20200331_moonshot_to_enamine.csv
O=C(Nc1cccnc1)c1cc(Cl)ccc1-c1ccccc1,CHR-SOS-709-14,20200331_moonshot_to_enamine.csv
N#Cc1cccc(NC(=O)Nc2cncc(N)c2)c1,DAR-DIA-23a-8,20200331_moonshot_to_enamine.csv
Cc1ccncc1NC(=O)Cc1ccc2nc[nH]c2c1,GAB-REV-70c-18,20200331_moonshot_to_enamine.csv
Cc1ccncc1NC(=O)NCCBr,ALE-HEI-f28-13,20200331_moonshot_to_enamine.csv
Cc1ccncc1NC(=O)CC(C)(C)NC(=O)c1cccc2[nH]ccc12,GAB-REV-70c-6,20200331_moonshot_to_enamine.csv
Cc1ccncc1NC(=O)CNc1ccnc2ccccc12,GAB-REV-70c-4,20200331_moonshot_to_enamine.csv
Cc1ccncc1NC(=O)CN(C)S(=O)(=O)c1cccc2cccnc12,GAB-REV-70c-8,20200331_moonshot_to_enamine.csv
NC(=O)CCN(C(=O)CCl)C1CCS(=O)(=O)C1,DAN-PUR-678-2,20200331_moonshot_to_enamine.csv
CCC(C)(C)CCN(Cc1ccsc1)C(=O)Cn1nnc2ccccc21,RUT-UNI-630-20,20200331_moonshot_to_enamine.csv
O=C(C1CCCN(c2ccncc2)C1)N1CCCCC1,GIA-UNK-30c-4,20200331_moonshot_to_enamine.csv
O=C(Nc1cnccc1Cl)c1cc(Cl)ccc1O,CHR-SOS-709-10,20200331_moonshot_to_enamine.csv
O=C(Nc1cccnc1)Oc1cc(O)cc(Cl)c1,AGN-NEW-891-2,20200331_moonshot_to_enamine.csv
Nc1cncc(NC(=O)Nc2cccc(Cl)c2)c1,DAR-DIA-23a-13,20200331_moonshot_to_enamine.csv
O=C(NCCN1CCN(C(=O)CCl)CC1)c1cccnc1,STE-KU -2e0-3,20200331_moonshot_to_enamine.csv
N#Cc1ncccc1NC(=O)Cc1cccc(Cl)c1,AGN-NEW-c7b-4,20200331_moonshot_to_enamine.csv
O=C(NCCN1CCN(C(=O)CCl)CC1)c1cccc2ccccc12,STE-KU -2e0-2,20200331_moonshot_to_enamine.csv
O=C(CCl)N(c1cccnc1)C1CCS(=O)(=O)C1,DAN-PUR-390-3,20200331_moonshot_to_enamine.csv
Cc1cc(Cl)cc(NC(=O)Nc2cccnc2)c1,WAR-XCH-eb7-5,20200331_moonshot_to_enamine.csv
Cc1ccc(NC(=O)Cc2cc3cccnc3[nH]2)s1,DAR-DIA-842-18,20200331_moonshot_to_enamine.csv
O=C(NCCNc1ccnc2cc(Cl)ccc12)Nc1ccc(F)cc1,GAB-FAC-880-1,20200331_moonshot_to_enamine.csv
O=C(C1CCCN(c2ccncc2)C1)N1CCOCC1,GIA-UNK-30c-5,20200331_moonshot_to_enamine.csv
N#Cc1cccc(NC(=O)Nc2c[nH]c3ncccc23)c1,DAR-DIA-23a-11,20200331_moonshot_to_enamine.csv
O=C(CC(=O)Nc1ccncc1)Nc1ccccc1,GIA-UNK-3f3-7,20200331_moonshot_to_enamine.csv
Cc1c(N)cncc1NC(=O)Nc1cccc(Cl)c1,TRY-UNI-714-9,20200331_moonshot_to_enamine.csv
O=C(Nc1cccnc1)Nc1cc(O)cc(Cl)c1,WAR-XCH-eb7-4,20200331_moonshot_to_enamine.csv
CNC(=O)OC1CCN(S(=O)(=O)c2ccccc2)CC1,GIA-UNK-595-4,20200331_moonshot_to_enamine.csv
Cc1ccncc1NC(=O)CNC(=O)Cc1cccnc1,GAB-REV-70c-13,20200331_moonshot_to_enamine.csv
O=C(Nc1cccnc1)N(CCN1CCOCC1)c1cccc(Cl)c1,JOR-UNI-2fc-6,20200331_moonshot_to_enamine.csv
O=C(Nc1cccnc1)N(CCC1CCCCC1)c1cccc(Cl)c1,JOR-UNI-2fc-12,20200331_moonshot_to_enamine.csv
O=C(NCCN1CCN(C(=O)CCl)CC1)c1ccccc1,STE-KU -2e0-1,20200331_moonshot_to_enamine.csv
N#Cc1cccc(NC(=O)Cc2cncc(N)c2)c1,DAR-DIA-23a-3,20200331_moonshot_to_enamine.csv
N#Cc1cncc(NC(=O)Cc2c[nH]c3ncccc23)c1,DAR-DIA-23a-2,20200331_moonshot_to_enamine.csv
N#Cc1cncc(NC(=O)Cc2cncc(N)c2)c1,DAR-DIA-23a-7,20200331_moonshot_to_enamine.csv
CNC(=O)OC1CCN(C(=O)c2ccncc2)CC1,GIA-UNK-595-3,20200331_moonshot_to_enamine.csv
O=C(CC(=O)N1CCOCC1)NC1CCCCC1,GIA-UNK-3f3-1,20200331_moonshot_to_enamine.csv
Cc1c(N)cncc1NC(=O)C(C)c1cccc(C#N)c1,TRY-UNI-714-21,20200331_moonshot_to_enamine.csv
Cc1ccncc1NC(=O)CCNC(=O)c1ccccc1F,PET-SGC-2e9-1,20200331_moonshot_to_enamine.csv
O=C(Nc1cnccc1Cl)c1cccc(Cl)c1,CHR-SOS-709-21,20200331_moonshot_to_enamine.csv
Cc1ccncc1NC(=O)CCNc1ccc(S(N)(=O)=O)cc1,GAB-REV-70c-3,20200331_moonshot_to_enamine.csv
Cc1ccncc1NC(=O)CCCBr,ALE-HEI-f28-12,20200331_moonshot_to_enamine.csv
CNC(=O)OC1CCN(C(=O)c2ccccc2)CC1,GIA-UNK-595-2,20200331_moonshot_to_enamine.csv
N#Cc1ccnc(CNC(=O)Cc2c[nH]c3ncccc23)c1,TRY-UNI-1fd-10,20200331_moonshot_to_enamine.csv
CC(=O)Nc1ccc(NCC(=O)Nc2cnccc2C)cc1,GAB-REV-70c-21,20200331_moonshot_to_enamine.csv
Cc1cccc(CC(=O)Nc2cccnc2C#N)c1,AGN-NEW-c7b-3,20200331_moonshot_to_enamine.csv
Cc1c(N)cncc1NC(=O)Cc1cccc(Cl)c1,TRY-UNI-714-3,20200331_moonshot_to_enamine.csv
CS(=O)(=O)NCCC(C(=O)Nc1cccnc1)c1ccccc1,ADA-UNI-f8e-2,20200331_moonshot_to_enamine.csv
CNCCC(C(=O)Nc1cccnc1)c1ccccc1,ADA-UNI-f8e-5,20200331_moonshot_to_enamine.csv
O=C(Nc1cccnc1)Nc1ccc(Cl)s1,DAR-DIA-842-4,20200331_moonshot_to_enamine.csv
Cc1ccncc1NC(=O)Nc1cccc(Cl)c1,TRY-UNI-714-12,20200331_moonshot_to_enamine.csv
Cc1ccncc1NC(=O)Nc1cccc(C#N)c1,TRY-UNI-714-24,20200331_moonshot_to_enamine.csv
Cc1ccncc1NC(=O)CCc1nc2cc(Cl)ccc2o1,GAB-REV-70c-22,20200331_moonshot_to_enamine.csv
Cc1c(N)cncc1NC(=O)C(C)c1ccccc1,TRY-UNI-714-14,20200331_moonshot_to_enamine.csv
COc1cc(Cl)cc(OC(=O)Nc2cccnc2)c1,AGN-NEW-891-1,20200331_moonshot_to_enamine.csv
Cc1c(N)cncc1NC(=O)Cc1cccc(C#N)c1,TRY-UNI-714-19,20200331_moonshot_to_enamine.csv
Cc1c(N)cncc1NC(=O)C(C)c1cccc(Cl)c1,TRY-UNI-714-15,20200331_moonshot_to_enamine.csv
Cc1ccncc1NC(=O)Nc1cncc(C#N)c1,CHR-SOS-363-2,20200331_moonshot_to_enamine.csv
Cc1c(N)cncc1NC(=O)Cc1ccccc1,TRY-UNI-714-2,20200331_moonshot_to_enamine.csv
N#Cc1cncc(NC(=O)Cc2cccnc2)c1,DAR-DIA-23a-6,20200331_moonshot_to_enamine.csv
COc1ccc2nccc(C(=O)NN)c2c1,AMD-U.A-3d2-1,20200331_moonshot_to_enamine.csv
CS(=O)(=O)NCCc1cccc(O)c1,ANT-DIA-b7f-2,20200331_moonshot_to_enamine.csv
CNC(=O)OC1CCN(Cc2ccccc2)CC1,GIA-UNK-595-5,20200331_moonshot_to_enamine.csv
O=C(Nc1cccnc1)Nc1cncc(Cl)c1,DAR-DIA-23a-15,20200331_moonshot_to_enamine.csv
N#Cc1ccc(Nc2ccc(NC(=O)Nc3cccnc3)cc2)nc1,MAK-UNK-30a-12,20200331_moonshot_to_enamine.csv
O=C(CC(=O)N1CCOCC1)Nc1ccccc1,GIA-UNK-3f3-2,20200331_moonshot_to_enamine.csv
Cc1c(N)cncc1NC(=O)CC1CCCCC1,TRY-UNI-714-1,20200331_moonshot_to_enamine.csv
Cc1ncncc1NC(=O)Nc1ccccc1,HAN-NEW-5f5-1,20200331_moonshot_to_enamine.csv
CN(C)CCc1c[nH]c2ccccc12,JOH-MSK-a63-10,20200331_moonshot_to_enamine.csv
Cc1ccncc1NC(=O)c1cccc(NC(=O)Nc2cccnc2)c1,MAK-UNK-129-11,20200331_moonshot_to_enamine.csv
Cc1c(N)cncc1NC(=O)Nc1ccccc1,TRY-UNI-714-8,20200331_moonshot_to_enamine.csv
CN(C)CCc1c[nH]c2ccc(O)cc12,JOH-MSK-a63-9,20200331_moonshot_to_enamine.csv
Cc1ccncc1NC(=O)C(C)C1CCCCC1,TRY-UNI-714-16,20200331_moonshot_to_enamine.csv
Cc1c(N)cncc1NC(=O)NC1CCCCC1,TRY-UNI-714-7,20200331_moonshot_to_enamine.csv
O=C(CCCBr)Nc1cccnc1,ALE-HEI-f28-14,20200331_moonshot_to_enamine.csv
Cc1ccncc1NC(=O)c1ccc(NC(=O)Nc2cccnc2)cc1,MAK-UNK-129-12,20200331_moonshot_to_enamine.csv
Cc1coc(NC(=O)Nc2cccnc2)n1,DAR-DIA-842-7,20200331_moonshot_to_enamine.csv
N#Cc1cncc(NC(=O)Nc2cccnc2)c1,CHR-SOS-363-1,20200331_moonshot_to_enamine.csv
N#Cc1cc(Cl)cc(NC(=O)Nc2cccnc2)c1,WAR-XCH-eb7-2,20200331_moonshot_to_enamine.csv
N#Cc1cccc(C(=O)Nc2ncc([N+](=O)[O-])s2)c1,GAB-FAC-0d2-1,20200331_moonshot_to_enamine.csv
CS(=O)(=O)Nc1cccc(C(=O)Oc2cccc(N3CCCC3=O)c2)c1,MAK-UNK-915-7,20200331_moonshot_to_enamine.csv
O=C(Nc1ccc([N+](=O)[O-])cc1Cl)c1cccc(Cl)c1,CHR-SOS-709-2,20200331_moonshot_to_enamine.csv
N#Cc1cccc(CNc2ccc(O)cc2)c1,MIH-UNI-6b9-5,20200331_moonshot_to_enamine.csv
Cc1nnc(NC(=O)Nc2cccnc2)s1,ALE-HEI-f28-4,20200331_moonshot_to_enamine.csv
NS(=O)(=O)c1ccc(N2CCC(CN3CCCCCC3)CC2)cc1,WAR-XCH-b72-20,20200331_moonshot_to_enamine.csv
CC(=O)N1CCN(S(=O)(=O)c2ccsc2)CC1,MAK-UNK-4c6-1,20200331_moonshot_to_enamine.csv
COc1ccnc(NC(=O)Cc2ccc3ccccc3c2)c1,ÁLV-UNI-7ff-47,20200331_moonshot_to_enamine.csv
NS(=O)(=O)c1ccc(N2CCC([C@@H]3CCCO3)CC2)cc1,WAR-XCH-b72-18,20200331_moonshot_to_enamine.csv
NS(=O)(=O)c1ccc(N2CCC(CN3CCCCC3)CC2)cc1,WAR-XCH-b72-19,20200331_moonshot_to_enamine.csv
COCC1CCN(c2ccc(S(N)(=O)=O)cc2)CC1,WAR-XCH-b72-23,20200331_moonshot_to_enamine.csv
NS(=O)(=O)c1ccc(N2CCC(c3ccsc3)CC2)cc1,WAR-XCH-b72-16,20200331_moonshot_to_enamine.csv
NS(=O)(=O)c1ccc(N2CCC(c3nc4ccccc4s3)CC2)cc1,WAR-XCH-b72-8,20200331_moonshot_to_enamine.csv
Cc1ccccc1CN1CCN(C(=O)C(F)C(C)C)CC1,JON-UIO-066-9,20200331_moonshot_to_enamine.csv
COC1CCN(c2ccc(S(N)(=O)=O)cc2)CC1,WAR-XCH-b72-9,20200331_moonshot_to_enamine.csv
C[C@H](NC(=O)[C@@H](C)c1ccc(F)c(F)c1)c1cccc(F)c1,JON-UIO-066-7,20200331_moonshot_to_enamine.csv
O=C(Cc1ccc2ccccc2c1)Nc1cc(C(F)(F)F)ccn1,ÁLV-UNI-7ff-46,20200331_moonshot_to_enamine.csv
CC(C)N(C)CC1CCN(c2ccc(S(N)(=O)=O)cc2)CC1,WAR-XCH-b72-48,20200331_moonshot_to_enamine.csv
CC(=O)N1CCN(Cc2cc(O)cc(Cl)c2)CC1,KIM-UNI-2ee-1,20200331_moonshot_to_enamine.csv
CCN(C)CC1CCN(c2ccc(S(N)(=O)=O)cc2)CC1,WAR-XCH-b72-49,20200331_moonshot_to_enamine.csv
CC(NC1CCN(c2ccc(S(N)(=O)=O)cc2)CC1)c1ccc(F)cc1,WAR-XCH-b68-48,20200331_moonshot_to_enamine.csv
NS(=O)(=O)c1ccc(N2CCC(N3CCCCC3)CC2)cc1,WAR-XCH-b72-10,20200331_moonshot_to_enamine.csv
NS(=O)(=O)c1ccc(N2CCSCC2)cc1,WAR-XCH-b72-1,20200331_moonshot_to_enamine.csv
NS(=O)(=O)c1ccc(N2CCC(Nc3ccc(F)cc3)CC2)cc1,WAR-XCH-b68-26,20200331_moonshot_to_enamine.csv
CNS(=O)(=O)c1ccc(C(C)NC(=O)NC(C)(C)C)cc1,VIJ-CYC-1a3-11,20200331_moonshot_to_enamine.csv
NS(=O)(=O)c1ccc(N2CCC(Nc3ccccc3)CC2)cc1,WAR-XCH-b68-29,20200331_moonshot_to_enamine.csv
Cc1cccc(NC2CCN(c3ccc(S(N)(=O)=O)cc3)CC2)c1,WAR-XCH-b68-27,20200331_moonshot_to_enamine.csv
NS(=O)(=O)c1ccc(N2CCC(N3CCCCCC3)CC2)cc1,WAR-XCH-b72-11,20200331_moonshot_to_enamine.csv
NS(=O)(=O)c1ccc(N2CCC(c3ccncc3)CC2)cc1,WAR-XCH-b72-15,20200331_moonshot_to_enamine.csv
CC(=O)N1CCCc2cc(NCc3ccc(F)cc3Cl)ccc21,MIC-IOC-304-2,20200331_moonshot_to_enamine.csv
CC(=O)N1CCN(S(=O)(=O)c2c(F)cccc2F)CC1,MAK-UNK-643-6,20200331_moonshot_to_enamine.csv
CC(C)NC1CCN(c2ccc(S(N)(=O)=O)cc2)CC1,WAR-XCH-b68-23,20200331_moonshot_to_enamine.csv
NS(=O)(=O)c1ccc(N2CCC(CO)CC2)cc1,WAR-XCH-b72-14,20200331_moonshot_to_enamine.csv
O=C(NCCN1CCN(c2ccccc2)CC1)NCc1ccccn1,TRI-UNI-974-1,20200331_moonshot_to_enamine.csv
Cc1cccc(NC2CCN(C(=O)CCl)CC2)c1,NIR-THE-0d6-1,20200331_moonshot_to_enamine.csv
CS(=O)(=O)NCCCN1CCCc2ccc(S(N)(=O)=O)cc21,PET-SGC-abc-1,20200331_moonshot_to_enamine.csv
O=C(NCc1cccnn1)NC(Cc1ccccc1)c1cccs1,BAR-COM-4e0-29,20200331_moonshot_to_enamine.csv
Cc1ccccc1CNc1ccccc1NC(=O)C(O)c1cccnc1,BAR-COM-4e0-3,20200331_moonshot_to_enamine.csv
CCC(NC(=O)C(C)n1cncn1)c1ccccc1OCC(=O)N1CCCC1,BAR-COM-4e0-31,20200331_moonshot_to_enamine.csv
O=C(NCc1cccnn1)Nc1cccc(-c2ncc3n2CCCC3)c1,BAR-COM-4e0-23,20200331_moonshot_to_enamine.csv
CN1CCN(C(=O)c2ccccc2NC(=O)C(O)c2cccnc2)CC1,BAR-COM-4e0-24,20200331_moonshot_to_enamine.csv
CCC(NC(=O)NCc1cnccn1)c1ccccc1OCC(=O)N1CCCC1,BAR-COM-4e0-27,20200331_moonshot_to_enamine.csv
O=C(NCc1ccno1)c1ccccc1Oc1ccc(Cl)cc1Cl,BAR-COM-4e0-42,20200331_moonshot_to_enamine.csv
O=C(NCc1noc2ccccc12)c1ccccc1OCC1CC1,BAR-COM-4e0-43,20200331_moonshot_to_enamine.csv
CC1CC(C)CN(C(=O)c2ccccc2NC(=O)NCc2ccoc2)C1,BAR-COM-4e0-44,20200331_moonshot_to_enamine.csv
O=C(Cc1cccnc1Br)Nc1cccc(OCCn2cncn2)c1,BAR-COM-4e0-35,20200331_moonshot_to_enamine.csv
COC(=O)C(Cc1ccccc1)C(C)NC(=O)C(C)n1ccnc1,BAR-COM-4e0-36,20200331_moonshot_to_enamine.csv
Cc1noc(CC(NC(=O)C(C)Cn2ccnc2)c2ccccc2)n1,BAR-COM-4e0-38,20200331_moonshot_to_enamine.csv
O=C(NCCNc1cccnn1)c1ccccc1NS(=O)(=O)c1cc(F)ccc1F,BAR-COM-4e0-10,20200331_moonshot_to_enamine.csv
O=C(Cc1cncnc1)Nc1cccc(CCCc2ccccc2)c1,BAR-COM-4e0-11,20200331_moonshot_to_enamine.csv
N#Cc1cnn(-c2ccccc2NC(=O)Cc2ccn[nH]2)c1N,BAR-COM-4e0-14,20200331_moonshot_to_enamine.csv
Cc1cccc(C)c1OCC(=O)NCCc1ccccc1,ALE-UNK-fca-3,20200331_moonshot_to_enamine.csv
O=C(COc1ccccc1)NCCc1ccccc1,ALE-UNK-fca-4,20200331_moonshot_to_enamine.csv
COc1cccc(NC(=O)Nc2cccc(C#N)c2)c1,ANN-UNI-263-6,20200331_moonshot_to_enamine.csv
CC(C(=O)Nc1cccc(NC2CCCC2)c1)c1cnccn1,BAR-COM-4e0-20,20200331_moonshot_to_enamine.csv
NC(=O)C1Cc2ccccc2N(CC(=O)Nc2cnccn2)C1,BAR-COM-4e0-21,20200331_moonshot_to_enamine.csv
COc1cc(CNC(=O)Cc2ncc[nH]2)c2ccccc2n1,BAR-COM-4e0-22,20200331_moonshot_to_enamine.csv
CCc1nnnn1-c1ccccc1NC(=O)C1(c2cncc(Br)c2)CC1,BAR-COM-4e0-16,20200331_moonshot_to_enamine.csv
CC1CC(C)CN(C(=O)c2ccccc2NC(=O)NCc2ccncn2)C1,BAR-COM-4e0-17,20200331_moonshot_to_enamine.csv
O=C(NC(Cc1ccccc1)C(=O)NCc1ccno1)OCc1ccccc1,BAR-COM-4e0-19,20200331_moonshot_to_enamine.csv
CS(=O)(=O)NCC[C@H]1CCCCN1CC(=O)Nc1cccnc1,BEN-DND-362-10,20200331_moonshot_to_enamine.csv
NC(=O)[C@@H]1CN(Cc2cccnc2)C[C@H]1c1ccccc1,DUN-NEW-d83-1,20200331_moonshot_to_enamine.csv
CS(=O)(=O)NCCN1CCCc2ccc(S(N)(=O)=O)cc21,DUN-NEW-f8c-14,20200331_moonshot_to_enamine.csv
O=C(NCc1cccnc1)Nc1cccc(OCC(F)F)n1,BAR-COM-4e0-69,20200331_moonshot_to_enamine.csv
Cc1cccc(-c2nnnn2C2CC2C)c1NC(=O)CCc1cccnc1,BAR-COM-4e0-8,20200331_moonshot_to_enamine.csv
Cc1noc(C)c1COc1ccccc1C(=O)NC(C)c1nnc2ncccn12,BAR-COM-4e0-9,20200331_moonshot_to_enamine.csv
O=C(C1CCCN1C(=O)c1ccccc1)N1CCOCC1,GIA-UNK-d2d-6,20200331_moonshot_to_enamine.csv
O=C(c1ccccc1)N1CCN(C(=O)C2CCOCC2)CC1,GIA-UNK-eaa-1,20200331_moonshot_to_enamine.csv
O=C(CC(=O)N1CCOCC1)NCc1ccccc1,GIA-UNK-3f3-6,20200331_moonshot_to_enamine.csv
Cc1ccncc1NC(=O)Cc1ccc(S(N)(=O)=O)cc1,GAB-REV-70c-20,20200331_moonshot_to_enamine.csv
O=C(NC1CCCCC1NC(=O)c1ccncc1)c1ccccc1,GIA-UNK-d2d-2,20200331_moonshot_to_enamine.csv
CN1CCC(C(=O)NC2CCCCC2NC(=O)c2ccccc2)CC1,GIA-UNK-d2d-4,20200331_moonshot_to_enamine.csv
Cn1cncc1CNC(=O)Nc1cccc(OCC(F)F)n1,BAR-COM-4e0-52,20200331_moonshot_to_enamine.csv
CC(C(=O)Nc1cccc(OC2CC(=O)N2)c1)c1cnccn1,BAR-COM-4e0-53,20200331_moonshot_to_enamine.csv
O=C(NCc1cccnn1)Nc1cccc(OCCN2CCOCC2)c1,BAR-COM-4e0-54,20200331_moonshot_to_enamine.csv
O=C(CCn1ccnn1)NC(CN1CCOCC1)c1ccccc1,BAR-COM-4e0-45,20200331_moonshot_to_enamine.csv
Nc1ncncc1CNC(=O)Nc1ccccc1OCCn1ccnc1,BAR-COM-4e0-5,20200331_moonshot_to_enamine.csv
CCn1c(=O)n(CC(=O)NCc2cnccn2)c2ccccc21,BAR-COM-4e0-51,20200331_moonshot_to_enamine.csv
O=C(NCc1cccnn1)Nc1cccc(N2CCC2=O)c1,BAR-COM-4e0-60,20200331_moonshot_to_enamine.csv
CC(NC(=O)c1ccccc1OCC(N)=O)c1cnn(C)c1,BAR-COM-4e0-62,20200331_moonshot_to_enamine.csv
CC(c1cccc(NC(=O)Cc2cnccc2Cl)c1)N1CCOCC1,BAR-COM-4e0-66,20200331_moonshot_to_enamine.csv
CC(OCC1CCCCO1)C(=O)N(CCc1ccccc1)Cc1cccnc1,BAR-COM-4e0-55,20200331_moonshot_to_enamine.csv
O=C(Nc1ccnnc1)NC(Cc1ccccc1)C(=O)N1CCCC1,BAR-COM-4e0-56,20200331_moonshot_to_enamine.csv
O=C(Nc1ccccc1NS(=O)(=O)c1ccc(F)cc1)C(O)c1cccnc1,BAR-COM-4e0-57,20200331_moonshot_to_enamine.csv
Cc1ccncc1NC(=O)Nc1ccccc1,ALE-HEI-f28-1,20200331_moonshot_to_enamine.csv
Cc1nnc(CC(=O)Nc2cccnc2)s1,ALE-HEI-f28-5,20200331_moonshot_to_enamine.csv
N#Cc1cccc(CC(=O)Nc2cccnc2)c1,ANN-UNI-263-5,20200331_moonshot_to_enamine.csv
CS(=O)(=O)NCCc1ccccc1O,ANT-DIA-b7f-3,20200331_moonshot_to_enamine.csv
O=C(Cc1cccnc1Cl)Nc1cccc(OCCc2ccccc2)c1,BAR-COM-4e0-15,20200331_moonshot_to_enamine.csv
Nc1nnnn1-c1cccc(C(=O)Nc2c(-c3cccnc3)nc3ccccn23)c1,BAR-COM-4e0-2,20200331_moonshot_to_enamine.csv
CC(NC(=O)c1ccccc1OC1CCCCC1)c1cnccn1,BAR-COM-4e0-26,20200331_moonshot_to_enamine.csv
O=C(CCc1cnn[nH]1)NC(Cn1cccn1)c1ccccc1,BAR-COM-4e0-30,20200331_moonshot_to_enamine.csv
O=C(NCC(O)Cn1ccnn1)c1ccccc1OC1CCC1,BAR-COM-4e0-34,20200331_moonshot_to_enamine.csv
O=C(Cc1cncnc1)Nc1cccc(OC2CC(=O)N2)c1,BAR-COM-4e0-39,20200331_moonshot_to_enamine.csv
CC1CN(Cc2ccccc2NC(=O)NCc2cnsc2)CC(C)O1,BAR-COM-4e0-4,20200331_moonshot_to_enamine.csv
O=C(NCc1cnn2ccccc12)c1cccnc1OCCO,BAR-COM-4e0-40,20200331_moonshot_to_enamine.csv
Cn1cc(CNC(=O)N(CCc2ccccc2)Cc2cccnc2)nn1,BAR-COM-4e0-47,20200331_moonshot_to_enamine.csv
N#CCOc1ccccc1C(=O)NCc1cnsc1,BAR-COM-4e0-49,20200331_moonshot_to_enamine.csv
O=C(Cc1ccccc1OC1CCOC1)OCc1cnn[nH]1,BAR-COM-4e0-50,20200331_moonshot_to_enamine.csv
O=C(NCc1cncs1)Nc1cccc(N2CCOCC2)c1,BAR-COM-4e0-58,20200331_moonshot_to_enamine.csv
Cn1nncc1CC(=O)NC(c1ccccc1)c1nc2ccccc2n1C,BAR-COM-4e0-6,20200331_moonshot_to_enamine.csv
O=C(NCc1ccns1)Nc1cccc(CN2CCCC2=O)c1,BAR-COM-4e0-61,20200331_moonshot_to_enamine.csv
CC1CCCC(OCc2cccc(NC(=O)NC(C)c3ccn[nH]3)c2)C1,BAR-COM-4e0-63,20200331_moonshot_to_enamine.csv
O=C(NCc1cnccn1)c1sc2cccc(F)c2c1COc1ccccc1,BAR-COM-4e0-64,20200331_moonshot_to_enamine.csv
O=C(NCc1ccno1)c1ccccc1OC1CCCCC1,BAR-COM-4e0-65,20200331_moonshot_to_enamine.csv
O=C(Nc1cccc(-c2cc[nH]n2)c1)C(O)c1cccnc1,BAR-COM-4e0-68,20200331_moonshot_to_enamine.csv
CC(NC(=O)C(Cc1ccccc1)NC(=O)c1ccco1)c1ncco1,BAR-COM-4e0-7,20200331_moonshot_to_enamine.csv
O=C(CC1(c2ccccc2)CCCC1)Nc1cccnc1,CHR-SOS-f73-4,20200331_moonshot_to_enamine.csv
O=C(Nc1ccc([N+](=O)[O-])cc1)c1cc(Cl)ccc1O,CHR-SOS-709-3,20200331_moonshot_to_enamine.csv
O=C(Nc1ccc([N+](=O)[O-])cc1)c1ccccc1O,CHR-SOS-709-5,20200331_moonshot_to_enamine.csv
N#Cc1cncc(CC(=O)Nc2cccnc2)c1,DAR-DIA-23a-17,20200331_moonshot_to_enamine.csv
N#Cc1cccc(NC(=O)Cc2cncc3ccccc23)c1,DAR-DIA-23a-19,20200331_moonshot_to_enamine.csv
O=C(Cc1cncc2ccccc12)Nc1ccccc1,DAR-DIA-23a-20,20200331_moonshot_to_enamine.csv
Cc1cnc(CC(=O)Nc2cccnc2)o1,DAR-DIA-842-16,20200331_moonshot_to_enamine.csv
Cc1ccc(NC(=O)Nc2cccnc2)s1,DAR-DIA-842-3,20200331_moonshot_to_enamine.csv
O=C(C1CCN(c2ccncc2)CC1)N1CCCCC1,GIA-UNK-30c-1,20200331_moonshot_to_enamine.csv
O=C(C1CCN(c2ccncc2)CC1)N1CCOCC1,GIA-UNK-30c-2,20200331_moonshot_to_enamine.csv
O=C(C1CCN(c2ccncc2)CC1)N1CCS(=O)(=O)CC1,GIA-UNK-30c-3,20200331_moonshot_to_enamine.csv
CC(=O)N1CCN(C(=O)Cc2ccccn2)CC1,JON-UIO-066-3,20200331_moonshot_to_enamine.csv
O=S(=O)(NCCc1ccccc1)c1ccoc1,MIH-UNI-6b9-6,20200331_moonshot_to_enamine.csv
CC(=O)N1CCN(Cc2cn(-c3cccc(S(N)(=O)=O)c3)nn2)CC1,NIM-UNI-022-3,20200331_moonshot_to_enamine.csv
C#Cc1ccc(CNC(=O)N2CCOCC2)cc1,PAT-GYR-359-1,20200331_moonshot_to_enamine.csv
Cc1ccncc1NC(=O)Cc1cccc(C#N)c1,TRY-UNI-714-20,20200331_moonshot_to_enamine.csv
Cc1ccncc1NC(=O)C(C)c1cccc(C#N)c1,TRY-UNI-714-22,20200331_moonshot_to_enamine.csv
Cc1ccncc1NC(=O)Cc1ccccc1,TRY-UNI-714-5,20200331_moonshot_to_enamine.csv
C=CC(=O)NCc1ccc(C(C)NC(=O)OC(C)(C)C)cc1,VIJ-CYC-1a3-10,20200331_moonshot_to_enamine.csv
CC(C)[C@@H](C#N)NS(=O)(=O)c1ccc(CF)cc1,VIJ-CYC-1a3-12,20200331_moonshot_to_enamine.csv
COC(=O)c1sc(NS(=O)(=O)c2ccc(CF)cc2)nc1C(C)(C)C,VIJ-CYC-1a3-13,20200331_moonshot_to_enamine.csv
C=C1CC1C(=O)NC(C)c1ccc(S(=O)(=O)NC)cc1,VIJ-CYC-1a3-5,20200331_moonshot_to_enamine.csv
CCOCC1CCN(c2ccc(S(N)(=O)=O)cc2)CC1,WAR-XCH-b68-20,20200331_moonshot_to_enamine.csv
Cc1ccc(NC2CCN(c3ccc(S(N)(=O)=O)cc3)CC2)cc1,WAR-XCH-b68-25,20200331_moonshot_to_enamine.csv
Cc1ccccc1NC1CCN(c2ccc(S(N)(=O)=O)cc2)CC1,WAR-XCH-b68-30,20200331_moonshot_to_enamine.csv
NS(=O)(=O)c1ccc(-c2ccsc2)cc1,WAR-XCH-b72-3,20200331_moonshot_to_enamine.csv
CCSCC1CCN(c2ccc(S(N)(=O)=O)cc2)CC1,WAR-XCH-b72-39,20200331_moonshot_to_enamine.csv
Cc1ccncc1-c1ccc(S(N)(=O)=O)cc1,WAR-XCH-b72-4,20200331_moonshot_to_enamine.csv
NS(=O)(=O)c1ccc(N2CCC(c3ccco3)CC2)cc1,WAR-XCH-b72-7,20200331_moonshot_to_enamine.csv
NC(=O)[C@@H]1CN(C2CCOCC2)C[C@H]1c1ccccc1,DUN-NEW-f8c-1,20200331_moonshot_to_enamine.csv
O=C(NC1CCCCC1NC(=O)C1CCCCC1)c1ccncc1,GIA-UNK-d2d-1,20200331_moonshot_to_enamine.csv
CN1CCC(C(=O)NC2CCCCC2NC(=O)C2CCCCC2)CC1,GIA-UNK-d2d-3,20200331_moonshot_to_enamine.csv
COc1cc(NC(=O)C(=O)Nc2cc(OC)c(OC)c(OC)c2)cc(OC)c1OC,ANT-LOU-17a-2,20200429_moonshot_to_enamine.csv
O=S1(=O)CCC(N2CCN(c3nc(-c4cccnc4)nc4ccccc34)CC2)C1,AUS-ARG-7cf-15,20200429_moonshot_to_enamine.csv
Cc1ccccc1C(C(=O)NCC(O)Cn1ccnn1)c1ccccc1,BAR-COM-4e0-12,20200429_moonshot_to_enamine.csv
Cc1ccc(Oc2cccc(NC(=O)NCc3cnnn3C)c2)c(C)c1,BAR-COM-4e0-48,20200429_moonshot_to_enamine.csv
COC(=O)[C@H](CO)NC(=O)[C@H](Cc1ccccc1)NC(=O)OCc1ccccc1,FAR-UNI-a04-1,20200429_moonshot_to_enamine.csv
Cc1ccc(S(=O)(=O)Nc2c(-c3cccnc3)nc3ccccn23)c(C)c1,FRA-BIO-8bf-1,20200429_moonshot_to_enamine.csv
O=S(=O)(Cc1nc(-c2ccncc2)no1)Nc1ccc(N2CCCCC2)cc1,FRA-BIO-8bf-12,20200429_moonshot_to_enamine.csv
O=C(Cn1cccn1)N1CCN(S(=O)(=O)c2cccc(F)c2)CC1,IND-SYN-6c8-7,20200429_moonshot_to_enamine.csv
NS(=O)(=O)c1ccc(C(=O)N2Cc3ccccc3C(c3ccccc3)C2)cc1,JAR-IMP-ed4-13,20200429_moonshot_to_enamine.csv
O=C(c1cc2sccc2s1)N1CCOC(CN2CCOCC2)C1,JAR-KUA-672-1,20200429_moonshot_to_enamine.csv
CN1CCN(C(=O)CNc2c(S(N)(=O)=O)ccc3ccccc23)CC1,JAR-KUA-672-3,20200429_moonshot_to_enamine.csv
CCSc1cc(Cn2c(C3CCC(=O)N3)nnc2N2CCC(C(N)=O)CC2)ccn1,KUS-THE-322-12,20200429_moonshot_to_enamine.csv
CC(C)N1CCC(O)(Cn2c(-c3ccc[nH]3)nnc2N(C)Cc2cnn(C)c2)CC1,KUS-THE-322-13,20200429_moonshot_to_enamine.csv
CC(C)(Cn1c(C2CCC(=O)N2)nnc1N1CCCC(C(N)=O)C1)c1ccccc1F,KUS-THE-322-14,20200429_moonshot_to_enamine.csv
CC(=O)N1CCN(c2nnc(C3CCC(=O)N3)n2CC(=O)Nc2c(C)cccc2C)CC1,KUS-THE-322-15,20200429_moonshot_to_enamine.csv
NC(=O)C1CCN(c2nnc(C3CCC(=O)N3)n2CCc2cc(F)cc(F)c2)CC1,KUS-THE-322-16,20200429_moonshot_to_enamine.csv
O=S(=O)(NC1CCCCCC1)c1ccsc1-c1nc(C2CCCN2)no1,KUS-THE-322-20,20200429_moonshot_to_enamine.csv
Cc1nc(Cn2c(C3CCC(=O)N3)nnc2N2CCNC(=O)C2)sc1C,KUS-THE-322-21,20200429_moonshot_to_enamine.csv
Cc1nnc(Cn2c(C3CCC(=O)N3)nnc2N2CCNC(=O)C2)s1,KUS-THE-322-22,20200429_moonshot_to_enamine.csv
Cc1nc(CCn2c(C3CCC(=O)N3)nnc2N2CCOC(C)(C)C2)n[nH]1,KUS-THE-322-5,20200429_moonshot_to_enamine.csv
OC1(Cn2c(-c3cc(Br)c[nH]3)nnc2N2CCCC2)CCCCCC1,KUS-THE-322-6,20200429_moonshot_to_enamine.csv
O=C1CN(c2nnc(C3CCC(=O)N3)n2CCn2cc(Cl)cn2)CCN1,KUS-THE-322-7,20200429_moonshot_to_enamine.csv
COc1cccc(CNC(=O)N2CCN(C(=O)N3CCCCC3)CC2)c1,LUI-IND-2c4-3,20200429_moonshot_to_enamine.csv
CS(=O)(=O)Nc1cccc(C(=O)OCC(=O)Nc2cccc(N3CCCC3=O)c2)c1,MAK-UNK-915-4,20200429_moonshot_to_enamine.csv
O=C(Nc1ccc(Oc2ncccn2)cc1)C(=O)N1CCN(Cc2cccs2)CC1,MAK-UNK-b1d-3,20200429_moonshot_to_enamine.csv
CC(=O)N[C@@H](Cc1ccc(O)cc1)C(=O)NCc1ccc(Br)cc1,NIC-BIO-a68-5,20200429_moonshot_to_enamine.csv
CN(C)C(=O)C[C@@H]1CN(C(=O)c2cnn3c2CCC3)c2ccc(Cl)cc21,RAI-NOV-2f6-1,20200429_moonshot_to_enamine.csv
NCCn1cc(C(=O)N2CC3(CCC3)c3cc(Br)ccc32)cn1,RAI-NOV-2f6-5,20200429_moonshot_to_enamine.csv
OC[C@@]1(F)CCN(c2nc(-c3cccnc3)nc3sc4c(c23)CCC4)C1,RAI-NOV-2f6-7,20200429_moonshot_to_enamine.csv
CNCCN(C)C(=O)C(=O)N1Cc2ccccc2C(c2ccccc2)C1,REN-UFA-aaa-5,20200429_moonshot_to_enamine.csv
CN(CCC(N)=O)C(=O)C(=O)N1Cc2ccccc2C(c2ccccc2)C1,REN-UFA-aaa-6,20200429_moonshot_to_enamine.csv
CCc1ccccc1Nc1nc(N)nc(CSc2nnc3ccccn23)n1,SER-UNI-985-4,20200429_moonshot_to_enamine.csv
Cc1ccc(S(=O)(=O)N2CCC(NC(=O)N(C)Cc3cc(C)on3)CC2)cc1,SIM-SYN-309-1,20200429_moonshot_to_enamine.csv
Cc1ccc(S(=O)(=O)N2CCN(C(=O)N(C)Cc3cccnc3)CC2)cc1,SIM-SYN-309-3,20200429_moonshot_to_enamine.csv
O=C(Cc1c[nH]c2ncccc12)N1CCC(N2CCCS2(=O)=O)CC1,SWA-SYN-642-10,20200429_moonshot_to_enamine.csv
O=C(Cc1c[nH]c2ncccc12)N1CCN(S(=O)(=O)c2c(F)cccc2F)CC1,SWA-SYN-642-4,20200429_moonshot_to_enamine.csv
CNC(=O)c1ccc(CS(=O)(=O)NCC(F)(F)c2ccc(F)cc2F)cc1,VIJ-CYC-1a3-3,20200429_moonshot_to_enamine.csv
